Company_Code,Company_Name,Article_Title,Article_Date,ESG_Relevance_Score,Is_ESG_Relevant,Matched_ESG_Keywords,Matched_Non_ESG_Keywords,Rejection_Reason,Analysis_Date
TCS,Tata Consultancy Services,"Infosys, TCS, other IT heavyweights drop 1%, IT index snaps 2-day gaining streak amid weak market Several IT stocks declined on May 27, pushing the Nifty IT index down into the red to snap its two-day",2025-05-27,-3,False,,"share price, nifty, sensex",Low ESG relevance or finance-only context,2026-10-04
TCS,Tata Consultancy Services,"TCS shares hit 52-week low on BSE, fall 0.8% Shares of Tata Consultancy Services (TCS) touched a 52-week low of Rs 3,055 on the BSE in early trade. At 9:36 am, the stock was trading down 0.8% on BSE. ",2025-07-29,-1,False,,nifty,Low ESG relevance or finance-only context,2026-10-04
TCS,Tata Consultancy Services,"Tata Consultancy Services shares fall 1.49% in today's session; over 18.4 lakh shares traded Shares of Tata Consultancy Services were trading lower at Rs 3,217.30 on the NSE, a decline of 1.49% from t",2025-07-14,0,False,,,Low ESG relevance or finance-only context,2026-10-04
TCS,Tata Consultancy Services,"Nifty IT index tops the chart after gaining Rs 1.16 lakh crore in value in nine sessions with eight up days The shares of TCS and Infosys were among the leading contributor on Sensex, as IT companies ",2025-06-16,-1,False,environment,"nifty, sensex",Low ESG relevance or finance-only context,2026-10-04
TCS,Tata Consultancy Services,"Tata Consultancy Services shares fall marginally in early trade Shares of Tata Consultancy Services were trading at Rs 3,028.50 on the NSE at 09:30 am, a marginal decline of 0.27% from the previous cl",2025-08-01,0,False,labor,nifty,Low ESG relevance or finance-only context,2026-10-04
TCS,Tata Consultancy Services,"Tata Consultancy Services shares fall marginally in afternoon trade Shares of Tata Consultancy Services were trading at Rs 3,189.90 in Friday's session, a decline of 0.60% from the previous close. The",2025-07-18,0,False,,,Low ESG relevance or finance-only context,2026-10-04
TCS,Tata Consultancy Services,"Nifty IT sharply down on selloff after Fed's inflation, tariff view; Wipro sole gainer on upgrade Shares of IT companies were sharply lower on June 19, after the US Federal Reserve kept key interest r",2025-06-19,-2,False,,"target price, nifty",Low ESG relevance or finance-only context,2026-10-04
TCS,Tata Consultancy Services,"Tata Consultancy Services shares fall 1.42%; among top losers on Nifty 50 Shares of Tata Consultancy Services declined by 1.42% to Rs 3,091.20 in Monday's session, making it among the top losers on Ni",2025-07-28,-1,False,,nifty,Low ESG relevance or finance-only context,2026-10-04
TCS,Tata Consultancy Services,"Buy Tata Consultancy Services; target of Rs 3900: Sharekhan Sharekhan's research report on Tata Consultancy Services  Reported revenue stood at $7,421 million, down 0.6% q-o-q/ 1.1% y-o-y, missing our",2025-07-11,0,False,,,Low ESG relevance or finance-only context,2026-10-04
TCS,Tata Consultancy Services,"Sensex settles nearly 600 pts lower, Nifty below 24,700: FII selling, rising India VIX among key factors behind market fall The equity benchmark indices Sensex and Nifty declined for the third day on ",2025-07-28,-4,False,,"intraday, resistance, nifty, sensex",Low ESG relevance or finance-only context,2026-10-04
TCS,Tata Consultancy Services,"Tata Consultancy Services shares decline marginally after change in last 1 hour Shares of Tata Consultancy Services were trading at Rs 3,055.10, a decline of 0.63% in Tuesday's session. According to d",2025-08-05,-1,False,,nifty,Low ESG relevance or finance-only context,2026-10-04
TCS,Tata Consultancy Services,"Sensex falls 700 pts, Nifty below 25,150: Selling in IT stocks among key factors behind market decline The benchmark stock indices Sensex and Nifty settled lower on Friday for the third session in a r",2025-07-11,-3,False,,"q1 results, nifty, sensex",Low ESG relevance or finance-only context,2026-10-04
TCS,Tata Consultancy Services,"Tata Consultancy Services shares fall 0.76% in early trade Shares of Tata Consultancy Services were trading lower in Monday's session. At 09:30 am, the stock was priced at Rs 3,241.10 on the NSE, a de",2025-07-14,0,False,,,Low ESG relevance or finance-only context,2026-10-04
TCS,Tata Consultancy Services,"Tata Consultancy Services shares trade marginally up; over 6.5 lakh shares traded Shares of Tata Consultancy Services were trading higher in Tuesday's session. At 10:20 am, the stock was priced at Rs ",2025-07-15,0,False,,,Low ESG relevance or finance-only context,2026-10-04
TCS,Tata Consultancy Services,"Tata Consultancy Services share price falls in early trade Shares of Tata Consultancy Services were trading lower in Monday's morning session, with the stock currently priced at Rs 3,242, a decline of",2025-07-14,-1,False,,share price,Low ESG relevance or finance-only context,2026-10-04
TCS,Tata Consultancy Services,"Tata Consultancy Services shares fall 0.58% in early trade Shares of Tata Consultancy Services were trading lower in Wednesday's session, with the stock priced at Rs 3,046.20, a 0.58% decrease from th",2025-08-06,-1,False,,stock price,Low ESG relevance or finance-only context,2026-10-04
TCS,Tata Consultancy Services,"Markets at 5-week high: Sensex soars 900 pts, Nifty above 23,200 on Fed boost; all sectors in green Benchmark equity indices surged over 1 percent on Thursday, with the Nifty reclaiming the crucial 23",2025-03-20,-4,False,,"intraday, resistance, nifty, sensex",Low ESG relevance or finance-only context,2026-10-04
TCS,Tata Consultancy Services,"Tata Sons plans $400-mn fund infusion into struggling e-commerce biz Tata Digital Tata Sons, the holding company at the helm of the $100-billion Tata group, is preparing to inject a crucial dose of ca",2025-07-17,0,False,,,Low ESG relevance or finance-only context,2026-10-04
TCS,Tata Consultancy Services,"Sensex falls 400 pts from day's high, Nifty below 24,850: 3 reasons behind market decline The equity benchmark indices erased early gains and turned lower by noon on Wednesday as geopolitical tensions",2025-06-18,-2,False,,"nifty, sensex",Low ESG relevance or finance-only context,2026-10-04
TCS,Tata Consultancy Services,"Trade Spotlight: How should you trade TCS, Cipla, Torrent Pharma, NCC, Paytm, SBI Life Insurance, UPL, Syrma SGS Technology and others on July 29? Equity benchmarks started off the monthly F&amp;amp;O",2025-07-29,-3,False,,"candlestick, support level, nifty",Low ESG relevance or finance-only context,2026-10-04
TCS,Tata Consultancy Services,"IT, metal, realty stocks tumble up to 4% as Trump's tariffs, FOMC meet outcome weigh The shares of IT, metal and realty companies tumbled in morning trade on July 31 as Trump’s tariffs and penalty on ",2025-07-31,0,False,"environment, penalty","nifty, sensex",Low ESG relevance or finance-only context,2026-10-04
TCS,Tata Consultancy Services,"Sensex, Nifty hit eight-month low on US growth concerns; banking, IT stocks take a hit India's benchmark indexes slumped to their lowest levels in eight months, down 0.9 percent by noon on February 24",2025-02-24,-3,False,green energy,"target price, intraday, nifty, sensex",Low ESG relevance or finance-only context,2026-10-04
TCS,Tata Consultancy Services,"Tata Consultancy Services shares gain 0.44% in morning trade Shares of Tata Consultancy Services were trading higher in Tuesday's session. The stock is currently trading at Rs 3,236.80 on the NSE, a 0",2025-07-15,0,False,,,Low ESG relevance or finance-only context,2026-10-04
TCS,Tata Consultancy Services,"Persistent, TechM, other IT stocks drop up to 4% amid escalating US-China trade tensions The shares of IT companies tumbled on June 2 amid escalating trade tensions between US and China. The sharp fal",2025-06-02,-2,False,,"share price, nifty",Low ESG relevance or finance-only context,2026-10-04
TCS,Tata Consultancy Services,"Tata Consultancy Services share price declines nearly 1% in previous session Shares of Tata Consultancy Services (TCS) closed at Rs 3,148 in the previous session, a decline of 0.98% and the stock is i",2025-07-25,-2,False,,"share price, nifty",Low ESG relevance or finance-only context,2026-10-04
TCS,Tata Consultancy Services,"Sensex plunges 800 pts, Nifty below 24k as Pahalgam attack fuels geopolitical jitters; small, midcap indices fall 3% The Indian stock market is under pressure on April 25, continuing with losses after",2025-04-25,-3,False,,"intraday, nifty, sensex",Low ESG relevance or finance-only context,2026-10-04
TCS,Tata Consultancy Services,"Sensex jumps 500 pts, Nifty above 24,500: Sharp fall in crude, other key factors behind market rally The equity benchmark indices Sensex and Nifty surged in early trade on Monday amid sustained foreig",2025-05-05,-4,False,,"intraday, candlestick, nifty, sensex",Low ESG relevance or finance-only context,2026-10-04
TCS,Tata Consultancy Services,"Auto, IT stocks in red amid tariff uncertainty; Maruti Suzuki, Tech Mahindra shares down up to 2% The shares of auto and IT companies dropped on July 7 as uncertainties around higher US tariffs and no",2025-07-07,-2,False,,"share price, nifty",Low ESG relevance or finance-only context,2026-10-04
TCS,Tata Consultancy Services,"Tech Mahindra loses 622 employees in Q1, third consecutive quarter of decline IT services major Tech Mahindra's headcount decreased by 622 sequentially in the first quarter ended June 30, 2025. This i",2025-07-16,-1,False,,q1 results,Low ESG relevance or finance-only context,2026-10-04
TCS,Tata Consultancy Services,"Nifty IT rallies one percent, snapping a two-day fall on strong Nvidia Q1, ruling against Trump tariffs The shares of IT companies surged on May 29 after US chipmaker Nvidia posted strong Q1 results a",2025-05-29,-2,False,,"q1 results, nifty",Low ESG relevance or finance-only context,2026-10-04
TCS,Tata Consultancy Services,"Tata Consultancy Services share price falls 1.03% in today's session Shares of Tata Consultancy Services (TCS) were trading lower in Monday's session, with the stock priced at Rs 3,156.90, a 1.03 perc",2025-07-21,-1,False,labor,"share price, stock price",Low ESG relevance or finance-only context,2026-10-04
TCS,Tata Consultancy Services,"Sensex falls 300 pts, Nifty below 24,750 on renewed tariff concerns; Auto, Metal, IT drag The equity benchmarks Sensex and Nifty extended losses by noon after a flat start on Friday amid weak global c",2025-05-30,-2,False,,"nifty, sensex",Low ESG relevance or finance-only context,2026-10-04
TCS,Tata Consultancy Services,"CLSA says Q3 earnings stronger-than-expected, despite consensus doubts The earnings show for the three months ended December 2024 was better than expected, noted Hong Kong-based brokerage CLSA, sharin",2025-02-24,-1,False,labor,"brokerage, nifty",Low ESG relevance or finance-only context,2026-10-04
TCS,Tata Consultancy Services,"IT shares snap three-day gaining streak ahead of US Fed meet; Coforge, TCS, others fall up to 1.5% The shares of several IT companies dropped on June 18, pushing the Nifty IT index down over half a pe",2025-06-18,-2,False,,"nifty, sensex",Low ESG relevance or finance-only context,2026-10-04
TCS,Tata Consultancy Services,"Sensex sheds 500 pts, Nifty below 25,000: Weak Axis Bank Q1 earnings among key factors behind market decline The benchmark equity indices declined sharply on Friday, dragged by weak earnings from Axis",2025-07-18,-4,False,,"intraday, resistance, nifty, sensex",Low ESG relevance or finance-only context,2026-10-04
TCS,Tata Consultancy Services,"Tata Consultancy Services shares fall in early trade Shares of Tata Consultancy Services were trading at Rs 3,239.10 on the NSE, down 0.41% in Wednesday's session. The stock price experienced a decrea",2025-07-16,0,False,labor,stock price,Low ESG relevance or finance-only context,2026-10-04
TCS,Tata Consultancy Services,"Tata Consultancy Services share price trades marginally higher in today's session Shares of Tata Consultancy Services were trading marginally higher at Rs 3,055.40 on Thursday in the afternoon session",2025-07-31,0,False,labor,share price,Low ESG relevance or finance-only context,2026-10-04
TCS,Tata Consultancy Services,"TCS hires US-based firm to recruit contractual workers, says report IT major Tata Consultancy Services (TCS) has hired a US-based firm to deal with its staffing vendors for contract workers, Mint repo",2025-08-05,0,False,,,Low ESG relevance or finance-only context,2026-10-04
TCS,Tata Consultancy Services,"TCS job cuts worry brokerages as execution, attrition concerns emerge, stock slips Information technology giant Tata Consultancy Services Ltd (TCS) shares slipped in trade on Monday, July 28, after Mo",2025-07-28,-2,False,,"target price, brokerage",Low ESG relevance or finance-only context,2026-10-04
TCS,Tata Consultancy Services,"Tata Consultancy Services shares fall 1.11% in today's session; over 3.8 lakh shares traded Shares of Tata Consultancy Services were trading lower in Wednesday's session, with the stock priced at Rs 3",2025-08-06,-1,False,,stock price,Low ESG relevance or finance-only context,2026-10-04
TCS,Tata Consultancy Services,"Tata Consultancy Services shares decline marginally in today's session; over 25 lakh shares traded Shares of Tata Consultancy Services were trading at Rs 3,193.10 on the Nifty 50, down 0.50% from the ",2025-07-18,-1,False,,nifty,Low ESG relevance or finance-only context,2026-10-04
TCS,Tata Consultancy Services,"Tata Consultancy Services shares fall 1.07% in today's session; over 30.7 lakh shares traded Shares of Tata Consultancy Services declined by 1.07% to Rs 3,046.30 in Tuesday's session, with over 30.7 l",2025-07-29,-1,False,,nifty,Low ESG relevance or finance-only context,2026-10-04
TCS,Tata Consultancy Services,"LTI Mindtree, TechM surge 2% as IT index rallies on a rangebound day: What's pushing IT higher Shares of IT companies sharply ended higher on April 29, sharply off lows on hopes of easing trade tensio",2025-04-29,-4,False,environment,"share price, stock price, brokerage, q4 results, nifty",Low ESG relevance or finance-only context,2026-10-04
TCS,Tata Consultancy Services,"Tata Consultancy Services share price rises marginally in today's session Shares of Tata Consultancy Services were trading with a positive bias in Monday's session. At 10:30 am, the stock was priced a",2025-08-04,0,False,labor,share price,Low ESG relevance or finance-only context,2026-10-04
TCS,Tata Consultancy Services,"Sensex falls nearly 350 points, Nifty below 25,400: IT losses among key factors behind market decline The benchmark stock indices Sensex and Nifty traded lower on Thursday, as losses in IT stocks as c",2025-07-10,-3,False,,"q1 results, nifty, sensex",Low ESG relevance or finance-only context,2026-10-04
TCS,Tata Consultancy Services,"TCS, HCL Tech, M&M see heavy trading volumes amid market downturn The stocks of Tata Consultancy Services (TCS), HCL Tech, Mahindra &amp;amp; Mahindra (M&amp;amp;M), Larsen &amp;amp; Toubro (L&amp;amp",2025-02-24,-4,False,,"share price, trading volume, nifty, sensex",Low ESG relevance or finance-only context,2026-10-04
TCS,Tata Consultancy Services,"Persistent Systems, Infosys, other IT shares drop up to 2% as trade, geopolitical tensions weigh The shares of major IT players dropped on June 12 after uncertain US tariff rules and geopolitical tens",2025-06-12,0,False,labor,nifty,Low ESG relevance or finance-only context,2026-10-04
TCS,Tata Consultancy Services,"Trade Spotlight: How should you trade Biocon, Swiggy, Kotak Mahindra Bank, Apollo Hospitals, SJS Enterprises, TCS, Oberoi Realty, and others on June 17? Equity benchmarks shrugged off the Israel-Iran ",2025-06-17,-1,False,labor,"candlestick, nifty",Low ESG relevance or finance-only context,2026-10-04
TCS,Tata Consultancy Services,"Infosys targetting everything to be AI-first, hiring to support guidance: CEO Salil Parekh amid TCS layoffs IT major Infosys will continue to hire in order to support the growth guidance, and will dev",2025-07-30,0,False,,,Low ESG relevance or finance-only context,2026-10-04
TCS,Tata Consultancy Services,"Tata Consultancy Services shares trade flat in Wednesday's session Tata Consultancy Services shares were trading at Rs 3,058.90 on Wednesday at 09:30 am, reflecting a marginal increase of 0.09% from t",2025-07-30,-1,False,,nifty,Low ESG relevance or finance-only context,2026-10-04
TCS,Tata Consultancy Services,"Tata Consultancy Services share price falls 3.37%; among top losers on Nifty 50 Shares of Tata Consultancy Services declined by 3.37% to Rs 3,268.10, making it one of the top losers on the Nifty 50 du",2025-07-11,-2,False,,"share price, nifty",Low ESG relevance or finance-only context,2026-10-04
TCS,Tata Consultancy Services,"Tata Consultancy Services shares fall 0.71% in morning trade; over 8.4 lakh shares traded Shares of Tata Consultancy Services were trading lower in Monday's session. At 10:20 am, the stock was priced ",2025-07-14,0,False,,,Low ESG relevance or finance-only context,2026-10-04
TCS,Tata Consultancy Services,"Tata Consultancy Services shares fall 0.98% in morning trade Shares of Tata Consultancy Services were trading lower at Rs 3,049 on the NSE, a decline of 0.98% from the previous close, during morning t",2025-07-29,-2,False,,"stock price, nifty",Low ESG relevance or finance-only context,2026-10-04
TCS,Tata Consultancy Services,"Coforge, Mphasis, other IT shares rise up to 4% on optimism over US-China trade talks The shares of IT companies are higher on June 10, pushing the Nifty IT index up over 1.5 percent to emerge as the ",2025-06-10,-4,False,,"share price, target price, brokerage, nifty",Low ESG relevance or finance-only context,2026-10-04
TCS,Tata Consultancy Services,Tata Consultancy Services share extends fall in Monday's trading session Shares of Tata Consultancy Services were trading down by over 1.5 percent in Monday’s trading session. The stock touched a high,2025-07-14,0,False,,,Low ESG relevance or finance-only context,2026-10-04
TCS,Tata Consultancy Services,"Tata Consultancy Services shares fall 1.55% in early trade Shares of Tata Consultancy Services declined by 1.55% to Rs 3,087.20 in early trade on Monday. The stock's decline reflects a bearish sentime",2025-07-28,0,False,,,Low ESG relevance or finance-only context,2026-10-04
TCS,Tata Consultancy Services,"Tata Consultancy Services shares gain about 1% in yesterday's trading Shares of Tata Consultancy Services (TCS) saw a positive movement in Tuesday's session, with the stock price increasing by 0.92% t",2025-07-16,-2,False,,"stock price, nifty",Low ESG relevance or finance-only context,2026-10-04
TCS,Tata Consultancy Services,"Tata Consultancy Services shares fall 0.56% in today's session; over 10.6 lakh shares traded Shares of Tata Consultancy Services were trading lower in Thursday's session, with the stock priced at Rs 3",2025-07-24,-2,False,,"stock price, trading volume",Low ESG relevance or finance-only context,2026-10-04
TCS,Tata Consultancy Services,"Tata Consultancy Services shares snap losing streak; stock among top gainers on Nifty 50 Tata Consultancy Services snaps its losing streak, emerging as one of the top gainers on Nifty 50 in Tuesday's ",2025-07-15,-1,False,,nifty,Low ESG relevance or finance-only context,2026-10-04
TCS,Tata Consultancy Services,"Sensex down nearly 700 pts, Nifty below 22,650; bank, IT stocks drag; mid-, small-cap indices fall over 1% Indian benchmark indexes Sensex and Nifty opened lower on February 24, tracking a global mark",2025-02-24,-2,False,green energy,"resistance, nifty, sensex",Low ESG relevance or finance-only context,2026-10-04
TCS,Tata Consultancy Services,"Tata Consultancy Services shares trade flat after change in last 1 hour Tata Consultancy Services shares were trading at Rs 3,158.50, a marginal increase of 0.01% in Tuesday's session. According to re",2025-07-22,0,False,,,Low ESG relevance or finance-only context,2026-10-04
TCS,Tata Consultancy Services,"Tata Consultancy Services stock among top gainers on Nifty 50 with modest rise Shares of Tata Consultancy Services saw marginal gains in Friday's session, with the stock trading at Rs 3,149. At 10:10 ",2025-07-25,-2,False,,"intraday, nifty",Low ESG relevance or finance-only context,2026-10-04
TCS,Tata Consultancy Services,"'Sholay days of IT are over': CP Gurnani says TCS layoffs show focus towards outcome, not headcount CP Gurnani, IT industry veteran and former CEO of Tech Mahindra, said layoffs at TCS imply that the ",2025-07-28,0,False,,,Low ESG relevance or finance-only context,2026-10-04
TCS,Tata Consultancy Services,Tata Consultancy Services shares rise over 0.5% in Wednesday's session Shares of Tata Consultancy Services experienced a gain of 0.51% during Wednesday's trading session. This increase reflects a chan,2025-07-23,-1,False,,nifty,Low ESG relevance or finance-only context,2026-10-04
TCS,Tata Consultancy Services,"Tata Consultancy Services shares decline 1.03% in Monday's trading session Shares of Tata Consultancy Services (TCS) fell by 1.03% to Rs 3,103.40 in Monday's session. The stock's movement reflects a d",2025-07-28,0,False,,,Low ESG relevance or finance-only context,2026-10-04
TCS,Tata Consultancy Services,"Trent, BEL to join 30-share Sensex today, Nestle India, IndusInd Bank excluded Shares of retail giant Trent Ltd. and PSU firm Bharat Electronics Ltd. (BEL) will  added to the 30-pack benchmark index S",2025-06-20,-1,False,inclusion,"intraday, sensex",Low ESG relevance or finance-only context,2026-10-04
TCS,Tata Consultancy Services,"Tech Mahindra, Infosys, other IT stocks tumble on concerns over US' fiscal deficit The shares of IT companies tumbled on May 22, tracking Wall Street peers over concerns of possible widening of US' fe",2025-05-22,-2,False,,"nifty, sensex",Low ESG relevance or finance-only context,2026-10-04
TCS,Tata Consultancy Services,"Sensex drops 850 pts, Nifty below 22,600, hits 8-month low on US growth concerns; Nifty IT sinks nearly 3% Sensex and Nifty extended their losing streak to a fifth straight session, plunging to an eig",2025-02-24,-4,False,green energy,"target price, intraday, resistance, nifty, sensex",Low ESG relevance or finance-only context,2026-10-04
TCS,Tata Consultancy Services,"Tata Consultancy Services shares fall 0.47% in today's session; over 3.3 lakh shares traded Shares of Tata Consultancy Services were trading at Rs 3,022.40 on the NSE, a decrease of 0.47% from the pre",2025-08-01,-1,False,,trading volume,Low ESG relevance or finance-only context,2026-10-04
TCS,Tata Consultancy Services,IT stocks drop up to 1.5% ahead of TCS Q1 results tomorrow The shares of IT companies declined in trade on July 9 as investors actively awaited the release of the first set to Q1 FY26 results from the,2025-07-09,-2,False,environment,"share price, q1 results, nifty",Low ESG relevance or finance-only context,2026-10-04
TCS,Tata Consultancy Services,"Infosys, TechM, others up 2% as US Fed chief Powell's testimony spurs rate cut bets Shares of IT companies were higher on June 25 as market participants saw US Federal Reserve Chair Jerome Powell's te",2025-06-25,-1,False,labor,"share price, nifty",Low ESG relevance or finance-only context,2026-10-04
TCS,Tata Consultancy Services,"Coforge, HCL Tech, other IT names rise up to 3% on hopes of early Fed rate cut, Nasdaq rally The Nifty IT index is higher on June 27, tracking Wall Street peers on rising hopes of a US Fed rate cut so",2025-06-27,-1,False,,nifty,Low ESG relevance or finance-only context,2026-10-04
TCS,Tata Consultancy Services,"Tata Consultancy Services shares gain 0.26% in early trade Tata Consultancy Services shares are trading at Rs 3,241.40, up 0.26% in Thursday's early session. The stock is showing marginal positive mov",2025-07-17,-1,False,,nifty,Low ESG relevance or finance-only context,2026-10-04
TCS,Tata Consultancy Services,Tata Consultancy Services shares decline 1.17%; stock among top losers on Nifty 50 Shares of Tata Consultancy Services were among the top losers on the Nifty 50 in Monday's trading session. At 10:10 a,2025-07-28,-1,False,,nifty,Low ESG relevance or finance-only context,2026-10-04
TCS,Tata Consultancy Services,"Sensex surges 300 pts from day's low, Nifty above 25,200: 3 key reasons behind market rise The equity benchmark indices Sensex and Nifty settled marginally higher on Wednesday, rebounding from early l",2025-07-16,-4,False,,"intraday, q1 results, nifty, sensex",Low ESG relevance or finance-only context,2026-10-04
TCS,Tata Consultancy Services,"Tata Consultancy Services shares fall 0.61% in today's session; over 5.9 lakh shares traded Tata Consultancy Services shares were trading at Rs 3,232.60 on the NSE, a decline of 0.61% from the previou",2025-07-16,0,False,,,Low ESG relevance or finance-only context,2026-10-04
TCS,Tata Consultancy Services,"Tata Consultancy Services shares fall marginally in today's session; over 16.1 lakh shares traded Shares of Tata Consultancy Services were trading at Rs 3,165.50 on the NSE, a marginal decline of 0.76",2025-07-21,-1,False,,trading volume,Low ESG relevance or finance-only context,2026-10-04
TCS,Tata Consultancy Services,"TCS to roll out wage hikes after announcing plans to cut 12,000 jobs. Check details Tata Consultancy Services, India’s largest IT services firm, on August 6 announced wage hike for its staff starting ",2025-08-07,0,False,,,Low ESG relevance or finance-only context,2026-10-04
TCS,Tata Consultancy Services,"Sensex declines over 200 pts, Nifty below 25,100: Selling in IT stocks among key factors behind market decline The equity benchmarks Sensex and Nifty declined for the fourth straight day on Monday ami",2025-07-14,-3,False,,"intraday, nifty, sensex",Low ESG relevance or finance-only context,2026-10-04
TCS,Tata Consultancy Services,"Sensex soars 450 pts, Nifty above 25,200: Easing inflation, IT buying, other key factors behind market rebound The benchmark equity indices Sensex and Nifty bounced back on Tuesday after four consecut",2025-07-15,-4,False,,"intraday, q1 results, nifty, sensex",Low ESG relevance or finance-only context,2026-10-04
TCS,Tata Consultancy Services,"Chartist Talk: Rahul Ghose sees choppy August for Nifty, expects continued Bank Nifty outperformance Rahul Ghose, founder and chief executive of Octanom Tech and Hedged, expects the choppy trade for t",2025-08-03,-1,False,"environment, safety","resistance, support level, nifty",Low ESG relevance or finance-only context,2026-10-04
TCS,Tata Consultancy Services,"Sensex crashes over 500 pts, Nifty below 25,000: US strikes on Iran among key factors behind market decline The equity benchmark indices declined sharply on Monday amid rising geopolitical tensions in",2025-06-23,-2,False,,"nifty, sensex",Low ESG relevance or finance-only context,2026-10-04
TCS,Tata Consultancy Services,Trump's tariff scare spooks Dalal Street: Three stocks that bled the most on Sensex The selling pressure on Dalal Street - induced by US President Trump's tariff scare - saw a cut of over 500 points o,2025-02-10,-3,False,,"share price, trading volume, sensex",Low ESG relevance or finance-only context,2026-10-04
TCS,Tata Consultancy Services,"Tata Consultancy Services shares trade flat in today's session; over 15.9 lakh shares traded Tata Consultancy Services shares were trading flat in Friday's session, with the stock currently priced at ",2025-08-08,-1,False,,nifty,Low ESG relevance or finance-only context,2026-10-04
TCS,Tata Consultancy Services,"Tata Consultancy Services shares fall marginally in today's session Shares of Tata Consultancy Services were trading at Rs 3,020.20 on Thursday, down by 0.40% from the previous close, at 12:00 pm. The",2025-08-07,-1,False,,nifty,Low ESG relevance or finance-only context,2026-10-04
TCS,Tata Consultancy Services,"Coforge, HCL Tech, Wipro, other IT shares jump up to 7% amid hopes of easing trade tensions The shares of IT companies strongly surged on April 23 after US President Donald Trump hinted at slashing ta",2025-04-23,-3,False,,"share price, q4 results, nifty",Low ESG relevance or finance-only context,2026-10-04
TCS,Tata Consultancy Services,"Sensex falls 200 pts, Nifty below 25,500 amid caution ahead of India-US trade deal, Q1 earnings announcement; metal, IT stocks decline The equity benchmark indices closed lower on Wednesday as investo",2025-07-09,-2,False,,"nifty, sensex",Low ESG relevance or finance-only context,2026-10-04
TCS,Tata Consultancy Services,"Pharma, IT stocks tumble up to 4% as Trump tariffs take effect The shares of pharma and IT companies tumbled on March 4 as US President Donald Trump's tariffs on Canada and Mexico came into effect, wh",2025-03-04,-1,False,labor,"share price, nifty",Low ESG relevance or finance-only context,2026-10-04
TCS,Tata Consultancy Services,"Sensex slips over 1,000 pts, Nifty below 24,500: Rising US bond yields among key factors behind market sell-off The benchmark equity indices tumbled over 1 percent on Thursday, tracking a sharp sell-o",2025-05-22,0,False,"sustainability, sustainable","nifty, sensex",Low ESG relevance or finance-only context,2026-10-04
TCS,Tata Consultancy Services,"Tata Consultancy Services share price trades flat; hits intraday high of Rs 3,059.80 Tata Consultancy Services shares were trading flat in Friday's session, with the stock currently priced at Rs 3,041",2025-08-08,-2,False,,"share price, intraday",Low ESG relevance or finance-only context,2026-10-04
TCS,Tata Consultancy Services,"Sensex falls 400 pts, Nifty at 23,200: Trump’s reciprocal tariffs among key factors to rattle markets Benchmark indices Sensex and Nifty slipped in early trade on Thursday, tracking weak global cues a",2025-04-03,-3,False,,"candlestick, nifty, sensex",Low ESG relevance or finance-only context,2026-10-04
TCS,Tata Consultancy Services,"Infosys Q1 preview: 5 key factors to watch for As Infosys gets ready to announce its first quarter results on July 23, investors will be closely tracking signs of a turnaround at India’s second-larges",2025-07-22,0,False,environment,brokerage,Low ESG relevance or finance-only context,2026-10-04
TCS,Tata Consultancy Services,"Tata Consultancy Services shares see moderate fall in Thursday's session Shares of Tata Consultancy Services were trading at Rs 3,020.30 on the NSE, a decline of 0.40% in Thursday's session. The stock",2025-08-07,0,False,,,Low ESG relevance or finance-only context,2026-10-04
TCS,Tata Consultancy Services,"Sensex crashes 1,500 pts, Nifty below 23,150: US tariff worries among key factors weighing on markets Equity benchmark indices declined sharply on Tuesday, led by IT and real estate stocks, as concern",2025-04-01,-3,False,,"brokerage, nifty, sensex",Low ESG relevance or finance-only context,2026-10-04
TCS,Tata Consultancy Services,"Tata Consultancy Services shares fall marginally; over 11.7 lakh shares traded Tata Consultancy Services shares traded at Rs 3,043.10, a marginal decline of 0.13% in Friday's session. A total of 1,174",2025-08-08,-2,False,,"trading volume, nifty",Low ESG relevance or finance-only context,2026-10-04
TCS,Tata Consultancy Services,"April may be the best month for stocks, February the bleakest: Here’s why Wall Street often kicks off the year with a 'January effect' when shares rise more than any other month, but back home, an 'Ap",2025-05-30,0,False,,,Low ESG relevance or finance-only context,2026-10-04
TCS,Tata Consultancy Services,"TCS, Wipro shares fall up to 4% after Jefferies' IT downgrade citing tariff hit on US growth Top IT shares were among the leading laggards on the benchmark Sensex, with Trump's reciprocal tariffs kick",2025-04-09,-4,False,,"target price, buy call, brokerage, sensex",Low ESG relevance or finance-only context,2026-10-04
TCS,Tata Consultancy Services,"Sensex, Nifty end flat for 3rd session; heavyweights offset pharma losses; broader market rise up to 2% Sensex and Nifty ended flat for the third session in a row ahead of the FOMC meeting minutes, se",2025-02-19,-2,False,,"nifty, sensex",Low ESG relevance or finance-only context,2026-10-04
TCS,Tata Consultancy Services,"Sensex, Nifty flat ahead of FOMC minutes; mid-, small-cap indices drop up to 2% Sensex and Nifty flattened by midday on February 19 after opening lower, as investors remained cautious about stretched ",2025-02-19,-2,False,,"nifty, sensex",Low ESG relevance or finance-only context,2026-10-04
TCS,Tata Consultancy Services,"Sensex, Nifty close lower for 8th session; all 13 sectoral indices in red, broader markets crash up to 3% Sensex and Nifty fell for the eighth session for the first time in two years on February 14, a",2025-02-14,-4,False,,"resistance, support level, nifty, sensex",Low ESG relevance or finance-only context,2026-10-04
TCS,Tata Consultancy Services,"Real estate shares continue to fall for 5th day, decline up to 6%; weak Q1 results of Lodha, TCS layoffs weigh The shares of real estate companies recorded significant losses on July 28, as weak earni",2025-07-28,-4,False,,"share price, intraday, q1 results, nifty",Low ESG relevance or finance-only context,2026-10-04
TCS,Tata Consultancy Services,"Nifty Realty drops 1.4%, extends losses for third day: 5 reasons behind sector-wide sell-off Real estate stocks recorded significant losses on August 7, pushing the Nifty Realty index down 1.4 percent",2025-08-07,-2,False,,"share price, nifty",Low ESG relevance or finance-only context,2026-10-04
TCS,Tata Consultancy Services,"Chartist Talks: SBI Sec’s Sudeep Shah bullish on 4 stocks, but signals avoid for telecom stock, sees this bank at overbought zone after 81% rally Sudeep Shah of SBI Securities is bullish on EID Parry ",2025-07-13,-2,False,,"resistance, nifty",Low ESG relevance or finance-only context,2026-10-04
INFY,Infosys,"Infosys, TCS, other IT heavyweights drop 1%, IT index snaps 2-day gaining streak amid weak market Several IT stocks declined on May 27, pushing the Nifty IT index down into the red to snap its two-day",2025-05-27,-3,False,,"share price, nifty, sensex",Low ESG relevance or finance-only context,2026-10-04
INFY,Infosys,"From Ather Energy to Vodafone: Here is what MFs bought, sold and added in April Mutual funds continued to reshuffle their equity portfolios in April, increasing exposure to sectors such as telecom, mi",2025-05-16,-1,False,,nifty,Low ESG relevance or finance-only context,2026-10-04
INFY,Infosys,"Nifty IT index tops the chart after gaining Rs 1.16 lakh crore in value in nine sessions with eight up days The shares of TCS and Infosys were among the leading contributor on Sensex, as IT companies ",2025-06-16,-1,False,environment,"nifty, sensex",Low ESG relevance or finance-only context,2026-10-04
INFY,Infosys,"Stocks to Watch Today: PNB Housing, JSW Energy, Maruti Suzuki, M&M, Paras Defence, Federal Bank, Eternal, Mobikwik, NMDC, NCC in focus on 2 May Let's catch up on the latest news from the stock market.",2025-05-02,0,False,,,Low ESG relevance or finance-only context,2026-10-04
INFY,Infosys,"Nifty IT sharply down on selloff after Fed's inflation, tariff view; Wipro sole gainer on upgrade Shares of IT companies were sharply lower on June 19, after the US Federal Reserve kept key interest r",2025-06-19,-2,False,,"target price, nifty",Low ESG relevance or finance-only context,2026-10-04
INFY,Infosys,"Sensex declines 300 pts, Nifty below 24,650: Trump's renewed tariff threat among key factors behind market fall The benchmark equity indices Sensex and Nifty traded lower on Tuesday, dragged down by s",2025-08-05,-3,False,,"resistance, nifty, sensex",Low ESG relevance or finance-only context,2026-10-04
INFY,Infosys,"Black Friday: Sensex crashes over 1,000 pts, Nifty sinks below 22,900; Trump tariffs among key factors to spook markets Equity markets witnessed a sharp sell-off on Friday, with benchmark indices fall",2025-04-04,-5,False,,"intraday, resistance, support level, nifty, sensex",Low ESG relevance or finance-only context,2026-10-04
INFY,Infosys,"Sensex jumps 550 pts from day's low, Nifty above 22,650: Decline in oil prices among key factors behind market rally Sensex and Nifty witnessed an uptrend on Monday morning, following firm trends in A",2025-03-10,-5,False,,"intraday, candlestick, support level, nifty, sensex",Low ESG relevance or finance-only context,2026-10-04
INFY,Infosys,"Sensex zooms 2,975 pts, Nifty above 24,900: India-Pak ceasefire among key factors behind massive market rally The domestic equity benchmarks rebounded sharply on Monday, with the Sensex rallying 2,975",2025-05-12,-3,False,,"intraday, nifty, sensex",Low ESG relevance or finance-only context,2026-10-04
INFY,Infosys,"Sensex, Nifty fall 0.5% each; 12 of 13 sectoral indices in the red, broader markets underperform The Sensex and Nifty slipped half a percent around noon on March 3, dragged down by oil &amp;amp; gas a",2025-03-03,-3,False,,"brokerage, nifty, sensex",Low ESG relevance or finance-only context,2026-10-04
INFY,Infosys,"IT, metal, realty stocks tumble up to 4% as Trump's tariffs, FOMC meet outcome weigh The shares of IT, metal and realty companies tumbled in morning trade on July 31 as Trump’s tariffs and penalty on ",2025-07-31,0,False,"environment, penalty","nifty, sensex",Low ESG relevance or finance-only context,2026-10-04
INFY,Infosys,"Sensex jumps 600 pts, Nifty above 23,300: Positive global cues ahead of US tariffs among key factors behind market rally Benchmark indices Sensex and Nifty surged in early trade on Wednesday, recoveri",2025-04-02,-3,False,,"support level, nifty, sensex",Low ESG relevance or finance-only context,2026-10-04
INFY,Infosys,"Sensex, Nifty hit eight-month low on US growth concerns; banking, IT stocks take a hit India's benchmark indexes slumped to their lowest levels in eight months, down 0.9 percent by noon on February 24",2025-02-24,-3,False,green energy,"target price, intraday, nifty, sensex",Low ESG relevance or finance-only context,2026-10-04
INFY,Infosys,"Persistent, TechM, other IT stocks drop up to 4% amid escalating US-China trade tensions The shares of IT companies tumbled on June 2 amid escalating trade tensions between US and China. The sharp fal",2025-06-02,-2,False,,"share price, nifty",Low ESG relevance or finance-only context,2026-10-04
INFY,Infosys,"Sensex plunges 800 pts, Nifty below 24k as Pahalgam attack fuels geopolitical jitters; small, midcap indices fall 3% The Indian stock market is under pressure on April 25, continuing with losses after",2025-04-25,-3,False,,"intraday, nifty, sensex",Low ESG relevance or finance-only context,2026-10-04
INFY,Infosys,"Sensex jumps 500 pts, Nifty above 24,500: Sharp fall in crude, other key factors behind market rally The equity benchmark indices Sensex and Nifty surged in early trade on Monday amid sustained foreig",2025-05-05,-4,False,,"intraday, candlestick, nifty, sensex",Low ESG relevance or finance-only context,2026-10-04
INFY,Infosys,"Auto, IT stocks in red amid tariff uncertainty; Maruti Suzuki, Tech Mahindra shares down up to 2% The shares of auto and IT companies dropped on July 7 as uncertainties around higher US tariffs and no",2025-07-07,-2,False,,"share price, nifty",Low ESG relevance or finance-only context,2026-10-04
INFY,Infosys,"Nifty IT rallies one percent, snapping a two-day fall on strong Nvidia Q1, ruling against Trump tariffs The shares of IT companies surged on May 29 after US chipmaker Nvidia posted strong Q1 results a",2025-05-29,-2,False,,"q1 results, nifty",Low ESG relevance or finance-only context,2026-10-04
INFY,Infosys,"Sensex falls 300 pts, Nifty below 24,750 on renewed tariff concerns; Auto, Metal, IT drag The equity benchmarks Sensex and Nifty extended losses by noon after a flat start on Friday amid weak global c",2025-05-30,-2,False,,"nifty, sensex",Low ESG relevance or finance-only context,2026-10-04
INFY,Infosys,"IT shares snap three-day gaining streak ahead of US Fed meet; Coforge, TCS, others fall up to 1.5% The shares of several IT companies dropped on June 18, pushing the Nifty IT index down over half a pe",2025-06-18,-2,False,,"nifty, sensex",Low ESG relevance or finance-only context,2026-10-04
INFY,Infosys,"TCS job cuts worry brokerages as execution, attrition concerns emerge, stock slips Information technology giant Tata Consultancy Services Ltd (TCS) shares slipped in trade on Monday, July 28, after Mo",2025-07-28,-2,False,,"target price, brokerage",Low ESG relevance or finance-only context,2026-10-04
INFY,Infosys,"LTI Mindtree, TechM surge 2% as IT index rallies on a rangebound day: What's pushing IT higher Shares of IT companies sharply ended higher on April 29, sharply off lows on hopes of easing trade tensio",2025-04-29,-4,False,environment,"share price, stock price, brokerage, q4 results, nifty",Low ESG relevance or finance-only context,2026-10-04
INFY,Infosys,"Persistent Systems, Infosys, other IT shares drop up to 2% as trade, geopolitical tensions weigh The shares of major IT players dropped on June 12 after uncertain US tariff rules and geopolitical tens",2025-06-12,0,False,labor,nifty,Low ESG relevance or finance-only context,2026-10-04
INFY,Infosys,"Infosys targetting everything to be AI-first, hiring to support guidance: CEO Salil Parekh amid TCS layoffs IT major Infosys will continue to hire in order to support the growth guidance, and will dev",2025-07-30,0,False,,,Low ESG relevance or finance-only context,2026-10-04
INFY,Infosys,"Coforge, Mphasis, other IT shares rise up to 4% on optimism over US-China trade talks The shares of IT companies are higher on June 10, pushing the Nifty IT index up over 1.5 percent to emerge as the ",2025-06-10,-4,False,,"share price, target price, brokerage, nifty",Low ESG relevance or finance-only context,2026-10-04
INFY,Infosys,"Sensex down 500 pts, Nifty below 25,100: Nestle Q1 results among key factors behind market decline The benchmark indices gave up early gains and traded lower at around noon on Thursday, dragged by sel",2025-07-24,-6,False,,"stock price, brokerage, resistance, q1 results, nifty, sensex",Low ESG relevance or finance-only context,2026-10-04
INFY,Infosys,"Sensex down nearly 700 pts, Nifty below 22,650; bank, IT stocks drag; mid-, small-cap indices fall over 1% Indian benchmark indexes Sensex and Nifty opened lower on February 24, tracking a global mark",2025-02-24,-2,False,green energy,"resistance, nifty, sensex",Low ESG relevance or finance-only context,2026-10-04
INFY,Infosys,"Trent, BEL to join 30-share Sensex today, Nestle India, IndusInd Bank excluded Shares of retail giant Trent Ltd. and PSU firm Bharat Electronics Ltd. (BEL) will  added to the 30-pack benchmark index S",2025-06-20,-1,False,inclusion,"intraday, sensex",Low ESG relevance or finance-only context,2026-10-04
INFY,Infosys,"Tech Mahindra, Infosys, other IT stocks tumble on concerns over US' fiscal deficit The shares of IT companies tumbled on May 22, tracking Wall Street peers over concerns of possible widening of US' fe",2025-05-22,-2,False,,"nifty, sensex",Low ESG relevance or finance-only context,2026-10-04
INFY,Infosys,"Sensex drops 850 pts, Nifty below 22,600, hits 8-month low on US growth concerns; Nifty IT sinks nearly 3% Sensex and Nifty extended their losing streak to a fifth straight session, plunging to an eig",2025-02-24,-4,False,green energy,"target price, intraday, resistance, nifty, sensex",Low ESG relevance or finance-only context,2026-10-04
INFY,Infosys,"Trade Spotlight: How should you trade Infosys, BHEL, Info Edge, Birlasoft, Cyient, APL Apollo Tubes, Tata Technologies, and others on May 13? The benchmark indices made a strong start to the week, wit",2025-05-12,-4,False,,"candlestick, resistance, support level, nifty",Low ESG relevance or finance-only context,2026-10-04
INFY,Infosys,IT stocks drop up to 1.5% ahead of TCS Q1 results tomorrow The shares of IT companies declined in trade on July 9 as investors actively awaited the release of the first set to Q1 FY26 results from the,2025-07-09,-2,False,environment,"share price, q1 results, nifty",Low ESG relevance or finance-only context,2026-10-04
INFY,Infosys,"Infosys, TechM, others up 2% as US Fed chief Powell's testimony spurs rate cut bets Shares of IT companies were higher on June 25 as market participants saw US Federal Reserve Chair Jerome Powell's te",2025-06-25,-1,False,labor,"share price, nifty",Low ESG relevance or finance-only context,2026-10-04
INFY,Infosys,"Investors cheer Trump's tariff pause: These are the top gaining spaces Benchmark Indian indices surged on April 11, with Sensex rising over 1,300 points and Nifty 50 up nearly 2 percent following a re",2025-04-11,-1,False,labor,"nifty, sensex",Low ESG relevance or finance-only context,2026-10-04
INFY,Infosys,"Coforge, HCL Tech, other IT names rise up to 3% on hopes of early Fed rate cut, Nasdaq rally The Nifty IT index is higher on June 27, tracking Wall Street peers on rising hopes of a US Fed rate cut so",2025-06-27,-1,False,,nifty,Low ESG relevance or finance-only context,2026-10-04
INFY,Infosys,"Sensex settles 600 pts lower, Nifty below 24,600: Trump's tariffs among key factors behind market fall Benchmark equity indices fell to their lowest levels in about two months on Friday, dragged down ",2025-08-01,-4,False,,"intraday, resistance, nifty, sensex",Low ESG relevance or finance-only context,2026-10-04
INFY,Infosys,"Infosys shares fall marginally in early trade Shares of Infosys were trading at Rs 1,511.10 on Wednesday, down 0.17% in early trade. The stock price experienced this change compared to its previous cl",2025-07-30,-1,False,,stock price,Low ESG relevance or finance-only context,2026-10-04
INFY,Infosys,"Infosys share price gains over 1% in intraday trade; Q1 earnings awaited Infosys shares saw a positive movement in Wednesday's session, with the stock price increasing by 1%. This increase reflects a ",2025-07-23,-2,False,labor,"share price, stock price, intraday",Low ESG relevance or finance-only context,2026-10-04
INFY,Infosys,"Sensex declines over 200 pts, Nifty below 25,100: Selling in IT stocks among key factors behind market decline The equity benchmarks Sensex and Nifty declined for the fourth straight day on Monday ami",2025-07-14,-3,False,,"intraday, nifty, sensex",Low ESG relevance or finance-only context,2026-10-04
INFY,Infosys,"Sensex down 800 pts, Nifty below 23,150; broader market falls up to 3% Sensex and Nifty extended early losses on February 11, dropping over half a percent by noon as global uncertainties and weak dome",2025-02-11,-5,False,,"candlestick, resistance, support level, nifty, sensex",Low ESG relevance or finance-only context,2026-10-04
INFY,Infosys,"Infosys share price falls 1% in morning trade Infosys shares declined by 1% to Rs 1,422.50 in early trade on Friday. The stock's movement reflected a bearish sentiment, as per Moneycontrol analysis.  ",2025-08-08,-1,False,,share price,Low ESG relevance or finance-only context,2026-10-04
INFY,Infosys,"Infosys shares decline 1.51% in Wednesday's trading session Shares of Infosys declined by 1.51% to Rs 1,438.30 in Wednesday's session, according to the current price. At 11:50 am, Infosys's current pr",2025-08-06,0,False,,,Low ESG relevance or finance-only context,2026-10-04
INFY,Infosys,"Sensex declines nearly 500 pts, Nifty below 24,450 on tariff worries; IT, pharma among top sectoral losers The equity benchmark indices Sensex and Nifty declined 0.6 percent each in morning trade on A",2025-08-08,-2,False,,"nifty, sensex",Low ESG relevance or finance-only context,2026-10-04
INFY,Infosys,"Infosys share price declines marginally in intraday trade Shares of Infosys were trading at Rs 1,464.50, a decline of 0.35% in Monday's session. Earlier in the trading session, the stock touched a day",2025-08-04,-3,False,,"share price, intraday, nifty",Low ESG relevance or finance-only context,2026-10-04
INFY,Infosys,"Infosys shares slip despite solid Q1 show, revenue beat; should you buy, sell, or hold? Information and technology major Infosys Ltd reported its earnings show for the June quarter, leading to a slew ",2025-07-24,0,False,environment,brokerage,Low ESG relevance or finance-only context,2026-10-04
INFY,Infosys,"Sensex soars 450 pts, Nifty above 25,200: Easing inflation, IT buying, other key factors behind market rebound The benchmark equity indices Sensex and Nifty bounced back on Tuesday after four consecut",2025-07-15,-4,False,,"intraday, q1 results, nifty, sensex",Low ESG relevance or finance-only context,2026-10-04
INFY,Infosys,"Infosys Standalone June 2025 Net Sales at Rs 35,275.00 crore, up 5.99% Y-o-Y Reported Standalone quarterly numbers for Infosys are:    Net Sales at Rs 35,275.00 crore in June 2025 up 5.99% from Rs. 33",2025-07-24,0,False,,,Low ESG relevance or finance-only context,2026-10-04
INFY,Infosys,"Nifty IT crashes 2% as fall in Persistent Systems, Coforge, Infosys shares weighs The Nifty IT index tumbled almost two percent in trade, dragged by midcap IT services players Persistent Systems Ltd a",2025-07-24,-2,False,,"brokerage, nifty",Low ESG relevance or finance-only context,2026-10-04
INFY,Infosys,"Chartist Talk: Rahul Ghose sees choppy August for Nifty, expects continued Bank Nifty outperformance Rahul Ghose, founder and chief executive of Octanom Tech and Hedged, expects the choppy trade for t",2025-08-03,-1,False,"environment, safety","resistance, support level, nifty",Low ESG relevance or finance-only context,2026-10-04
INFY,Infosys,"Infosys shares fall 1.12%; stock among top losers on Nifty 50 Shares of Infosys were trading at Rs 1,444 on the NSE, a decline of 1.12% in Wednesday's session. The stock is currently among the top los",2025-08-06,-1,False,,nifty,Low ESG relevance or finance-only context,2026-10-04
INFY,Infosys,"Infosys share price falls in early trade Shares of Infosys were trading lower in Friday's session. At 9:20 am, the stock was priced at Rs 1,544, a 0.55% decrease from the previous close. The decline r",2025-07-25,-1,False,,share price,Low ESG relevance or finance-only context,2026-10-04
INFY,Infosys,"Sensex crashes over 500 pts, Nifty below 25,000: US strikes on Iran among key factors behind market decline The equity benchmark indices declined sharply on Monday amid rising geopolitical tensions in",2025-06-23,-2,False,,"nifty, sensex",Low ESG relevance or finance-only context,2026-10-04
INFY,Infosys,"Infosys shares fall nearly 1% in early trade Shares of Infosys were trading lower by nearly 1% in Thursday's session. The stock is currently trading lower compared to its previous close of Rs 1,574.50",2025-07-24,-1,False,,nifty,Low ESG relevance or finance-only context,2026-10-04
INFY,Infosys,"Infosys share price falls nearly 1% in Friday's trading session Shares of Infosys were trading lower in Friday’s session. The stock price declined by 0.90% to Rs 1,424 at 12:00 pm. This represents a d",2025-08-08,-2,False,,"share price, stock price",Low ESG relevance or finance-only context,2026-10-04
INFY,Infosys,"Coforge, HCL Tech, Wipro, other IT shares jump up to 7% amid hopes of easing trade tensions The shares of IT companies strongly surged on April 23 after US President Donald Trump hinted at slashing ta",2025-04-23,-3,False,,"share price, q4 results, nifty",Low ESG relevance or finance-only context,2026-10-04
INFY,Infosys,"Infosys share price falls nearly 1% in morning trade Shares of Infosys declined by 0.98% to Rs 1,422.80 in Friday's morning trade on the NSE, as of 11:00 am. Infosys's financial performance shows cons",2025-08-08,-1,False,,share price,Low ESG relevance or finance-only context,2026-10-04
INFY,Infosys,"Buy Infosys; target of Rs 1830: Deven Choksey Deven Choksey's research report on Infosys  Revenue came in at INR 4,22,790 Mn. (+3.3% QoQ/+7.5% YoY), above our estimates by 4.0%, led by stronger growth",2025-07-24,-1,False,,target price,Low ESG relevance or finance-only context,2026-10-04
INFY,Infosys,"Infosys share price falls 1.07% in morning trade Shares of Infosys experienced a decline of 1.07% to trade at Rs 1,557.70 on Thursday. During the session, the stock reached a high of Rs 1,582 and a lo",2025-07-24,-1,False,,share price,Low ESG relevance or finance-only context,2026-10-04
INFY,Infosys,"Infosys Q1 FY26 Net Profit at ₹6,921 Crore, Up 8.6% YoY   Infosys reported a consolidated net profit of ₹6,921 crore for the first quarter of FY26, an increase of 8.6% year-on-year. Revenue from opera",2025-07-23,0,False,,,Low ESG relevance or finance-only context,2026-10-04
INFY,Infosys,"Infosys share price falls 0.60% in morning trade Shares of Infosys were trading at Rs 1,506.90 on the NSE, a decline of 0.60% from the previous close, at 11:30 am on Tuesday. Earlier in the session, t",2025-07-29,-2,False,,"share price, intraday",Low ESG relevance or finance-only context,2026-10-04
INFY,Infosys,"Pharma, IT stocks tumble up to 4% as Trump tariffs take effect The shares of pharma and IT companies tumbled on March 4 as US President Donald Trump's tariffs on Canada and Mexico came into effect, wh",2025-03-04,-1,False,labor,"share price, nifty",Low ESG relevance or finance-only context,2026-10-04
INFY,Infosys,"Infosys shares fall 1.12% in today's session; over 14 lakh shares traded Infosys shares declined by 1.12% to Rs 1,492.10 in Friday's trading session. This decline reflects a shift in investor sentimen",2025-08-01,-1,False,,trading volume,Low ESG relevance or finance-only context,2026-10-04
INFY,Infosys,"Sensex slips over 1,000 pts, Nifty below 24,500: Rising US bond yields among key factors behind market sell-off The benchmark equity indices tumbled over 1 percent on Thursday, tracking a sharp sell-o",2025-05-22,0,False,"sustainability, sustainable","nifty, sensex",Low ESG relevance or finance-only context,2026-10-04
INFY,Infosys,"Infosys shares trade flat after last hour change; stock currently at Rs 1,582.70 Shares of Infosys were trading flat in Monday's session, with the stock currently priced at Rs 1,582.70. This comes aft",2025-07-21,0,False,labor,nifty,Low ESG relevance or finance-only context,2026-10-04
INFY,Infosys,"Infosys share price declines 1.22% in intraday trade Shares of Infosys were trading lower in Tuesday’s session, with the stock currently priced at Rs 1,462.40 on the NSE, a 1.22% decline from the prev",2025-08-05,-2,False,,"share price, intraday",Low ESG relevance or finance-only context,2026-10-04
INFY,Infosys,"Infosys shares fall 1.30% in today's session; over 87 lakh shares traded Shares of Infosys declined by 1.30% to Rs 1,554.00 in Thursday's session. A total of over 87.28 lakh shares were traded. The st",2025-07-24,-1,False,,nifty,Low ESG relevance or finance-only context,2026-10-04
INFY,Infosys,"BofA sees Nifty touching 25,000 by December, expects negative returns for small, midcaps in 2025 Bank of America (BofA) Securities said it expects the benchmark index Nifty 50 to touch 25,000 by Decem",2025-03-06,-2,False,labor,"target price, nifty, sensex",Low ESG relevance or finance-only context,2026-10-04
INFY,Infosys,"Global environment ‘more stable’ but not yet fully settled, says Infosys CEO Salil Parekh Salil Parekh, the CEO of India’s second-largest IT firm Infosys said the global macroeconomic environment is s",2025-07-23,0,False,environment,brokerage,Low ESG relevance or finance-only context,2026-10-04
INFY,Infosys,"Sensex slides over 500 pts, Nifty below 24,550: Muted global cues among key factors behind market decline Benchmark equity indices Sensex and Nifty declined on Thursday, dragged by selling in banking,",2025-05-15,-3,False,,"intraday, nifty, sensex",Low ESG relevance or finance-only context,2026-10-04
INFY,Infosys,"Infosys shares decline marginally; trading at Rs 1,583.10 Shares of Infosys were trading lower in Wednesday’s session, with the stock currently priced at Rs 1,583.10. This represents a marginal declin",2025-07-23,0,False,labor,intraday,Low ESG relevance or finance-only context,2026-10-04
INFY,Infosys,"Infosys share price falls 1.45% in early trade Shares of Infosys were trading lower in Friday's session, with the stock priced at Rs 1,530. At 10:00 am, the stock showed a decline of 1.45% from its pr",2025-07-25,-2,False,,"share price, stock price",Low ESG relevance or finance-only context,2026-10-04
INFY,Infosys,"Infosys share price rises marginally in Thursday's trading session Shares of Infosys were trading at Rs 1,523.90 on Thursday. The stock experienced a marginal rise of 0.32% in today's session in the a",2025-07-31,-2,False,,"share price, nifty",Low ESG relevance or finance-only context,2026-10-04
INFY,Infosys,"Infosys shares trade flat in today's trading session Infosys shares were trading flat at Rs 1,437.00 on Thursday, a marginal increase of 0.02% from the previous close, as of 10:00 am. The stock is par",2025-08-07,-1,False,,nifty,Low ESG relevance or finance-only context,2026-10-04
INFY,Infosys,"Sensex falls 400 pts, Nifty at 23,200: Trump’s reciprocal tariffs among key factors to rattle markets Benchmark indices Sensex and Nifty slipped in early trade on Thursday, tracking weak global cues a",2025-04-03,-3,False,,"candlestick, nifty, sensex",Low ESG relevance or finance-only context,2026-10-04
INFY,Infosys,"Infosys share price falls marginally in today's session Shares of Infosys were trading at Rs 1,466.40 on Monday, showing a decline of 0.22% in today's session. The stock price experienced a slight dip",2025-08-04,-2,False,,"share price, stock price",Low ESG relevance or finance-only context,2026-10-04
INFY,Infosys,"Infosys shares fall 0.74% in today's session; over 23.4 lakh shares traded Shares of Infosys were trading lower in Monday's session, with the stock priced at Rs 1,504.50, a decline of 0.74% from the p",2025-07-28,-2,False,,"stock price, nifty",Low ESG relevance or finance-only context,2026-10-04
INFY,Infosys,"Infosys shares fall marginally in today's session; over 9.3 lakh shares traded Shares of Infosys were trading lower in Wednesday's session. The stock is currently priced at Rs 1,511.70 on the NSE, a d",2025-07-30,-1,False,,trading volume,Low ESG relevance or finance-only context,2026-10-04
INFY,Infosys,"Infosys Q1 preview: 5 key factors to watch for As Infosys gets ready to announce its first quarter results on July 23, investors will be closely tracking signs of a turnaround at India’s second-larges",2025-07-22,0,False,environment,brokerage,Low ESG relevance or finance-only context,2026-10-04
INFY,Infosys,"Infosys shares fall 0.81% in Thursday's trading session Shares of Infosys were trading at Rs 1,425 on the NSE, a decline of 0.81% from the previous close, at 12:00 pm. The stock is currently trading l",2025-08-07,0,False,,,Low ESG relevance or finance-only context,2026-10-04
INFY,Infosys,"Infosys share price falls nearly 1% in afternoon trade Shares of Infosys slipped in afternoon trade, trading at Rs 1,568.90 on the NSE, a 0.97% decline from the previous close as of 2:50 pm. The stock",2025-07-22,0,False,labor,share price,Low ESG relevance or finance-only context,2026-10-04
INFY,Infosys,"Infosys shares fall 0.71%; stock among top losers on Nifty 50 Shares of Infosys were trading down 0.71 percent at Rs 1,505.20 in Tuesday's session, making it among the top losers on Nifty 50. As of 11",2025-07-29,-1,False,,nifty,Low ESG relevance or finance-only context,2026-10-04
INFY,Infosys,"Neutral Infosys; target of Rs 1750: Motilal Oswal Motilal Oswal's research report on Infosys  Infosys (INFO) reported 1QFY26 revenue of USD4.9b, up 2.6% QoQ in CC/ 3.8% YoY in CC vs. our estimate of +",2025-07-24,0,False,,,Low ESG relevance or finance-only context,2026-10-04
INFY,Infosys,"Infosys shares down nearly 1.5% in Friday's trading session Shares of Infosys were trading lower on Friday, with the stock declining nearly 1.5%. Shares are extending losses along with other IT majors",2025-07-25,0,False,,,Low ESG relevance or finance-only context,2026-10-04
INFY,Infosys,"Infosys share price falls 1.63% in today's session Shares of Infosys were trading lower in Thursday's session, with the stock currently priced at Rs 1,548.80, a 1.63% decrease. The stock touched a day",2025-07-24,-2,False,,"share price, nifty",Low ESG relevance or finance-only context,2026-10-04
INFY,Infosys,"Sensex crashes 1,500 pts, Nifty below 23,150: US tariff worries among key factors weighing on markets Equity benchmark indices declined sharply on Tuesday, led by IT and real estate stocks, as concern",2025-04-01,-3,False,,"brokerage, nifty, sensex",Low ESG relevance or finance-only context,2026-10-04
INFY,Infosys,"Infosys Consolidated June 2025 Net Sales at Rs 42,279.00 crore, up 7.54% Y-o-Y Reported Consolidated quarterly numbers for Infosys are:    Net Sales at Rs 42,279.00 crore in June 2025 up 7.54% from Rs",2025-07-25,0,False,,,Low ESG relevance or finance-only context,2026-10-04
INFY,Infosys,"Jio Financial Services, Zomato close mixed on Nifty 50 debut; Britannia Industries, BPCL stocks jump post exit The latest entrants to the benchmark Nifty 50 index, food delivery major Zomato and non-b",2025-03-28,-1,False,inclusion,"intraday, nifty",Low ESG relevance or finance-only context,2026-10-04
INFY,Infosys,"Sensex snaps 2-day winning streak, Nifty holds 22,500 after volatile session amid US tariff concerns; IT, realty drag Sensex ended marginally lower on Friday after a choppy session as concerns over gl",2025-03-07,-4,False,,"intraday, resistance, nifty, sensex",Low ESG relevance or finance-only context,2026-10-04
INFY,Infosys,"Infosys shares fall 0.96% in early trade Shares of Infosys were trading at Rs 1,501.50 on the NSE, down by 0.96% in Tuesday's early session. The stock price movement reflects a decrease of Rs 14.50 fr",2025-07-29,-1,False,labor,"stock price, nifty",Low ESG relevance or finance-only context,2026-10-04
INFY,Infosys,"Infosys share price falls 1.13% in early trade Shares of Infosys declined by 1.13% to Rs 1,498.60 in early trade on Monday. This decline reflects a decrease from its previous close, with the stock cur",2025-07-28,-2,False,,"share price, nifty",Low ESG relevance or finance-only context,2026-10-04
INFY,Infosys,"Accumulate Infosys; target of Rs 1750: Prabhudas Lilladher Prabhudas Lilladher's research report on Infosys  The revenue growth performance (+2.6% CC QoQ) was above our estimates (+2.2% QoQ CC), attri",2025-07-24,0,False,,,Low ESG relevance or finance-only context,2026-10-04
INFY,Infosys,"April may be the best month for stocks, February the bleakest: Here’s why Wall Street often kicks off the year with a 'January effect' when shares rise more than any other month, but back home, an 'Ap",2025-05-30,0,False,,,Low ESG relevance or finance-only context,2026-10-04
INFY,Infosys,"Infosys shares decline 0.91% in today's session; over 79.2 lakh shares traded Shares of Infosys were trading at Rs 1,569.90 on the NSE, a decline of 0.91% from the previous close as of 3:20 pm. Over 7",2025-07-22,-1,False,labor,"trading volume, nifty",Low ESG relevance or finance-only context,2026-10-04
INFY,Infosys,"Sensex, Nifty down as bank, auto stocks under pressure; mid-, small-cap indices fall over 1% India’s benchmark indices, Sensex and Nifty, were down on February 11, extending their losing streak to the",2025-02-11,-4,False,,"target price, resistance, nifty, sensex",Low ESG relevance or finance-only context,2026-10-04
INFY,Infosys,"Infosys shares among top losers on Nifty 50, decline 0.39% Shares of Infosys were trading down on Tuesday, with the stock priced at Rs 1,510.10 on the NSE at 1:10 pm. The stock is among the top losers",2025-07-29,-2,False,,"stock price, nifty",Low ESG relevance or finance-only context,2026-10-04
INFY,Infosys,"Kotak Institutional fears NMDC's earnings may peak in FY25, turns cautious on mining sector Leading miner National Mineral Development Corporation or NMDC is heading towards a sticky patch starting FY",2025-03-11,-1,False,,brokerage,Low ESG relevance or finance-only context,2026-10-04
INFY,Infosys,"TCS, Wipro shares fall up to 4% after Jefferies' IT downgrade citing tariff hit on US growth Top IT shares were among the leading laggards on the benchmark Sensex, with Trump's reciprocal tariffs kick",2025-04-09,-4,False,,"target price, buy call, brokerage, sensex",Low ESG relevance or finance-only context,2026-10-04
INFY,Infosys,"Top gainers and losers today: Stocks that moved the most on May 19 Benchmark indinces tumbled on May 19 tracking weak global cues, a selloff in IT shares and rising market volatility following Moody's",2025-05-19,-2,False,labor,"share price, nifty, sensex",Low ESG relevance or finance-only context,2026-10-04
INFY,Infosys,"Sagility India, Belrise Industries, Adani Energy added to Jefferies' model India portfolio In a market that is trading close to its peak, despite poor earnings, geopolitical tensions, and an unstable ",2025-07-11,-1,False,,brokerage,Low ESG relevance or finance-only context,2026-10-04
INFY,Infosys,"Trade Spotlight: How should you trade Bharat Dynamics, Cochin Shipyard, Max Financial Services, Alkem Labs, Bharti Airtel, and others on April 30? The market entered into a consolidation phase after r",2025-04-30,0,False,"sustainable, labor","stock price, support level",Low ESG relevance or finance-only context,2026-10-04
INFY,Infosys,"Sensex, Nifty end flat for 3rd session; heavyweights offset pharma losses; broader market rise up to 2% Sensex and Nifty ended flat for the third session in a row ahead of the FOMC meeting minutes, se",2025-02-19,-2,False,,"nifty, sensex",Low ESG relevance or finance-only context,2026-10-04
INFY,Infosys,"Trade Spotlight: How should you trade Marico, Cholamandalam Investment, City Union Bank, MOIL, Granules, Supreme Ind, Inox Wind and others on May 28? The benchmark indices reversed the previous day's ",2025-05-27,-2,False,sustainable,"resistance, support level, nifty",Low ESG relevance or finance-only context,2026-10-04
INFY,Infosys,"Sensex, Nifty flat ahead of FOMC minutes; mid-, small-cap indices drop up to 2% Sensex and Nifty flattened by midday on February 19 after opening lower, as investors remained cautious about stretched ",2025-02-19,-2,False,,"nifty, sensex",Low ESG relevance or finance-only context,2026-10-04
INFY,Infosys,"Sensex, Nifty close lower for 8th session; all 13 sectoral indices in red, broader markets crash up to 3% Sensex and Nifty fell for the eighth session for the first time in two years on February 14, a",2025-02-14,-4,False,,"resistance, support level, nifty, sensex",Low ESG relevance or finance-only context,2026-10-04
WIPRO,Wipro,"Infosys, TCS, other IT heavyweights drop 1%, IT index snaps 2-day gaining streak amid weak market Several IT stocks declined on May 27, pushing the Nifty IT index down into the red to snap its two-day",2025-05-27,-3,False,,"share price, nifty, sensex",Low ESG relevance or finance-only context,2026-10-04
WIPRO,Wipro,"Nifty IT index tops the chart after gaining Rs 1.16 lakh crore in value in nine sessions with eight up days The shares of TCS and Infosys were among the leading contributor on Sensex, as IT companies ",2025-06-16,-1,False,environment,"nifty, sensex",Low ESG relevance or finance-only context,2026-10-04
WIPRO,Wipro,"Nifty IT sharply down on selloff after Fed's inflation, tariff view; Wipro sole gainer on upgrade Shares of IT companies were sharply lower on June 19, after the US Federal Reserve kept key interest r",2025-06-19,-2,False,,"target price, nifty",Low ESG relevance or finance-only context,2026-10-04
WIPRO,Wipro,"Sensex settles nearly 600 pts lower, Nifty below 24,700: FII selling, rising India VIX among key factors behind market fall The equity benchmark indices Sensex and Nifty declined for the third day on ",2025-07-28,-4,False,,"intraday, resistance, nifty, sensex",Low ESG relevance or finance-only context,2026-10-04
WIPRO,Wipro,"Trade Spotlight: How should you trade Honasa Consumer, Godrej Properties, Elecon Engineering, Eternal, SBI, Adani Total Gas, and others on May 6? The benchmark indices gained some strength after a thr",2025-05-05,-4,False,,"technical chart, resistance, support level, nifty",Low ESG relevance or finance-only context,2026-10-04
WIPRO,Wipro,"Sensex falls 700 pts, Nifty below 25,150: Selling in IT stocks among key factors behind market decline The benchmark stock indices Sensex and Nifty settled lower on Friday for the third session in a r",2025-07-11,-3,False,,"q1 results, nifty, sensex",Low ESG relevance or finance-only context,2026-10-04
WIPRO,Wipro,"Trade Spotlight: How should you trade Eicher Motors, Tata Consumer Products, M&M, Wipro, Bharti Airtel, and others on June 20? Equity benchmark indices closed moderately lower amid a lacklustre sessio",2025-06-20,-3,False,,"candlestick, resistance, trading volume",Low ESG relevance or finance-only context,2026-10-04
WIPRO,Wipro,"Sensex, Nifty fall 0.5% each; 12 of 13 sectoral indices in the red, broader markets underperform The Sensex and Nifty slipped half a percent around noon on March 3, dragged down by oil &amp;amp; gas a",2025-03-03,-3,False,,"brokerage, nifty, sensex",Low ESG relevance or finance-only context,2026-10-04
WIPRO,Wipro,"IT, metal, realty stocks tumble up to 4% as Trump's tariffs, FOMC meet outcome weigh The shares of IT, metal and realty companies tumbled in morning trade on July 31 as Trump’s tariffs and penalty on ",2025-07-31,0,False,"environment, penalty","nifty, sensex",Low ESG relevance or finance-only context,2026-10-04
WIPRO,Wipro,"Sensex, Nifty hit eight-month low on US growth concerns; banking, IT stocks take a hit India's benchmark indexes slumped to their lowest levels in eight months, down 0.9 percent by noon on February 24",2025-02-24,-3,False,green energy,"target price, intraday, nifty, sensex",Low ESG relevance or finance-only context,2026-10-04
WIPRO,Wipro,"Persistent, TechM, other IT stocks drop up to 4% amid escalating US-China trade tensions The shares of IT companies tumbled on June 2 amid escalating trade tensions between US and China. The sharp fal",2025-06-02,-2,False,,"share price, nifty",Low ESG relevance or finance-only context,2026-10-04
WIPRO,Wipro,"Sensex jumps 500 pts, Nifty above 24,500: Sharp fall in crude, other key factors behind market rally The equity benchmark indices Sensex and Nifty surged in early trade on Monday amid sustained foreig",2025-05-05,-4,False,,"intraday, candlestick, nifty, sensex",Low ESG relevance or finance-only context,2026-10-04
WIPRO,Wipro,"Auto, IT stocks in red amid tariff uncertainty; Maruti Suzuki, Tech Mahindra shares down up to 2% The shares of auto and IT companies dropped on July 7 as uncertainties around higher US tariffs and no",2025-07-07,-2,False,,"share price, nifty",Low ESG relevance or finance-only context,2026-10-04
WIPRO,Wipro,"Nifty IT rallies one percent, snapping a two-day fall on strong Nvidia Q1, ruling against Trump tariffs The shares of IT companies surged on May 29 after US chipmaker Nvidia posted strong Q1 results a",2025-05-29,-2,False,,"q1 results, nifty",Low ESG relevance or finance-only context,2026-10-04
WIPRO,Wipro,"CLSA says Q3 earnings stronger-than-expected, despite consensus doubts The earnings show for the three months ended December 2024 was better than expected, noted Hong Kong-based brokerage CLSA, sharin",2025-02-24,-1,False,labor,"brokerage, nifty",Low ESG relevance or finance-only context,2026-10-04
WIPRO,Wipro,"IT shares snap three-day gaining streak ahead of US Fed meet; Coforge, TCS, others fall up to 1.5% The shares of several IT companies dropped on June 18, pushing the Nifty IT index down over half a pe",2025-06-18,-2,False,,"nifty, sensex",Low ESG relevance or finance-only context,2026-10-04
WIPRO,Wipro,"LTI Mindtree, TechM surge 2% as IT index rallies on a rangebound day: What's pushing IT higher Shares of IT companies sharply ended higher on April 29, sharply off lows on hopes of easing trade tensio",2025-04-29,-4,False,environment,"share price, stock price, brokerage, q4 results, nifty",Low ESG relevance or finance-only context,2026-10-04
WIPRO,Wipro,"Persistent Systems, Infosys, other IT shares drop up to 2% as trade, geopolitical tensions weigh The shares of major IT players dropped on June 12 after uncertain US tariff rules and geopolitical tens",2025-06-12,0,False,labor,nifty,Low ESG relevance or finance-only context,2026-10-04
WIPRO,Wipro,"Coforge, Mphasis, other IT shares rise up to 4% on optimism over US-China trade talks The shares of IT companies are higher on June 10, pushing the Nifty IT index up over 1.5 percent to emerge as the ",2025-06-10,-4,False,,"share price, target price, brokerage, nifty",Low ESG relevance or finance-only context,2026-10-04
WIPRO,Wipro,"Sensex down nearly 700 pts, Nifty below 22,650; bank, IT stocks drag; mid-, small-cap indices fall over 1% Indian benchmark indexes Sensex and Nifty opened lower on February 24, tracking a global mark",2025-02-24,-2,False,green energy,"resistance, nifty, sensex",Low ESG relevance or finance-only context,2026-10-04
WIPRO,Wipro,"Tech Mahindra, Infosys, other IT stocks tumble on concerns over US' fiscal deficit The shares of IT companies tumbled on May 22, tracking Wall Street peers over concerns of possible widening of US' fe",2025-05-22,-2,False,,"nifty, sensex",Low ESG relevance or finance-only context,2026-10-04
WIPRO,Wipro,"Sensex drops 850 pts, Nifty below 22,600, hits 8-month low on US growth concerns; Nifty IT sinks nearly 3% Sensex and Nifty extended their losing streak to a fifth straight session, plunging to an eig",2025-02-24,-4,False,green energy,"target price, intraday, resistance, nifty, sensex",Low ESG relevance or finance-only context,2026-10-04
WIPRO,Wipro,IT stocks drop up to 1.5% ahead of TCS Q1 results tomorrow The shares of IT companies declined in trade on July 9 as investors actively awaited the release of the first set to Q1 FY26 results from the,2025-07-09,-2,False,environment,"share price, q1 results, nifty",Low ESG relevance or finance-only context,2026-10-04
WIPRO,Wipro,"Sensex declines 200 pts, Nifty below 24,600: RBI monetary policy among key factors behind market decline The benchmark indices Sensex and Nifty erased early gains to trade lower on Wednesday, dragged ",2025-08-06,-2,False,labor,"intraday, nifty, sensex",Low ESG relevance or finance-only context,2026-10-04
WIPRO,Wipro,"Investors cheer Trump's tariff pause: These are the top gaining spaces Benchmark Indian indices surged on April 11, with Sensex rising over 1,300 points and Nifty 50 up nearly 2 percent following a re",2025-04-11,-1,False,labor,"nifty, sensex",Low ESG relevance or finance-only context,2026-10-04
WIPRO,Wipro,"Coforge, HCL Tech, other IT names rise up to 3% on hopes of early Fed rate cut, Nasdaq rally The Nifty IT index is higher on June 27, tracking Wall Street peers on rising hopes of a US Fed rate cut so",2025-06-27,-1,False,,nifty,Low ESG relevance or finance-only context,2026-10-04
WIPRO,Wipro,"Sensex surges 300 pts from day's low, Nifty above 25,200: 3 key reasons behind market rise The equity benchmark indices Sensex and Nifty settled marginally higher on Wednesday, rebounding from early l",2025-07-16,-4,False,,"intraday, q1 results, nifty, sensex",Low ESG relevance or finance-only context,2026-10-04
WIPRO,Wipro,Indian billionaires shine in first half of 2025 despite market turbulence The wealth of several Indian billionaires saw significant growth despite pronounced market volatility in the first half of 202,2025-07-01,-1,False,labor,"nifty, sensex",Low ESG relevance or finance-only context,2026-10-04
WIPRO,Wipro,"Sensex declines over 200 pts, Nifty below 25,100: Selling in IT stocks among key factors behind market decline The equity benchmarks Sensex and Nifty declined for the fourth straight day on Monday ami",2025-07-14,-3,False,,"intraday, nifty, sensex",Low ESG relevance or finance-only context,2026-10-04
WIPRO,Wipro,"Sensex soars 450 pts, Nifty above 25,200: Easing inflation, IT buying, other key factors behind market rebound The benchmark equity indices Sensex and Nifty bounced back on Tuesday after four consecut",2025-07-15,-4,False,,"intraday, q1 results, nifty, sensex",Low ESG relevance or finance-only context,2026-10-04
WIPRO,Wipro,"Sensex crashes over 500 pts, Nifty below 25,000: US strikes on Iran among key factors behind market decline The equity benchmark indices declined sharply on Monday amid rising geopolitical tensions in",2025-06-23,-2,False,,"nifty, sensex",Low ESG relevance or finance-only context,2026-10-04
WIPRO,Wipro,"Eternal’s Rs 3 trillion dream divides the Street: FIIs bail, DIIs bite Even as Eternal Ltd basks in its Rs 3 lakh crore market cap — loftier than Tata Motors, ONGC or Wipro — global investors are grow",2025-07-23,0,False,,,Low ESG relevance or finance-only context,2026-10-04
WIPRO,Wipro,"Coforge, HCL Tech, Wipro, other IT shares jump up to 7% amid hopes of easing trade tensions The shares of IT companies strongly surged on April 23 after US President Donald Trump hinted at slashing ta",2025-04-23,-3,False,,"share price, q4 results, nifty",Low ESG relevance or finance-only context,2026-10-04
WIPRO,Wipro,"Pharma, IT stocks tumble up to 4% as Trump tariffs take effect The shares of pharma and IT companies tumbled on March 4 as US President Donald Trump's tariffs on Canada and Mexico came into effect, wh",2025-03-04,-1,False,labor,"share price, nifty",Low ESG relevance or finance-only context,2026-10-04
WIPRO,Wipro,"Q1 impact: Deepinder Goyal's net worth surges by Rs 1,700 crore as Eternal shares rise 20% in two days Eternal, the parent company of Zomato and Blinkit, saw its shares surge nearly 15 percent to hit ",2025-07-22,-1,False,waste,"trading volume, nifty",Low ESG relevance or finance-only context,2026-10-04
WIPRO,Wipro,"Infosys Q1 preview: 5 key factors to watch for As Infosys gets ready to announce its first quarter results on July 23, investors will be closely tracking signs of a turnaround at India’s second-larges",2025-07-22,0,False,environment,brokerage,Low ESG relevance or finance-only context,2026-10-04
WIPRO,Wipro,"April may be the best month for stocks, February the bleakest: Here’s why Wall Street often kicks off the year with a 'January effect' when shares rise more than any other month, but back home, an 'Ap",2025-05-30,0,False,,,Low ESG relevance or finance-only context,2026-10-04
WIPRO,Wipro,"Kotak Institutional fears NMDC's earnings may peak in FY25, turns cautious on mining sector Leading miner National Mineral Development Corporation or NMDC is heading towards a sticky patch starting FY",2025-03-11,-1,False,,brokerage,Low ESG relevance or finance-only context,2026-10-04
WIPRO,Wipro,"Sensex plunges 1,400 pts, Nifty ends below 22,150 on fresh tariff concerns; markets lose Rs 8.8 lakh crore in m-cap Sensex and Nifty tumbled almost 2 percent on February 28, caught in a wave of broad-",2025-02-28,-2,False,,"nifty, sensex",Low ESG relevance or finance-only context,2026-10-04
WIPRO,Wipro,"TCS, Wipro shares fall up to 4% after Jefferies' IT downgrade citing tariff hit on US growth Top IT shares were among the leading laggards on the benchmark Sensex, with Trump's reciprocal tariffs kick",2025-04-09,-4,False,,"target price, buy call, brokerage, sensex",Low ESG relevance or finance-only context,2026-10-04
HCLTECH,HCL Technologies,"Trade Spotlight: How should you trade Cummins India, NTPC, Kotak Mahindra Bank, Avanti Feeds, Berger Paints, and others on February 25? The market remained in the control of bears, who dragged the Nif",2025-02-24,-2,False,,"resistance, nifty",Low ESG relevance or finance-only context,2026-10-04
HCLTECH,HCL Technologies,"Black Friday: Sensex crashes over 1,000 pts, Nifty sinks below 22,900; Trump tariffs among key factors to spook markets Equity markets witnessed a sharp sell-off on Friday, with benchmark indices fall",2025-04-04,-5,False,,"intraday, resistance, support level, nifty, sensex",Low ESG relevance or finance-only context,2026-10-04
HCLTECH,HCL Technologies,"Sensex jumps 550 pts from day's low, Nifty above 22,650: Decline in oil prices among key factors behind market rally Sensex and Nifty witnessed an uptrend on Monday morning, following firm trends in A",2025-03-10,-5,False,,"intraday, candlestick, support level, nifty, sensex",Low ESG relevance or finance-only context,2026-10-04
HCLTECH,HCL Technologies,"Sensex surges 1,000 pts, Nifty above 24,300: Strong RIL Q4 results, other key factors behind market rally Sensex and Nifty rebounded over 1 percent on Monday in a holiday-shortened week amid a sharp r",2025-04-28,-2,False,environment,"q4 results, nifty, sensex",Low ESG relevance or finance-only context,2026-10-04
HCLTECH,HCL Technologies,"Markets at 5-week high: Sensex soars 900 pts, Nifty above 23,200 on Fed boost; all sectors in green Benchmark equity indices surged over 1 percent on Thursday, with the Nifty reclaiming the crucial 23",2025-03-20,-4,False,,"intraday, resistance, nifty, sensex",Low ESG relevance or finance-only context,2026-10-04
HCLTECH,HCL Technologies,"Sensex, Nifty hit eight-month low on US growth concerns; banking, IT stocks take a hit India's benchmark indexes slumped to their lowest levels in eight months, down 0.9 percent by noon on February 24",2025-02-24,-3,False,green energy,"target price, intraday, nifty, sensex",Low ESG relevance or finance-only context,2026-10-04
HCLTECH,HCL Technologies,"Trade Spotlight: How should you trade HCL Tech, Shree Cement, Asian Paints, Nykaa, Bharti Airtel, Samvardhana Motherson, and others on March 25? The market clocked a 1.3 percent rally on March 24, ext",2025-03-25,-1,False,,support level,Low ESG relevance or finance-only context,2026-10-04
HCLTECH,HCL Technologies,"Tech Mahindra loses 622 employees in Q1, third consecutive quarter of decline IT services major Tech Mahindra's headcount decreased by 622 sequentially in the first quarter ended June 30, 2025. This i",2025-07-16,-1,False,,q1 results,Low ESG relevance or finance-only context,2026-10-04
HCLTECH,HCL Technologies,"Sensex sheds 500 pts, Nifty below 25,000: Weak Axis Bank Q1 earnings among key factors behind market decline The benchmark equity indices declined sharply on Friday, dragged by weak earnings from Axis",2025-07-18,-4,False,,"intraday, resistance, nifty, sensex",Low ESG relevance or finance-only context,2026-10-04
HCLTECH,HCL Technologies,"TCS job cuts worry brokerages as execution, attrition concerns emerge, stock slips Information technology giant Tata Consultancy Services Ltd (TCS) shares slipped in trade on Monday, July 28, after Mo",2025-07-28,-2,False,,"target price, brokerage",Low ESG relevance or finance-only context,2026-10-04
HCLTECH,HCL Technologies,"Sensex down nearly 700 pts, Nifty below 22,650; bank, IT stocks drag; mid-, small-cap indices fall over 1% Indian benchmark indexes Sensex and Nifty opened lower on February 24, tracking a global mark",2025-02-24,-2,False,green energy,"resistance, nifty, sensex",Low ESG relevance or finance-only context,2026-10-04
HCLTECH,HCL Technologies,"Stocks to Watch Today: HUL, Coal India, Gandhar Oil Refinery, Nureca, Paytm, HG Infra, Tata Power, Anant Raj in focus on 22 April Let's catch up on the latest news from the stock market. From signific",2025-04-22,0,False,renewable,brokerage,Low ESG relevance or finance-only context,2026-10-04
HCLTECH,HCL Technologies,"Sensex drops 850 pts, Nifty below 22,600, hits 8-month low on US growth concerns; Nifty IT sinks nearly 3% Sensex and Nifty extended their losing streak to a fifth straight session, plunging to an eig",2025-02-24,-4,False,green energy,"target price, intraday, resistance, nifty, sensex",Low ESG relevance or finance-only context,2026-10-04
HCLTECH,HCL Technologies,"Stocks to Watch Today: HCLTech, Tata Tech, Rallis India, Power Mech Projects, RailTel, Sun Pharma, Deepak Fertilisers, Oberoi Realty in focus on 15 July Let's catch up on the latest news from the stoc",2025-07-15,0,False,,,Low ESG relevance or finance-only context,2026-10-04
HCLTECH,HCL Technologies,"Sensex declines over 200 pts, Nifty below 25,100: Selling in IT stocks among key factors behind market decline The equity benchmarks Sensex and Nifty declined for the fourth straight day on Monday ami",2025-07-14,-3,False,,"intraday, nifty, sensex",Low ESG relevance or finance-only context,2026-10-04
HCLTECH,HCL Technologies,"Buy HCL Technologies; target of Rs 2000: Motilal Oswal Motilal Oswal's research report on HCL Technologies  HCL Technologies (HCLT) reported 1QFY26 revenue of USD3.5b, down 0.8% QoQ CC vs. our estimat",2025-07-15,0,False,,,Low ESG relevance or finance-only context,2026-10-04
HCLTECH,HCL Technologies,"Buy HCL Technologies; target of Rs 1730: Sharekhan Sharekhan's research report on HCL Technologies  HCL Tech reported revenue of $3,498 million, down 0.8% in CC terms, nearly in line with our estimate",2025-04-23,0,False,,,Low ESG relevance or finance-only context,2026-10-04
HCLTECH,HCL Technologies,"Sensex soars 450 pts, Nifty above 25,200: Easing inflation, IT buying, other key factors behind market rebound The benchmark equity indices Sensex and Nifty bounced back on Tuesday after four consecut",2025-07-15,-4,False,,"intraday, q1 results, nifty, sensex",Low ESG relevance or finance-only context,2026-10-04
HCLTECH,HCL Technologies,Reduce HCL Technologies; target of Rs 1390: ICICI Securities ICICI Securities research report on HCL Technologies  HCLT’s FY26 revenue organic guidance of 1–4% YoY CC appears optimistic at its upper e,2025-04-23,0,False,,,Low ESG relevance or finance-only context,2026-10-04
HCLTECH,HCL Technologies,"HCL Tech Consolidated March 2025 Net Sales at Rs 30,246.00 crore, up 6.13% Y-o-Y Reported Consolidated quarterly numbers for HCL Technologies are:    Net Sales at Rs 30,246.00 crore in March 2025 up 6",2025-04-24,0,False,,,Low ESG relevance or finance-only context,2026-10-04
HCLTECH,HCL Technologies,"HCL Technologies Shares Fall More Than 2% in Today's Trading Session     During today's session, HCL Technologies shares experienced a downturn, triggered by a price fall alert. The stock declined by ",2025-06-23,0,False,inclusion,nifty,Low ESG relevance or finance-only context,2026-10-04
HCLTECH,HCL Technologies,"HCLTech says specialisation to drive fresher hiring, 'elite' cadres to get 4X higher pay India’s third largest IT services major HCLTech has tweaked its fresher hiring strategy. Not quantity, but qual",2025-07-14,0,False,,,Low ESG relevance or finance-only context,2026-10-04
HCLTECH,HCL Technologies,"Hold HCL Technologies; target of Rs 1550: Prabhudas Lilladher Prabhudas Lilladher's research report on HCL Technologies  The revenue growth performance was tad below our estimates, largely attributed ",2025-07-15,0,False,,,Low ESG relevance or finance-only context,2026-10-04
HCLTECH,HCL Technologies,"Stocks to Watch Today: Power Grid, Bharat Electronics, DLF, Rail Vikas Nigam, HFCL, Shyam Metalics, ACME Solar, Borosil, Petronet LNG in focus on 20 May Let's catch up on the latest news from the stoc",2025-05-20,0,False,,,Low ESG relevance or finance-only context,2026-10-04
HCLTECH,HCL Technologies,"HCLTech to Announce Q1 FY26 Results on July 14, Host Conference Call     HCLTech is set to announce its financial results for the first quarter of fiscal year 2026, ended June 30, 2025, on Monday, Jul",2025-07-08,0,False,,,Low ESG relevance or finance-only context,2026-10-04
HCLTECH,HCL Technologies,"Sensex slips over 1,000 pts, Nifty below 24,500: Rising US bond yields among key factors behind market sell-off The benchmark equity indices tumbled over 1 percent on Thursday, tracking a sharp sell-o",2025-05-22,0,False,"sustainability, sustainable","nifty, sensex",Low ESG relevance or finance-only context,2026-10-04
HCLTECH,HCL Technologies,"HCL Technologies shares fall 2.06% in today's session HCL Technologies shares experienced a decline of 2.06% to Rs 1,672.90 in Wednesday's trading session. This movement reflects a shift in investor s",2025-07-09,-1,False,,nifty,Low ESG relevance or finance-only context,2026-10-04
HCLTECH,HCL Technologies,"HCL Tech Consolidated June 2025 Net Sales at Rs 30,349.00 crore, up 8.17% Y-o-Y Reported Consolidated quarterly numbers for HCL Technologies are:    Net Sales at Rs 30,349.00 crore in June 2025 up 8.1",2025-07-15,0,False,,,Low ESG relevance or finance-only context,2026-10-04
HCLTECH,HCL Technologies,"Sensex soars 1,200 pts, Nifty reclaims 25k: India-US trade deal hopes, other reasons behind market rally The equity benchmarks staged a sharp trend reversal on Thursday, with the Sensex soaring nearly",2025-05-15,-2,False,,"nifty, sensex",Low ESG relevance or finance-only context,2026-10-04
HCLTECH,HCL Technologies,"HCL Technologies shares fall 2.01% in early trade Shares of HCL Technologies declined by 2.01% to Rs 1,587.20 in early trade on Tuesday. The stock's performance is in comparison to its previous close,",2025-07-15,-1,False,,nifty,Low ESG relevance or finance-only context,2026-10-04
HCLTECH,HCL Technologies,"Buy HCL Technologies; target of Rs 1850: Sharekhan Sharekhan's research report on HCL Technologies  Reported revenue stood at $3,545 million, up 1.3 % q-o-q/5.4% y-oy, in line with our estimate of $3,",2025-07-15,0,False,,,Low ESG relevance or finance-only context,2026-10-04
HCLTECH,HCL Technologies,"Sensex falls 400 pts, Nifty at 23,200: Trump’s reciprocal tariffs among key factors to rattle markets Benchmark indices Sensex and Nifty slipped in early trade on Thursday, tracking weak global cues a",2025-04-03,-3,False,,"candlestick, nifty, sensex",Low ESG relevance or finance-only context,2026-10-04
HCLTECH,HCL Technologies,"Sensex drops nearly 400 pts, Nifty below 25,000: Muted global cues among key factors behind market decline The equity benchmarks came under pressure on Friday as profit-booking and weak global cues dr",2025-05-16,-4,False,,"intraday, resistance, nifty, sensex",Low ESG relevance or finance-only context,2026-10-04
HCLTECH,HCL Technologies,"Hold HCL Technologies; target of Rs 1693: Deven Choksey Deven Choksey's research report on HCL Technologies  Q1FY26 revenue came in at INR 3,03,490 Mn. (+0.3% QoQ /+8.2% YoY), in-line with our estimat",2025-07-16,-1,False,,target price,Low ESG relevance or finance-only context,2026-10-04
HCLTECH,HCL Technologies,"HCL Technologies shares fall 4% on weaker-than-expected Q1 show; should you buy, sell, or hold? IT services player HCL Technologies Ltd shares slipped on Tuesday, July 15, after the information techno",2025-07-15,-2,False,,"target price, brokerage",Low ESG relevance or finance-only context,2026-10-04
HCLTECH,HCL Technologies,"HCL Tech Standalone June 2025 Net Sales at Rs 13,073.00 crore, up 10.94% Y-o-Y Reported Standalone quarterly numbers for HCL Technologies are:    Net Sales at Rs 13,073.00 crore in June 2025 up 10.94%",2025-07-15,0,False,,,Low ESG relevance or finance-only context,2026-10-04
HCLTECH,HCL Technologies,"Infosys Q1 preview: 5 key factors to watch for As Infosys gets ready to announce its first quarter results on July 23, investors will be closely tracking signs of a turnaround at India’s second-larges",2025-07-22,0,False,environment,brokerage,Low ESG relevance or finance-only context,2026-10-04
HCLTECH,HCL Technologies,"HCLTech Q1 results: Net profit falls 10% to Rs 3,843 crore, firm declares Rs 12 dividend IT services firm HCLTech on July 14 reported 10% decline in consolidated net profit at Rs 3,843 crore for the q",2025-07-14,0,False,environment,q1 results,Low ESG relevance or finance-only context,2026-10-04
HCLTECH,HCL Technologies,Buy HCL Technologies; target of Rs 2000: Motilal Oswal Motilal Oswal's research report on HCL Technologies  We hosted the management of HCL Technologies (HCLT) for a two-day NDR in London on 16th-17th,2025-07-24,0,False,,,Low ESG relevance or finance-only context,2026-10-04
HCLTECH,HCL Technologies,"HCL Tech Standalone March 2025 Net Sales at Rs 13,432.00 crore, up 11.22% Y-o-Y Reported Standalone quarterly numbers for HCL Technologies are:    Net Sales at Rs 13,432.00 crore in March 2025 up 11.2",2025-04-24,0,False,,,Low ESG relevance or finance-only context,2026-10-04
HCLTECH,HCL Technologies,"HCL Technologies shares fall 2.70% amid high volume in early trade Shares of HCL Technologies declined by 2.70% to Rs 1,576 in early trade on Tuesday. The stock experienced a jump in volume and is cur",2025-07-15,-1,False,,nifty,Low ESG relevance or finance-only context,2026-10-04
HCLTECH,HCL Technologies,"Sensex snaps 2-day winning streak, Nifty holds 22,500 after volatile session amid US tariff concerns; IT, realty drag Sensex ended marginally lower on Friday after a choppy session as concerns over gl",2025-03-07,-4,False,,"intraday, resistance, nifty, sensex",Low ESG relevance or finance-only context,2026-10-04
HCLTECH,HCL Technologies,"Buy HCL Technologies; target of Rs 1800: Motilal Oswal Motilal Oswal's research report on HCL Technologies  HCL Technologies (HCLT) reported 4QFY25 revenue of USD3.4b, down 0.8% QoQ and 2.9% YoY in co",2025-04-23,0,False,,,Low ESG relevance or finance-only context,2026-10-04
HCLTECH,HCL Technologies,"Trade Spotlight: How should you trade CG Power Industrial, Ashok Leyland, HCL Technologies, BPCL, Biocon, Lupin, GAIL and others on June 12? Equity benchmark indices finished 0.15 percent higher on Ju",2025-06-12,-1,False,,nifty,Low ESG relevance or finance-only context,2026-10-04
HCLTECH,HCL Technologies,"Trade Spotlight: How should you trade Paytm, Indian Bank, InterGlobe Aviation, Larsen & Toubro, Transrail Lighting, Fortis Healthcare, and others on August 12? Equity benchmark indices bounced back wi",2025-08-12,-1,False,,resistance,Low ESG relevance or finance-only context,2026-10-04
HCLTECH,HCL Technologies,"Trade Spotlight: How should you trade TBO Tek, CreditAccess Grameen, MCX, Maruti Suzuki, Acutaas Chemicals, Max Financial, and others on August 13? The benchmark indices failed to extend the previous ",2025-08-12,-4,False,,"stock price, resistance, support level, nifty",Low ESG relevance or finance-only context,2026-10-04
TECHM,Tech Mahindra,Tech Mahindra initiates key leadership changes to drive growth IT services major Tech Mahindra on May 13 announced several leadership changes to drive strategic growth in critical markets.    Manish M,2025-05-13,0,False,,,Low ESG relevance or finance-only context,2026-10-04
TECHM,Tech Mahindra,"Infosys, TCS, other IT heavyweights drop 1%, IT index snaps 2-day gaining streak amid weak market Several IT stocks declined on May 27, pushing the Nifty IT index down into the red to snap its two-day",2025-05-27,-3,False,,"share price, nifty, sensex",Low ESG relevance or finance-only context,2026-10-04
TECHM,Tech Mahindra,"Nifty IT index tops the chart after gaining Rs 1.16 lakh crore in value in nine sessions with eight up days The shares of TCS and Infosys were among the leading contributor on Sensex, as IT companies ",2025-06-16,-1,False,environment,"nifty, sensex",Low ESG relevance or finance-only context,2026-10-04
TECHM,Tech Mahindra,"Sensex soars 500 pts, Nifty above 24,700: Easing inflation among key factors behind market rebound The benchmark stock indices rebounded on Wednesday, with the Sensex jumping over 500 points and the N",2025-05-14,-4,False,,"intraday, support level, nifty, sensex",Low ESG relevance or finance-only context,2026-10-04
TECHM,Tech Mahindra,"Nifty IT sharply down on selloff after Fed's inflation, tariff view; Wipro sole gainer on upgrade Shares of IT companies were sharply lower on June 19, after the US Federal Reserve kept key interest r",2025-06-19,-2,False,,"target price, nifty",Low ESG relevance or finance-only context,2026-10-04
TECHM,Tech Mahindra,"Buy Tech Mahindra; target of Rs 1950: Motilal Oswal Motilal Oswal's research report on Tech Mahindra  Tech Mahindra (TECHM) reported 4QFY25 revenue of USD1.5b, down 1.5% QoQ in constant currency (CC) ",2025-04-25,0,False,,,Low ESG relevance or finance-only context,2026-10-04
TECHM,Tech Mahindra,"Chartist Talks: Sudeep Shah of SBI Securities urges caution, reveals top stock ideas for the coming week According to Sudeep Shah of SBI Securities, the overall chart structure suggests that the marke",2025-06-15,-3,False,,"intraday, resistance, nifty",Low ESG relevance or finance-only context,2026-10-04
TECHM,Tech Mahindra,"Tech Mahindra Q4FY25 earnings signal turnaround, brokerages optimistic Shares of Tech Mahindra have slipped after a quiet start, in line with the weakness in broader markets, even as the IT services c",2025-04-25,-2,False,environment,"target price, buy call, brokerage",Low ESG relevance or finance-only context,2026-10-04
TECHM,Tech Mahindra,"Sensex settles nearly 600 pts lower, Nifty below 24,700: FII selling, rising India VIX among key factors behind market fall The equity benchmark indices Sensex and Nifty declined for the third day on ",2025-07-28,-4,False,,"intraday, resistance, nifty, sensex",Low ESG relevance or finance-only context,2026-10-04
TECHM,Tech Mahindra,"Trade Spotlight: How should you trade Ramco Cements, Mphasis, CRISIL, Prism Johnson, NIIT, Jindal Steel, BHEL and others on June 11? The benchmark indices closed flat amid rangebound trading on June 1",2025-06-10,-3,False,,"candlestick, support level, nifty",Low ESG relevance or finance-only context,2026-10-04
TECHM,Tech Mahindra,"Trade Spotlight: How should you trade Axis Bank, Power Mech Projects, UltraTech Cement, Jupiter Life, Jubilant Foodworks, and others on March 26? The market has seen some consolidation after surpassin",2025-03-26,-4,False,,"stock price, candlestick, resistance, support level",Low ESG relevance or finance-only context,2026-10-04
TECHM,Tech Mahindra,"Black Friday: Sensex crashes over 1,000 pts, Nifty sinks below 22,900; Trump tariffs among key factors to spook markets Equity markets witnessed a sharp sell-off on Friday, with benchmark indices fall",2025-04-04,-5,False,,"intraday, resistance, support level, nifty, sensex",Low ESG relevance or finance-only context,2026-10-04
TECHM,Tech Mahindra,Accumulate Tech Mahindra; target of Rs 1530: Prabhudas Lilladher Prabhudas Lilladher's research report on Tech Mahindra  The performance on the topline (-1.5% CC QoQ) was below our estimates (+0.3% CC,2025-04-25,0,False,,,Low ESG relevance or finance-only context,2026-10-04
TECHM,Tech Mahindra,"Buy Tech Mahindra; target of Rs 1950: Sharekhan Sharekhan's research report on Tech Mahindra  Reported revenues stood at $1,564 million, down 1.4% q-o-q in CC terms, missing our estimate of a 0.7% seq",2025-07-18,0,False,,,Low ESG relevance or finance-only context,2026-10-04
TECHM,Tech Mahindra,"Sensex slips 400 pts from day's high, Nifty below 25,350: Trade deal jitters among key factors behind market decline The equity benchmarks Sensex and Nifty opened marginally higher on Friday, tracking",2025-07-04,-3,False,,"resistance, nifty, sensex",Low ESG relevance or finance-only context,2026-10-04
TECHM,Tech Mahindra,"IT, metal, realty stocks tumble up to 4% as Trump's tariffs, FOMC meet outcome weigh The shares of IT, metal and realty companies tumbled in morning trade on July 31 as Trump’s tariffs and penalty on ",2025-07-31,0,False,"environment, penalty","nifty, sensex",Low ESG relevance or finance-only context,2026-10-04
TECHM,Tech Mahindra,"Sensex jumps 600 pts, Nifty above 23,300: Positive global cues ahead of US tariffs among key factors behind market rally Benchmark indices Sensex and Nifty surged in early trade on Wednesday, recoveri",2025-04-02,-3,False,,"support level, nifty, sensex",Low ESG relevance or finance-only context,2026-10-04
TECHM,Tech Mahindra,"Tech Mahindra, NTPC, Zomato shares lead over 400-point recovery on Sensex from day's low The Sensex recovered major losses to end flat as markets closed on February 18. The benchmark index recovered  ",2025-02-18,-3,False,,"stock price, trading volume, sensex",Low ESG relevance or finance-only context,2026-10-04
TECHM,Tech Mahindra,"Persistent, TechM, other IT stocks drop up to 4% amid escalating US-China trade tensions The shares of IT companies tumbled on June 2 amid escalating trade tensions between US and China. The sharp fal",2025-06-02,-2,False,,"share price, nifty",Low ESG relevance or finance-only context,2026-10-04
TECHM,Tech Mahindra,"Trade Spotlight: How should you trade Maruti Suzuki, APL Apollo Tubes, Devyani International, Aditya Birla Capital, Motherson, and others on May 8? The benchmark indices recovered smartly from the day",2025-05-07,-3,False,,"candlestick, resistance, nifty",Low ESG relevance or finance-only context,2026-10-04
TECHM,Tech Mahindra,"Sensex plunges 800 pts, Nifty below 24k as Pahalgam attack fuels geopolitical jitters; small, midcap indices fall 3% The Indian stock market is under pressure on April 25, continuing with losses after",2025-04-25,-3,False,,"intraday, nifty, sensex",Low ESG relevance or finance-only context,2026-10-04
TECHM,Tech Mahindra,"Auto, IT stocks in red amid tariff uncertainty; Maruti Suzuki, Tech Mahindra shares down up to 2% The shares of auto and IT companies dropped on July 7 as uncertainties around higher US tariffs and no",2025-07-07,-2,False,,"share price, nifty",Low ESG relevance or finance-only context,2026-10-04
TECHM,Tech Mahindra,"Brokerages mixed on Tech Mahindra following Q1 show, shares fall; should you buy, sell, or hold shares? Information and technology player Tech Mahindra Ltd (TechM) shares fell on Thursday, July 17, af",2025-07-17,-2,False,,"target price, brokerage",Low ESG relevance or finance-only context,2026-10-04
TECHM,Tech Mahindra,"Tech Mahindra Q1 Results: Net profit jumps 34% on-year, tops Rs 1,140 crore on low expenditure Tech Mahindra reported a robust set of earnings for Q1 FY26, with the net profit jumping 34% year-on-year",2025-07-16,0,False,environment,q1 results,Low ESG relevance or finance-only context,2026-10-04
TECHM,Tech Mahindra,"Tech Mahindra loses 622 employees in Q1, third consecutive quarter of decline IT services major Tech Mahindra's headcount decreased by 622 sequentially in the first quarter ended June 30, 2025. This i",2025-07-16,-1,False,,q1 results,Low ESG relevance or finance-only context,2026-10-04
TECHM,Tech Mahindra,"Buy Tech Mahindra; target of Rs 2000: Motilal Oswal Motilal Oswal's research report on Tech Mahindra  Tech Mahindra (TECHM) reported 1QFY26 revenue of USD1.6b, down 1.4% QoQ in constant currency (CC) ",2025-07-17,0,False,,,Low ESG relevance or finance-only context,2026-10-04
TECHM,Tech Mahindra,"Nifty IT rallies one percent, snapping a two-day fall on strong Nvidia Q1, ruling against Trump tariffs The shares of IT companies surged on May 29 after US chipmaker Nvidia posted strong Q1 results a",2025-05-29,-2,False,,"q1 results, nifty",Low ESG relevance or finance-only context,2026-10-04
TECHM,Tech Mahindra,"Tech Mahindra share price falls 2.02% on Nifty 50 Shares of Tech Mahindra declined by 2.02 percent to Rs 1,570.20 on Monday. At 12:16 pm, the stock was trading lower on the Nifty 50.    Quarterly Fina",2025-07-14,-2,False,,"share price, nifty",Low ESG relevance or finance-only context,2026-10-04
TECHM,Tech Mahindra,"Sensex falls 300 pts, Nifty below 24,750 on renewed tariff concerns; Auto, Metal, IT drag The equity benchmarks Sensex and Nifty extended losses by noon after a flat start on Friday amid weak global c",2025-05-30,-2,False,,"nifty, sensex",Low ESG relevance or finance-only context,2026-10-04
TECHM,Tech Mahindra,"Tech Mahindra Consolidated June 2025 Net Sales at Rs 13,351.20 crore, up 2.66% Y-o-Y Reported Consolidated quarterly numbers for Tech Mahindra are:    Net Sales at Rs 13,351.20 crore in June 2025 up 2",2025-07-17,0,False,,,Low ESG relevance or finance-only context,2026-10-04
TECHM,Tech Mahindra,"Tech Mahindra Consolidated March 2025 Net Sales at Rs 13,384.00 crore, up 3.98% Y-o-Y Reported Consolidated quarterly numbers for Tech Mahindra are:    Net Sales at Rs 13,384.00 crore in March 2025 up",2025-04-25,0,False,,,Low ESG relevance or finance-only context,2026-10-04
TECHM,Tech Mahindra,"Tech Mahindra Standalone March 2025 Net Sales at Rs 11,583.60 crore, up 11.26% Y-o-Y Reported Standalone quarterly numbers for Tech Mahindra are:    Net Sales at Rs 11,583.60 crore in March 2025 up 11",2025-04-25,0,False,,,Low ESG relevance or finance-only context,2026-10-04
TECHM,Tech Mahindra,"Tech Mahindra Standalone June 2025 Net Sales at Rs 11,594.60 crore, up 9.08% Y-o-Y Reported Standalone quarterly numbers for Tech Mahindra are:    Net Sales at Rs 11,594.60 crore in June 2025 up 9.08%",2025-07-18,0,False,,,Low ESG relevance or finance-only context,2026-10-04
TECHM,Tech Mahindra,"IT shares snap three-day gaining streak ahead of US Fed meet; Coforge, TCS, others fall up to 1.5% The shares of several IT companies dropped on June 18, pushing the Nifty IT index down over half a pe",2025-06-18,-2,False,,"nifty, sensex",Low ESG relevance or finance-only context,2026-10-04
TECHM,Tech Mahindra,"Buy Tech Mahindra; target of Rs 1650: Sharekhan Sharekhan's research report on Tech Mahindra  Reported revenue stood at $1,549 million, down 1.5% q-o-q in CC terms missing our estimate of 0.6% sequent",2025-04-29,0,False,,,Low ESG relevance or finance-only context,2026-10-04
TECHM,Tech Mahindra,"Tech Mahindra Shares Trade Lower Today Amid High Volume During today's session, Tech Mahindra shares experienced a decline of 0.84 percent, with the current price at Rs 1,536.10. This movement occurre",2025-06-03,-1,False,,nifty,Low ESG relevance or finance-only context,2026-10-04
TECHM,Tech Mahindra,"Tech Mahindra Shares Rise by 1.22%, Experience Increased Trading Volume Today During today's trading session, Tech Mahindra shares saw a notable increase in trading volume, accompanied by a rise of 1.",2025-06-04,-1,False,inclusion,"trading volume, nifty",Low ESG relevance or finance-only context,2026-10-04
TECHM,Tech Mahindra,"LTI Mindtree, TechM surge 2% as IT index rallies on a rangebound day: What's pushing IT higher Shares of IT companies sharply ended higher on April 29, sharply off lows on hopes of easing trade tensio",2025-04-29,-4,False,environment,"share price, stock price, brokerage, q4 results, nifty",Low ESG relevance or finance-only context,2026-10-04
TECHM,Tech Mahindra,"Sensex falls nearly 350 points, Nifty below 25,400: IT losses among key factors behind market decline The benchmark stock indices Sensex and Nifty traded lower on Thursday, as losses in IT stocks as c",2025-07-10,-3,False,,"q1 results, nifty, sensex",Low ESG relevance or finance-only context,2026-10-04
TECHM,Tech Mahindra,"Persistent Systems, Infosys, other IT shares drop up to 2% as trade, geopolitical tensions weigh The shares of major IT players dropped on June 12 after uncertain US tariff rules and geopolitical tens",2025-06-12,0,False,labor,nifty,Low ESG relevance or finance-only context,2026-10-04
TECHM,Tech Mahindra,"Trade Spotlight: How should you trade TVS Motor, CDSL, Angel One, Tech Mahindra, Container Corporation, Adani Green Energy and others on May 19? The benchmark indices took a breather after a 1.6 perce",2025-05-18,-3,False,green energy,"resistance, support level, trading volume, nifty",Low ESG relevance or finance-only context,2026-10-04
TECHM,Tech Mahindra,"Trade Spotlight: How should you trade Chennai Petroleum, NHPC, Valor Estate, KPR Mill, Motherson Sumi Wiring, Tech Mahindra and others on July 9? Equity benchmarks gained strength in late trade after ",2025-07-08,-3,False,,"intraday, support level, nifty",Low ESG relevance or finance-only context,2026-10-04
TECHM,Tech Mahindra,"Coforge, Mphasis, other IT shares rise up to 4% on optimism over US-China trade talks The shares of IT companies are higher on June 10, pushing the Nifty IT index up over 1.5 percent to emerge as the ",2025-06-10,-4,False,,"share price, target price, brokerage, nifty",Low ESG relevance or finance-only context,2026-10-04
TECHM,Tech Mahindra,"Sensex rises over 250 points, Nifty above 24,600: Positive global cues among key factors behind market rise The benchmark equity indices rebounded on Wednesday, recovering from a three-day losing stre",2025-06-04,-2,False,,"nifty, sensex",Low ESG relevance or finance-only context,2026-10-04
TECHM,Tech Mahindra,"Sensex down 500 pts, Nifty below 25,100: Nestle Q1 results among key factors behind market decline The benchmark indices gave up early gains and traded lower at around noon on Thursday, dragged by sel",2025-07-24,-6,False,,"stock price, brokerage, resistance, q1 results, nifty, sensex",Low ESG relevance or finance-only context,2026-10-04
TECHM,Tech Mahindra,"'Sholay days of IT are over': CP Gurnani says TCS layoffs show focus towards outcome, not headcount CP Gurnani, IT industry veteran and former CEO of Tech Mahindra, said layoffs at TCS imply that the ",2025-07-28,0,False,,,Low ESG relevance or finance-only context,2026-10-04
TECHM,Tech Mahindra,"Tech Mahindra Announces Special Window for Physical Share Transfers Tech Mahindra Limited has announced a special window for re-lodgement of transfer requests of physical shares, as per a notification",2025-08-05,0,False,,,Low ESG relevance or finance-only context,2026-10-04
TECHM,Tech Mahindra,"Tech Mahindra, Infosys, other IT stocks tumble on concerns over US' fiscal deficit The shares of IT companies tumbled on May 22, tracking Wall Street peers over concerns of possible widening of US' fe",2025-05-22,-2,False,,"nifty, sensex",Low ESG relevance or finance-only context,2026-10-04
TECHM,Tech Mahindra,"Tech Mahindra shares rise by 2.1% in today's session Tech Mahindra's stock experienced a rise of 2.1% to reach Rs 1644.80 in today's session, driven by positive investor sentiment. This increase marks",2025-06-11,-2,False,,"stock price, nifty",Low ESG relevance or finance-only context,2026-10-04
TECHM,Tech Mahindra,IT stocks drop up to 1.5% ahead of TCS Q1 results tomorrow The shares of IT companies declined in trade on July 9 as investors actively awaited the release of the first set to Q1 FY26 results from the,2025-07-09,-2,False,environment,"share price, q1 results, nifty",Low ESG relevance or finance-only context,2026-10-04
TECHM,Tech Mahindra,"Infosys, TechM, others up 2% as US Fed chief Powell's testimony spurs rate cut bets Shares of IT companies were higher on June 25 as market participants saw US Federal Reserve Chair Jerome Powell's te",2025-06-25,-1,False,labor,"share price, nifty",Low ESG relevance or finance-only context,2026-10-04
TECHM,Tech Mahindra,"Investors cheer Trump's tariff pause: These are the top gaining spaces Benchmark Indian indices surged on April 11, with Sensex rising over 1,300 points and Nifty 50 up nearly 2 percent following a re",2025-04-11,-1,False,labor,"nifty, sensex",Low ESG relevance or finance-only context,2026-10-04
TECHM,Tech Mahindra,"Coforge, HCL Tech, other IT names rise up to 3% on hopes of early Fed rate cut, Nasdaq rally The Nifty IT index is higher on June 27, tracking Wall Street peers on rising hopes of a US Fed rate cut so",2025-06-27,-1,False,,nifty,Low ESG relevance or finance-only context,2026-10-04
TECHM,Tech Mahindra,"Sensex surges 300 pts from day's low, Nifty above 25,200: 3 key reasons behind market rise The equity benchmark indices Sensex and Nifty settled marginally higher on Wednesday, rebounding from early l",2025-07-16,-4,False,,"intraday, q1 results, nifty, sensex",Low ESG relevance or finance-only context,2026-10-04
TECHM,Tech Mahindra,"Sensex settles 600 pts lower, Nifty below 24,600: Trump's tariffs among key factors behind market fall Benchmark equity indices fell to their lowest levels in about two months on Friday, dragged down ",2025-08-01,-4,False,,"intraday, resistance, nifty, sensex",Low ESG relevance or finance-only context,2026-10-04
TECHM,Tech Mahindra,"Sensex declines over 200 pts, Nifty below 25,100: Selling in IT stocks among key factors behind market decline The equity benchmarks Sensex and Nifty declined for the fourth straight day on Monday ami",2025-07-14,-3,False,,"intraday, nifty, sensex",Low ESG relevance or finance-only context,2026-10-04
TECHM,Tech Mahindra,Trump's tariff scare spooks Dalal Street: Three stocks that bled the most on Sensex The selling pressure on Dalal Street - induced by US President Trump's tariff scare - saw a cut of over 500 points o,2025-02-10,-3,False,,"share price, trading volume, sensex",Low ESG relevance or finance-only context,2026-10-04
TECHM,Tech Mahindra,"Sensex recovers over 900 pts from day's low, Nifty near 24,600: 5 key reasons behind sharp market recovery The equity benchmark indices pared early losses and staged a smart recovery on the weekly exp",2025-08-07,-3,False,,"intraday, nifty, sensex",Low ESG relevance or finance-only context,2026-10-04
TECHM,Tech Mahindra,"Sensex, Nifty extend gaining streak to 6th day: Does this rally have more legs? Here's what experts say Benchmark equity indices Sensex and Nifty extended their gaining streak for the sixth consecutiv",2025-03-24,-3,False,sustainability,"resistance, support level, nifty, sensex",Low ESG relevance or finance-only context,2026-10-04
TECHM,Tech Mahindra,"Coforge, HCL Tech, Wipro, other IT shares jump up to 7% amid hopes of easing trade tensions The shares of IT companies strongly surged on April 23 after US President Donald Trump hinted at slashing ta",2025-04-23,-3,False,,"share price, q4 results, nifty",Low ESG relevance or finance-only context,2026-10-04
TECHM,Tech Mahindra,"Sensex falls 200 pts, Nifty below 25,500 amid caution ahead of India-US trade deal, Q1 earnings announcement; metal, IT stocks decline The equity benchmark indices closed lower on Wednesday as investo",2025-07-09,-2,False,,"nifty, sensex",Low ESG relevance or finance-only context,2026-10-04
TECHM,Tech Mahindra,"Pharma, IT stocks tumble up to 4% as Trump tariffs take effect The shares of pharma and IT companies tumbled on March 4 as US President Donald Trump's tariffs on Canada and Mexico came into effect, wh",2025-03-04,-1,False,labor,"share price, nifty",Low ESG relevance or finance-only context,2026-10-04
TECHM,Tech Mahindra,"Sensex slips over 1,000 pts, Nifty below 24,500: Rising US bond yields among key factors behind market sell-off The benchmark equity indices tumbled over 1 percent on Thursday, tracking a sharp sell-o",2025-05-22,0,False,"sustainability, sustainable","nifty, sensex",Low ESG relevance or finance-only context,2026-10-04
TECHM,Tech Mahindra,"Sensex drops over 800 pts, Nifty below 23,500: Lack of US tariff clarity among key factors behind market decline Equity benchmark indices Sensex and Nifty declined over 1 percent on Wednesday after a ",2025-03-26,-4,False,labor,"intraday, resistance, support level, nifty, sensex",Low ESG relevance or finance-only context,2026-10-04
TECHM,Tech Mahindra,"Sensex falls 400 pts, Nifty at 23,200: Trump’s reciprocal tariffs among key factors to rattle markets Benchmark indices Sensex and Nifty slipped in early trade on Thursday, tracking weak global cues a",2025-04-03,-3,False,,"candlestick, nifty, sensex",Low ESG relevance or finance-only context,2026-10-04
TECHM,Tech Mahindra,"Q1 impact: Deepinder Goyal's net worth surges by Rs 1,700 crore as Eternal shares rise 20% in two days Eternal, the parent company of Zomato and Blinkit, saw its shares surge nearly 15 percent to hit ",2025-07-22,-1,False,waste,"trading volume, nifty",Low ESG relevance or finance-only context,2026-10-04
TECHM,Tech Mahindra,"Sensex falls 600 pts, Nifty below 24,600: Tariff tensions, other key factors behind market decline The benchmark equity indices fell sharply on Monday, with the BSE Sensex tumbling nearly 600 points a",2025-06-02,-2,False,,"nifty, sensex",Low ESG relevance or finance-only context,2026-10-04
TECHM,Tech Mahindra,"Sensex snaps 2-day winning streak, Nifty holds 22,500 after volatile session amid US tariff concerns; IT, realty drag Sensex ended marginally lower on Friday after a choppy session as concerns over gl",2025-03-07,-4,False,,"intraday, resistance, nifty, sensex",Low ESG relevance or finance-only context,2026-10-04
TECHM,Tech Mahindra,"Sensex plunges 1,400 pts, Nifty ends below 22,150 on fresh tariff concerns; markets lose Rs 8.8 lakh crore in m-cap Sensex and Nifty tumbled almost 2 percent on February 28, caught in a wave of broad-",2025-02-28,-2,False,,"nifty, sensex",Low ESG relevance or finance-only context,2026-10-04
TECHM,Tech Mahindra,"Trade Spotlight: How should you trade Tech Mahindra, Zomato, Ajanta Pharma, IndiGo, JSW Steel, and others on February 19? The benchmark indices closed the rangebound session with a marginal loss on Fe",2025-02-18,-2,False,,"candlestick, resistance",Low ESG relevance or finance-only context,2026-10-04
TECHM,Tech Mahindra,"Trade Spotlight: How should you trade Sanghvi Movers, Kajaria Ceramics, TVS Motor, Tech Mahindra, Medanta, Pidilite Industries, and others on August 11? The benchmark saw a nearly 1 percent correction",2025-08-11,-1,False,sustainability,"intraday, resistance",Low ESG relevance or finance-only context,2026-10-04
LTIM,LTIMindtree,"Nifty IT sharply down on selloff after Fed's inflation, tariff view; Wipro sole gainer on upgrade Shares of IT companies were sharply lower on June 19, after the US Federal Reserve kept key interest r",2025-06-19,-2,False,,"target price, nifty",Low ESG relevance or finance-only context,2026-10-04
LTIM,LTIMindtree,"Stocks to Watch Today: Hitachi Energy, Lemon Tree Hotels, Embassy Developments, Western Carriers, Power Mech, Premier Energies in focus on 27 June Let's catch up on the latest news from the stock mark",2025-06-27,0,False,,,Low ESG relevance or finance-only context,2026-10-04
LTIM,LTIMindtree,"Trade Spotlight: How should you trade Crompton Greaves Consumer, Tata Motors, Kotak Mahindra Bank, SRF, ITD Cementation, and others on March 13? The market cut down losses due to buying interest in th",2025-03-13,-1,False,sustainable,"candlestick, nifty",Low ESG relevance or finance-only context,2026-10-04
LTIM,LTIMindtree,"Defence shares extend gains for 2nd day amid rising geopolitical tensions; Cochin Shipyard, BEML, others rally up to 5% Defence stocks made significant gains on June 3, pushing the Nifty India Defence",2025-06-03,-2,False,,"nifty, sensex",Low ESG relevance or finance-only context,2026-10-04
LTIM,LTIMindtree,"Bajaj Finance’s Rajeev Jain likely to be elevated to Bajaj Finserv’s board A succession planning exercise is underway at Sanjiv Bajaj-led Bajaj Finserv group, and Moneycontrol has learnt from highly-p",2025-03-19,0,False,,,Low ESG relevance or finance-only context,2026-10-04
LTIM,LTIMindtree,"Sensex jumps 500 pts, Nifty above 24,500: Sharp fall in crude, other key factors behind market rally The equity benchmark indices Sensex and Nifty surged in early trade on Monday amid sustained foreig",2025-05-05,-4,False,,"intraday, candlestick, nifty, sensex",Low ESG relevance or finance-only context,2026-10-04
LTIM,LTIMindtree,Reliance only Indian firm in highly valued global technology companies list Billionaire Mukesh Ambani’s Reliance Industries is the only Indian firm to have made it to the listing of top 30 publicly tr,2025-06-02,0,False,,,Low ESG relevance or finance-only context,2026-10-04
LTIM,LTIMindtree,"Trade Spotlight: How should you trade Nykaa, Amber Enterprises, JSW Steel, UltraTech Cement, Gujarat Gas, Lupin, and others on July 3? The benchmark indices saw profit booking on July 2, falling more ",2025-07-02,-2,False,,"candlestick, resistance",Low ESG relevance or finance-only context,2026-10-04
LTIM,LTIMindtree,"Pharma stocks slump as Trump shoots letters to 17 global drug majors seeking lower prices Shares of leading pharma companies are sharply lower, as investors tried to assess the impact of US President ",2025-08-01,-2,False,,"brokerage, nifty",Low ESG relevance or finance-only context,2026-10-04
LTIM,LTIMindtree,"'Sholay days of IT are over': CP Gurnani says TCS layoffs show focus towards outcome, not headcount CP Gurnani, IT industry veteran and former CEO of Tech Mahindra, said layoffs at TCS imply that the ",2025-07-28,0,False,,,Low ESG relevance or finance-only context,2026-10-04
LTIM,LTIMindtree,"Infosys, TechM, others up 2% as US Fed chief Powell's testimony spurs rate cut bets Shares of IT companies were higher on June 25 as market participants saw US Federal Reserve Chair Jerome Powell's te",2025-06-25,-1,False,labor,"share price, nifty",Low ESG relevance or finance-only context,2026-10-04
LTIM,LTIMindtree,"Metal, realty stocks tumble up to 3% as US Fed's hawkish stance weighs in The shares of metal and real estate companies tumbled on June 19, as no rate cuts from the US Federal Reserve sent jitters to ",2025-06-19,-2,False,,"share price, nifty",Low ESG relevance or finance-only context,2026-10-04
LTIM,LTIMindtree,"Taking Stock: Market snaps 4-day gain; Nifty manages to close above 25,500 Indian equity indices started the week on a weak footing as the benchmarks snapped a four-day gaining streak, dragging Nifty ",2025-06-30,-6,False,,"intraday, candlestick, resistance, support level, nifty, sensex",Low ESG relevance or finance-only context,2026-10-04
LTIM,LTIMindtree,"Sensex declines over 200 pts, Nifty below 25,100: Selling in IT stocks among key factors behind market decline The equity benchmarks Sensex and Nifty declined for the fourth straight day on Monday ami",2025-07-14,-3,False,,"intraday, nifty, sensex",Low ESG relevance or finance-only context,2026-10-04
LTIM,LTIMindtree,"Sensex soars 450 pts, Nifty above 25,200: Easing inflation, IT buying, other key factors behind market rebound The benchmark equity indices Sensex and Nifty bounced back on Tuesday after four consecut",2025-07-15,-4,False,,"intraday, q1 results, nifty, sensex",Low ESG relevance or finance-only context,2026-10-04
LTIM,LTIMindtree,"Nifty IT crashes 2% as fall in Persistent Systems, Coforge, Infosys shares weighs The Nifty IT index tumbled almost two percent in trade, dragged by midcap IT services players Persistent Systems Ltd a",2025-07-24,-2,False,,"brokerage, nifty",Low ESG relevance or finance-only context,2026-10-04
LTIM,LTIMindtree,"Trade Spotlight: How should you trade Kaynes Technology, Jindal Stainless, Hero MotoCorp, CCL Products, Grasim Industries and others on August 5? The benchmark indices snapped a two-day losing streak,",2025-08-05,-4,False,,"candlestick, resistance, support level, nifty",Low ESG relevance or finance-only context,2026-10-04
LTIM,LTIMindtree,Buy Ambuja Cement; target of Rs 692: Prabhudas Lilladher Prabhudas Lilladher's research report on Ambuja Cement  We visited Ambuja Cements’ (ACEM) Marwar Mundwa integrated cement unit and interacted w,2025-07-03,0,False,,,Low ESG relevance or finance-only context,2026-10-04
LTIM,LTIMindtree,"Buy HDFC Bank; target of Rs 2192: Geojit Financial Services Geojit Financial Services research report on HDFC Bank  Incorporated in August 1994, HDFC Bank provides a range of financial services includ",2025-05-14,-1,False,,target price,Low ESG relevance or finance-only context,2026-10-04
LTIM,LTIMindtree,"Zydus, Lupin seen weathering generic Myrbetriq court loss, says Elara report Zydus Lifesciences and Lupin are unlikely to face significant valuation impacts despite a US court ruling against them in a",2025-04-17,-3,False,,"stock price, target price, brokerage",Low ESG relevance or finance-only context,2026-10-04
LTIM,LTIMindtree,"Tariff tremors dent shares of Kalyan Jewellers despite a 37% revenue growth in March quarter Gold jewellery retailer Kalyan Jewellers' share prices fell over 3 percent in early trading on April 7, tra",2025-04-07,-1,False,,share price,Low ESG relevance or finance-only context,2026-10-04
LTIM,LTIMindtree,"RBL Bank evaluating opportunities in wealth management, says CEO RBL Bank is charting a plan to enter the wealth management space as it looks to position itself as a full-suite financial services prov",2025-05-21,0,False,,,Low ESG relevance or finance-only context,2026-10-04
MPHASIS,Mphasis,"Infosys, TCS, other IT heavyweights drop 1%, IT index snaps 2-day gaining streak amid weak market Several IT stocks declined on May 27, pushing the Nifty IT index down into the red to snap its two-day",2025-05-27,-3,False,,"share price, nifty, sensex",Low ESG relevance or finance-only context,2026-10-04
MPHASIS,Mphasis,"Nifty IT index tops the chart after gaining Rs 1.16 lakh crore in value in nine sessions with eight up days The shares of TCS and Infosys were among the leading contributor on Sensex, as IT companies ",2025-06-16,-1,False,environment,"nifty, sensex",Low ESG relevance or finance-only context,2026-10-04
MPHASIS,Mphasis,"Nifty IT sharply down on selloff after Fed's inflation, tariff view; Wipro sole gainer on upgrade Shares of IT companies were sharply lower on June 19, after the US Federal Reserve kept key interest r",2025-06-19,-2,False,,"target price, nifty",Low ESG relevance or finance-only context,2026-10-04
MPHASIS,Mphasis,"Trade Spotlight: How should you trade Ramco Cements, Mphasis, CRISIL, Prism Johnson, NIIT, Jindal Steel, BHEL and others on June 11? The benchmark indices closed flat amid rangebound trading on June 1",2025-06-10,-3,False,,"candlestick, support level, nifty",Low ESG relevance or finance-only context,2026-10-04
MPHASIS,Mphasis,"Small and midcap indices down for a second day over tariff threat and earnings Small and midcap shares were under selling pressure on August 6, weighing down the broader market indices for a second da",2025-08-06,0,False,sustainable,nifty,Low ESG relevance or finance-only context,2026-10-04
MPHASIS,Mphasis,"Markets at 5-week high: Sensex soars 900 pts, Nifty above 23,200 on Fed boost; all sectors in green Benchmark equity indices surged over 1 percent on Thursday, with the Nifty reclaiming the crucial 23",2025-03-20,-4,False,,"intraday, resistance, nifty, sensex",Low ESG relevance or finance-only context,2026-10-04
MPHASIS,Mphasis,"Sensex zooms 2,975 pts, Nifty above 24,900: India-Pak ceasefire among key factors behind massive market rally The domestic equity benchmarks rebounded sharply on Monday, with the Sensex rallying 2,975",2025-05-12,-3,False,,"intraday, nifty, sensex",Low ESG relevance or finance-only context,2026-10-04
MPHASIS,Mphasis,"IT, metal, realty stocks tumble up to 4% as Trump's tariffs, FOMC meet outcome weigh The shares of IT, metal and realty companies tumbled in morning trade on July 31 as Trump’s tariffs and penalty on ",2025-07-31,0,False,"environment, penalty","nifty, sensex",Low ESG relevance or finance-only context,2026-10-04
MPHASIS,Mphasis,"Persistent, TechM, other IT stocks drop up to 4% amid escalating US-China trade tensions The shares of IT companies tumbled on June 2 amid escalating trade tensions between US and China. The sharp fal",2025-06-02,-2,False,,"share price, nifty",Low ESG relevance or finance-only context,2026-10-04
MPHASIS,Mphasis,"Defence shares extend gains for 2nd day amid rising geopolitical tensions; Cochin Shipyard, BEML, others rally up to 5% Defence stocks made significant gains on June 3, pushing the Nifty India Defence",2025-06-03,-2,False,,"nifty, sensex",Low ESG relevance or finance-only context,2026-10-04
MPHASIS,Mphasis,"Auto, IT stocks in red amid tariff uncertainty; Maruti Suzuki, Tech Mahindra shares down up to 2% The shares of auto and IT companies dropped on July 7 as uncertainties around higher US tariffs and no",2025-07-07,-2,False,,"share price, nifty",Low ESG relevance or finance-only context,2026-10-04
MPHASIS,Mphasis,"Nifty IT rallies one percent, snapping a two-day fall on strong Nvidia Q1, ruling against Trump tariffs The shares of IT companies surged on May 29 after US chipmaker Nvidia posted strong Q1 results a",2025-05-29,-2,False,,"q1 results, nifty",Low ESG relevance or finance-only context,2026-10-04
MPHASIS,Mphasis,"IT shares snap three-day gaining streak ahead of US Fed meet; Coforge, TCS, others fall up to 1.5% The shares of several IT companies dropped on June 18, pushing the Nifty IT index down over half a pe",2025-06-18,-2,False,,"nifty, sensex",Low ESG relevance or finance-only context,2026-10-04
MPHASIS,Mphasis,"TCS job cuts worry brokerages as execution, attrition concerns emerge, stock slips Information technology giant Tata Consultancy Services Ltd (TCS) shares slipped in trade on Monday, July 28, after Mo",2025-07-28,-2,False,,"target price, brokerage",Low ESG relevance or finance-only context,2026-10-04
MPHASIS,Mphasis,"LTI Mindtree, TechM surge 2% as IT index rallies on a rangebound day: What's pushing IT higher Shares of IT companies sharply ended higher on April 29, sharply off lows on hopes of easing trade tensio",2025-04-29,-4,False,environment,"share price, stock price, brokerage, q4 results, nifty",Low ESG relevance or finance-only context,2026-10-04
MPHASIS,Mphasis,"Persistent Systems, Infosys, other IT shares drop up to 2% as trade, geopolitical tensions weigh The shares of major IT players dropped on June 12 after uncertain US tariff rules and geopolitical tens",2025-06-12,0,False,labor,nifty,Low ESG relevance or finance-only context,2026-10-04
MPHASIS,Mphasis,Indian drugmakers see potential tail wind in Trump’s MFN drug pricing plan Indian pharmaceutical companies are viewing US President Donald Trump’s revived “Most Favoured Nation” (MFN) pricing policy n,2025-05-14,-1,False,,resistance,Low ESG relevance or finance-only context,2026-10-04
MPHASIS,Mphasis,"Coforge, Mphasis, other IT shares rise up to 4% on optimism over US-China trade talks The shares of IT companies are higher on June 10, pushing the Nifty IT index up over 1.5 percent to emerge as the ",2025-06-10,-4,False,,"share price, target price, brokerage, nifty",Low ESG relevance or finance-only context,2026-10-04
MPHASIS,Mphasis,"Tech Mahindra, Infosys, other IT stocks tumble on concerns over US' fiscal deficit The shares of IT companies tumbled on May 22, tracking Wall Street peers over concerns of possible widening of US' fe",2025-05-22,-2,False,,"nifty, sensex",Low ESG relevance or finance-only context,2026-10-04
MPHASIS,Mphasis,"Infosys, TechM, others up 2% as US Fed chief Powell's testimony spurs rate cut bets Shares of IT companies were higher on June 25 as market participants saw US Federal Reserve Chair Jerome Powell's te",2025-06-25,-1,False,labor,"share price, nifty",Low ESG relevance or finance-only context,2026-10-04
MPHASIS,Mphasis,"Investors cheer Trump's tariff pause: These are the top gaining spaces Benchmark Indian indices surged on April 11, with Sensex rising over 1,300 points and Nifty 50 up nearly 2 percent following a re",2025-04-11,-1,False,labor,"nifty, sensex",Low ESG relevance or finance-only context,2026-10-04
MPHASIS,Mphasis,"Coforge, HCL Tech, other IT names rise up to 3% on hopes of early Fed rate cut, Nasdaq rally The Nifty IT index is higher on June 27, tracking Wall Street peers on rising hopes of a US Fed rate cut so",2025-06-27,-1,False,,nifty,Low ESG relevance or finance-only context,2026-10-04
MPHASIS,Mphasis,"Chartist Talks: SBI Securities' Sudeep Shah shares Nifty, Bank Nifty outlook, FIIs positioning, 2 stock picks for next week According to Sudeep Shah of SBI Securities, technical structure indicates th",2025-04-27,-1,False,sustainable,"support level, nifty",Low ESG relevance or finance-only context,2026-10-04
MPHASIS,Mphasis,"In-demand ULIPs drive topline, but insurers cautious to limit over-exposure After losing steam due to regulatory clampdowns and waning investor sentiment for over three years, Unit-Linked Insurance Pl",2025-04-21,0,False,,,Low ESG relevance or finance-only context,2026-10-04
MPHASIS,Mphasis,"Coforge, HCL Tech, Wipro, other IT shares jump up to 7% amid hopes of easing trade tensions The shares of IT companies strongly surged on April 23 after US President Donald Trump hinted at slashing ta",2025-04-23,-3,False,,"share price, q4 results, nifty",Low ESG relevance or finance-only context,2026-10-04
MPHASIS,Mphasis,"Sensex falls 200 pts, Nifty below 25,500 amid caution ahead of India-US trade deal, Q1 earnings announcement; metal, IT stocks decline The equity benchmark indices closed lower on Wednesday as investo",2025-07-09,-2,False,,"nifty, sensex",Low ESG relevance or finance-only context,2026-10-04
MPHASIS,Mphasis,"Pharma, IT stocks tumble up to 4% as Trump tariffs take effect The shares of pharma and IT companies tumbled on March 4 as US President Donald Trump's tariffs on Canada and Mexico came into effect, wh",2025-03-04,-1,False,labor,"share price, nifty",Low ESG relevance or finance-only context,2026-10-04
MPHASIS,Mphasis,"Sensex slips over 1,000 pts, Nifty below 24,500: Rising US bond yields among key factors behind market sell-off The benchmark equity indices tumbled over 1 percent on Thursday, tracking a sharp sell-o",2025-05-22,0,False,"sustainability, sustainable","nifty, sensex",Low ESG relevance or finance-only context,2026-10-04
MPHASIS,Mphasis,Hold BHEL; target of Rs 237: Prabhudas Lilladher Prabhudas Lilladher's research report on BHEL  We revise our FY26/27E EPS estimate by -31.6%/-12.7% accounting for lagging execution pace. BHEL deliver,2025-05-20,0,False,,,Low ESG relevance or finance-only context,2026-10-04
MPHASIS,Mphasis,"Small, midcap indices jump over 1%, outperform benchmarks: Here are the top gainers The shares of several smallcap and midcap indices recorded strong gains on June 9, pushing the broader market indice",2025-06-09,0,False,"sustainable, safety","nifty, sensex",Low ESG relevance or finance-only context,2026-10-04
MPHASIS,Mphasis,"Mid, smallcap indices surge over 4% on India-Pak ceasefire, Sino-US deal on trade The shares of midcap and smallcap companies strongly surged on May 12, pushing the Nifty Midcap and Nifty Smallcap ind",2025-05-12,-1,False,renewable,"nifty, sensex",Low ESG relevance or finance-only context,2026-10-04
MPHASIS,Mphasis,"Q1FY26 earnings: HDFC Life, ICICI Prudential rebalance product mix, inch towards protection-led growth In the first quarter of FY26, India’s top private life insurers, HDFC Life and ICICI Prudential L",2025-07-16,0,False,,,Low ESG relevance or finance-only context,2026-10-04
MPHASIS,Mphasis,"ABB India shares shoot up 3% as Motilal Oswal reiterates ‘buy’ on growth prospects In its recent annual report, ABB India Ltd. stressed upon its emphasis towards its potential high-growth segments, ex",2025-04-16,-1,False,water,"target price, brokerage",Low ESG relevance or finance-only context,2026-10-04
MPHASIS,Mphasis,"Data Patterns, Cochin Shipyard, Zen Technologies shares see profit booking after tearaway rally in last one month Data Patterns, Cochin Shipyard, Zen Technologies shares fell up to 3.6% after optimism",2025-06-09,-2,False,,"share price, nifty",Low ESG relevance or finance-only context,2026-10-04
MPHASIS,Mphasis,"TCS, Wipro shares fall up to 4% after Jefferies' IT downgrade citing tariff hit on US growth Top IT shares were among the leading laggards on the benchmark Sensex, with Trump's reciprocal tariffs kick",2025-04-09,-4,False,,"target price, buy call, brokerage, sensex",Low ESG relevance or finance-only context,2026-10-04
MPHASIS,Mphasis,"Top gainers and losers today: Stocks that moved the most on May 19 Benchmark indinces tumbled on May 19 tracking weak global cues, a selloff in IT shares and rising market volatility following Moody's",2025-05-19,-2,False,labor,"share price, nifty, sensex",Low ESG relevance or finance-only context,2026-10-04
MPHASIS,Mphasis,"Small, midcap indices extend gaining streak to 7 days; here are the top gainers The shares of smallcap and midcap companies continued to gain sharply on April 23, pushing the smallcap and midcap indic",2025-04-23,-1,False,labor,"share price, nifty",Low ESG relevance or finance-only context,2026-10-04
MPHASIS,Mphasis,"Nifty Midcap extends rally for a fifth session to gain 8% this week, strength likely to continue Shares of midcap companies extended their rally on March 21 to push the Nifty Midcap index up by over a",2025-03-21,-3,False,,"stock price, trading volume, nifty",Low ESG relevance or finance-only context,2026-10-04
MPHASIS,Mphasis,"CLSA sees NHPC shares doubling in four years, helped by projects on fast-track after Indus treaty suspension Shares of Mini Ratna PSU and hydroelectric power generation company NHPC - part of CLSA's h",2025-06-23,0,False,"water, renewable","share price, brokerage",Low ESG relevance or finance-only context,2026-10-04
MPHASIS,Mphasis,"Small, midcap indices outperform benchmarks to extend gains for a third session: These are the top gainers Rally in select small and midcap shares on May 14 pushed the broader market indices into the ",2025-05-14,-4,False,,"share price, q4 results, nifty, sensex",Low ESG relevance or finance-only context,2026-10-04
MPHASIS,Mphasis,"Hold RBL Bank: target of Rs 250: ICICI Securities ICICI Securities's research report on RBL Bank  RBL Bank (RBL) reported a weak set of results with a sharp ~40bps QoQ dip in NIM, double-digit NII de-",2025-07-23,-1,False,,target price,Low ESG relevance or finance-only context,2026-10-04
PERSISTENT,Persistent Systems,"Infosys, TCS, other IT heavyweights drop 1%, IT index snaps 2-day gaining streak amid weak market Several IT stocks declined on May 27, pushing the Nifty IT index down into the red to snap its two-day",2025-05-27,-3,False,,"share price, nifty, sensex",Low ESG relevance or finance-only context,2026-10-04
PERSISTENT,Persistent Systems,"Nifty IT index tops the chart after gaining Rs 1.16 lakh crore in value in nine sessions with eight up days The shares of TCS and Infosys were among the leading contributor on Sensex, as IT companies ",2025-06-16,-1,False,environment,"nifty, sensex",Low ESG relevance or finance-only context,2026-10-04
PERSISTENT,Persistent Systems,"Nifty IT sharply down on selloff after Fed's inflation, tariff view; Wipro sole gainer on upgrade Shares of IT companies were sharply lower on June 19, after the US Federal Reserve kept key interest r",2025-06-19,-2,False,,"target price, nifty",Low ESG relevance or finance-only context,2026-10-04
PERSISTENT,Persistent Systems,"Sensex slips 700 pts, Nifty below 22,800: Trump's reciprocal tariffs among key factors behind market decline Sensex and Nifty traded lower on Friday, shedding early gains, as concerns over US Presiden",2025-02-14,-3,False,,"resistance, nifty, sensex",Low ESG relevance or finance-only context,2026-10-04
PERSISTENT,Persistent Systems,"Small and midcap indices down for a second day over tariff threat and earnings Small and midcap shares were under selling pressure on August 6, weighing down the broader market indices for a second da",2025-08-06,0,False,sustainable,nifty,Low ESG relevance or finance-only context,2026-10-04
PERSISTENT,Persistent Systems,"Sensex declines 300 pts, Nifty below 24,650: Trump's renewed tariff threat among key factors behind market fall The benchmark equity indices Sensex and Nifty traded lower on Tuesday, dragged down by s",2025-08-05,-3,False,,"resistance, nifty, sensex",Low ESG relevance or finance-only context,2026-10-04
PERSISTENT,Persistent Systems,"Black Friday: Sensex crashes over 1,000 pts, Nifty sinks below 22,900; Trump tariffs among key factors to spook markets Equity markets witnessed a sharp sell-off on Friday, with benchmark indices fall",2025-04-04,-5,False,,"intraday, resistance, support level, nifty, sensex",Low ESG relevance or finance-only context,2026-10-04
PERSISTENT,Persistent Systems,"Sensex zooms 2,975 pts, Nifty above 24,900: India-Pak ceasefire among key factors behind massive market rally The domestic equity benchmarks rebounded sharply on Monday, with the Sensex rallying 2,975",2025-05-12,-3,False,,"intraday, nifty, sensex",Low ESG relevance or finance-only context,2026-10-04
PERSISTENT,Persistent Systems,"Sensex, Nifty close flat as tariff woes keep markets on edge; broader indices mixed The Sensex and Nifty closed flat on March 3, after falling over half a percent around noon. While oil &amp;amp; gas ",2025-03-03,-4,False,,"brokerage, resistance, nifty, sensex",Low ESG relevance or finance-only context,2026-10-04
PERSISTENT,Persistent Systems,"Sensex slips 400 pts from day's high, Nifty below 25,350: Trade deal jitters among key factors behind market decline The equity benchmarks Sensex and Nifty opened marginally higher on Friday, tracking",2025-07-04,-3,False,,"resistance, nifty, sensex",Low ESG relevance or finance-only context,2026-10-04
PERSISTENT,Persistent Systems,"IT, metal, realty stocks tumble up to 4% as Trump's tariffs, FOMC meet outcome weigh The shares of IT, metal and realty companies tumbled in morning trade on July 31 as Trump’s tariffs and penalty on ",2025-07-31,0,False,"environment, penalty","nifty, sensex",Low ESG relevance or finance-only context,2026-10-04
PERSISTENT,Persistent Systems,"Sensex, Nifty hit eight-month low on US growth concerns; banking, IT stocks take a hit India's benchmark indexes slumped to their lowest levels in eight months, down 0.9 percent by noon on February 24",2025-02-24,-3,False,green energy,"target price, intraday, nifty, sensex",Low ESG relevance or finance-only context,2026-10-04
PERSISTENT,Persistent Systems,"Trade Spotlight: How should you trade Persistent Systems, Glenmark Pharma, Eternal, Jindal Stainless, L&T Finance, United Spirits and others on June 9? The benchmark indices extended their northward j",2025-06-09,-1,False,sustainability,"resistance, support level",Low ESG relevance or finance-only context,2026-10-04
PERSISTENT,Persistent Systems,"Persistent, TechM, other IT stocks drop up to 4% amid escalating US-China trade tensions The shares of IT companies tumbled on June 2 amid escalating trade tensions between US and China. The sharp fal",2025-06-02,-2,False,,"share price, nifty",Low ESG relevance or finance-only context,2026-10-04
PERSISTENT,Persistent Systems,"Sensex jumps 500 pts, Nifty above 24,500: Sharp fall in crude, other key factors behind market rally The equity benchmark indices Sensex and Nifty surged in early trade on Monday amid sustained foreig",2025-05-05,-4,False,,"intraday, candlestick, nifty, sensex",Low ESG relevance or finance-only context,2026-10-04
PERSISTENT,Persistent Systems,"Auto, IT stocks in red amid tariff uncertainty; Maruti Suzuki, Tech Mahindra shares down up to 2% The shares of auto and IT companies dropped on July 7 as uncertainties around higher US tariffs and no",2025-07-07,-2,False,,"share price, nifty",Low ESG relevance or finance-only context,2026-10-04
PERSISTENT,Persistent Systems,"Black Friday: Sensex tumbles 600 pts, Nifty below 24,750; Middle East tensions among key factors behind market decline The benchmark equity indices fell sharply on Friday, with the Sensex and Nifty de",2025-06-13,-2,False,,"nifty, sensex",Low ESG relevance or finance-only context,2026-10-04
PERSISTENT,Persistent Systems,"Nifty Auto recovers 1% from day's low as concerns over Tesla's India entry ease The Nifty Auto index recovered nearly 1.1 percent (over 230 points) from its day's low to stand at 21,522 on February 24",2025-02-24,-4,False,,"share price, target price, brokerage, nifty",Low ESG relevance or finance-only context,2026-10-04
PERSISTENT,Persistent Systems,"Nifty IT rallies one percent, snapping a two-day fall on strong Nvidia Q1, ruling against Trump tariffs The shares of IT companies surged on May 29 after US chipmaker Nvidia posted strong Q1 results a",2025-05-29,-2,False,,"q1 results, nifty",Low ESG relevance or finance-only context,2026-10-04
PERSISTENT,Persistent Systems,"Sensex up 500 pts, Nifty above 24,400: Rupee rally, other key factors behind market rise The benchmark equity indices surged nearly 1 percent on Friday as a stronger rupee, sustained foreign inflows a",2025-05-02,-4,False,,"intraday, support level, nifty, sensex",Low ESG relevance or finance-only context,2026-10-04
PERSISTENT,Persistent Systems,"IT shares snap three-day gaining streak ahead of US Fed meet; Coforge, TCS, others fall up to 1.5% The shares of several IT companies dropped on June 18, pushing the Nifty IT index down over half a pe",2025-06-18,-2,False,,"nifty, sensex",Low ESG relevance or finance-only context,2026-10-04
PERSISTENT,Persistent Systems,"LTI Mindtree, TechM surge 2% as IT index rallies on a rangebound day: What's pushing IT higher Shares of IT companies sharply ended higher on April 29, sharply off lows on hopes of easing trade tensio",2025-04-29,-4,False,environment,"share price, stock price, brokerage, q4 results, nifty",Low ESG relevance or finance-only context,2026-10-04
PERSISTENT,Persistent Systems,"Persistent Systems, Infosys, other IT shares drop up to 2% as trade, geopolitical tensions weigh The shares of major IT players dropped on June 12 after uncertain US tariff rules and geopolitical tens",2025-06-12,0,False,labor,nifty,Low ESG relevance or finance-only context,2026-10-04
PERSISTENT,Persistent Systems,"Coforge, Mphasis, other IT shares rise up to 4% on optimism over US-China trade talks The shares of IT companies are higher on June 10, pushing the Nifty IT index up over 1.5 percent to emerge as the ",2025-06-10,-4,False,,"share price, target price, brokerage, nifty",Low ESG relevance or finance-only context,2026-10-04
PERSISTENT,Persistent Systems,"Sensex down 500 pts, Nifty below 25,100: Nestle Q1 results among key factors behind market decline The benchmark indices gave up early gains and traded lower at around noon on Thursday, dragged by sel",2025-07-24,-6,False,,"stock price, brokerage, resistance, q1 results, nifty, sensex",Low ESG relevance or finance-only context,2026-10-04
PERSISTENT,Persistent Systems,"Sensex down nearly 700 pts, Nifty below 22,650; bank, IT stocks drag; mid-, small-cap indices fall over 1% Indian benchmark indexes Sensex and Nifty opened lower on February 24, tracking a global mark",2025-02-24,-2,False,green energy,"resistance, nifty, sensex",Low ESG relevance or finance-only context,2026-10-04
PERSISTENT,Persistent Systems,"HPCL, BPCL, IOC slip as Brent inches towards $77 amid escalating Iran-Israel war, ONGC shares rise The Iran-Israel conflict continued to worsen on June 19, weighing of India's oil marketing companies ",2025-06-19,0,False,,,Low ESG relevance or finance-only context,2026-10-04
PERSISTENT,Persistent Systems,"Chartist talk: SBI Securities' Sudeep Shah sees rally continuing in these 5 stocks next week With no clear positive cues on the domestic or global front, the market appears vulnerable to further conso",2025-07-27,-3,False,sustainable,"intraday, candlestick, resistance, nifty",Low ESG relevance or finance-only context,2026-10-04
PERSISTENT,Persistent Systems,"Tech Mahindra, Infosys, other IT stocks tumble on concerns over US' fiscal deficit The shares of IT companies tumbled on May 22, tracking Wall Street peers over concerns of possible widening of US' fe",2025-05-22,-2,False,,"nifty, sensex",Low ESG relevance or finance-only context,2026-10-04
PERSISTENT,Persistent Systems,"Sensex drops 850 pts, Nifty below 22,600, hits 8-month low on US growth concerns; Nifty IT sinks nearly 3% Sensex and Nifty extended their losing streak to a fifth straight session, plunging to an eig",2025-02-24,-4,False,green energy,"target price, intraday, resistance, nifty, sensex",Low ESG relevance or finance-only context,2026-10-04
PERSISTENT,Persistent Systems,"Nifty gives up 23,000, Sensex crashes 700 points as Trump's tariff shock hits Dalal Street; broader markets bleed 3% Benchmark indices Nifty 50 and Sensex opened with losses during the morning deals o",2025-04-04,-3,False,,"brokerage, nifty, sensex",Low ESG relevance or finance-only context,2026-10-04
PERSISTENT,Persistent Systems,IT stocks drop up to 1.5% ahead of TCS Q1 results tomorrow The shares of IT companies declined in trade on July 9 as investors actively awaited the release of the first set to Q1 FY26 results from the,2025-07-09,-2,False,environment,"share price, q1 results, nifty",Low ESG relevance or finance-only context,2026-10-04
PERSISTENT,Persistent Systems,"Sensex declines 200 pts, Nifty below 24,600: RBI monetary policy among key factors behind market decline The benchmark indices Sensex and Nifty erased early gains to trade lower on Wednesday, dragged ",2025-08-06,-2,False,labor,"intraday, nifty, sensex",Low ESG relevance or finance-only context,2026-10-04
PERSISTENT,Persistent Systems,"Infosys, TechM, others up 2% as US Fed chief Powell's testimony spurs rate cut bets Shares of IT companies were higher on June 25 as market participants saw US Federal Reserve Chair Jerome Powell's te",2025-06-25,-1,False,labor,"share price, nifty",Low ESG relevance or finance-only context,2026-10-04
PERSISTENT,Persistent Systems,"Investors cheer Trump's tariff pause: These are the top gaining spaces Benchmark Indian indices surged on April 11, with Sensex rising over 1,300 points and Nifty 50 up nearly 2 percent following a re",2025-04-11,-1,False,labor,"nifty, sensex",Low ESG relevance or finance-only context,2026-10-04
PERSISTENT,Persistent Systems,"Sensex falls 500 pts, Nifty below 24,100: Escalating Indo-Pak tensions among key factors to spook markets Sensex and Nifty extended losses for second day on Friday to fall 0.8 percent, dragged down by",2025-04-25,-2,False,water,"intraday, nifty, sensex",Low ESG relevance or finance-only context,2026-10-04
PERSISTENT,Persistent Systems,"Coforge, HCL Tech, other IT names rise up to 3% on hopes of early Fed rate cut, Nasdaq rally The Nifty IT index is higher on June 27, tracking Wall Street peers on rising hopes of a US Fed rate cut so",2025-06-27,-1,False,,nifty,Low ESG relevance or finance-only context,2026-10-04
PERSISTENT,Persistent Systems,"Sensex falls over 600 pts, Nifty below 24,700: Trump's tariffs on India among key factors behind market decline The benchmark equity indices declined sharply on Thursday as investor sentiment weakened",2025-07-31,-1,False,penalty,"nifty, sensex",Low ESG relevance or finance-only context,2026-10-04
PERSISTENT,Persistent Systems,"Trade Spotlight: How should you trade PB Fintech, Persistent Systems, Zensar Technologies, SBI Life Insurance, Supreme Industries, and others on June 18? The benchmark indices closed lower after a day",2025-06-18,-2,False,sustainable,"candlestick, support level, nifty",Low ESG relevance or finance-only context,2026-10-04
PERSISTENT,Persistent Systems,"Sensex soars 1,000 pts, Nifty tops 25,500: Positive global cues among key factors behind market rally The benchmark equity indices extended their gains for the third consecutive session on Thursday, w",2025-06-26,-2,False,,"nifty, sensex",Low ESG relevance or finance-only context,2026-10-04
PERSISTENT,Persistent Systems,"Lifestyle diseases striking younger in India warns Apollo Hospitals new report India is grappling with a significant and worsening health crisis driven by non-communicable diseases (NCDs), with condit",2025-04-07,0,False,,,Low ESG relevance or finance-only context,2026-10-04
PERSISTENT,Persistent Systems,"Nifty IT crashes 2% as fall in Persistent Systems, Coforge, Infosys shares weighs The Nifty IT index tumbled almost two percent in trade, dragged by midcap IT services players Persistent Systems Ltd a",2025-07-24,-2,False,,"brokerage, nifty",Low ESG relevance or finance-only context,2026-10-04
PERSISTENT,Persistent Systems,"Coforge, HCL Tech, Wipro, other IT shares jump up to 7% amid hopes of easing trade tensions The shares of IT companies strongly surged on April 23 after US President Donald Trump hinted at slashing ta",2025-04-23,-3,False,,"share price, q4 results, nifty",Low ESG relevance or finance-only context,2026-10-04
PERSISTENT,Persistent Systems,"Sensex slips 300 pts, Nifty at 25,450: US trade deal jitters among key factors behind market decline The equity benchmarks Sensex and Nifty gave up early gains and settled lower on Wednesday after US ",2025-07-02,-2,False,,"nifty, sensex",Low ESG relevance or finance-only context,2026-10-04
PERSISTENT,Persistent Systems,"Pharma, IT stocks tumble up to 4% as Trump tariffs take effect The shares of pharma and IT companies tumbled on March 4 as US President Donald Trump's tariffs on Canada and Mexico came into effect, wh",2025-03-04,-1,False,labor,"share price, nifty",Low ESG relevance or finance-only context,2026-10-04
PERSISTENT,Persistent Systems,"Sensex slips over 1,000 pts, Nifty below 24,500: Rising US bond yields among key factors behind market sell-off The benchmark equity indices tumbled over 1 percent on Thursday, tracking a sharp sell-o",2025-05-22,0,False,"sustainability, sustainable","nifty, sensex",Low ESG relevance or finance-only context,2026-10-04
PERSISTENT,Persistent Systems,"Nifty Bank drops 1%, extends losses for 3rd day as IndusInd, HDFC Bank shares lead decline The Nifty Bank index dropped over 1 percent (nearly 530 points) to stand at 48,452 on February 24. This comes",2025-02-24,-2,False,,"target price, nifty",Low ESG relevance or finance-only context,2026-10-04
PERSISTENT,Persistent Systems,"Copper stocks rise amid Trump's tariff threat on copper imports US President Donald Trump suggested that the country would impose tariffs on copper imports within several weeks, earlier than the timel",2025-03-26,0,False,,,Low ESG relevance or finance-only context,2026-10-04
PERSISTENT,Persistent Systems,"Titan shares surge 2%, top Nifty gainer as brokerages remain bullish on strong Q1 results Titan shares climbed 2 percent to Rs 3,478 apiece on August 8 after the company delivered a strong set of Apri",2025-08-08,-4,False,,"target price, brokerage, q1 results, nifty",Low ESG relevance or finance-only context,2026-10-04
PERSISTENT,Persistent Systems,"Hindalco, Nalco, Vedanta other metal stocks fall for 2nd day after 5-session rise; what should investors do? Hindalco, Nalco, Vedanta were among other metal stocks that declined in trade for the secon",2025-02-25,-2,False,,"intraday, nifty",Low ESG relevance or finance-only context,2026-10-04
PERSISTENT,Persistent Systems,"ITC, HUL, other FMCG stocks rise as defensives gain traction; here's what brokerages say The Nifty FMCG index remained in the green for the second consecutive session on February 25. The index rose 0.",2025-02-25,-1,False,environment,"brokerage, nifty",Low ESG relevance or finance-only context,2026-10-04
PERSISTENT,Persistent Systems,"Sensex falls 600 pts, Nifty below 24,600: Tariff tensions, other key factors behind market decline The benchmark equity indices fell sharply on Monday, with the BSE Sensex tumbling nearly 600 points a",2025-06-02,-2,False,,"nifty, sensex",Low ESG relevance or finance-only context,2026-10-04
PERSISTENT,Persistent Systems,"Sensex crashes 600 pts from day's high, Nifty below 24,750: Fed minutes, other key factors behind market decline The benchmark equity indices erased early gains and slipped into the red by mid-session",2025-05-29,-2,False,,"nifty, sensex",Low ESG relevance or finance-only context,2026-10-04
PERSISTENT,Persistent Systems,"Buy Power Grid Corporation of India; target of Rs 345: Motilal Oswal Motilal Oswal's research report on Power Grid Corporation of India  In 1QFY26, Power Grid Corporation (PWGR) reported a standalone ",2025-08-05,0,False,,,Low ESG relevance or finance-only context,2026-10-04
PERSISTENT,Persistent Systems,"Sensex falls over 700 pts, Nifty slips below 24,350: Higher tariffs by Trump among key factors behind market fall The benchmark equity indices extended declined for third straight day on Thursday as i",2025-08-07,-2,False,,"nifty, sensex",Low ESG relevance or finance-only context,2026-10-04
PERSISTENT,Persistent Systems,"Mid, smallcap indices surge over 4% on India-Pak ceasefire, Sino-US deal on trade The shares of midcap and smallcap companies strongly surged on May 12, pushing the Nifty Midcap and Nifty Smallcap ind",2025-05-12,-1,False,renewable,"nifty, sensex",Low ESG relevance or finance-only context,2026-10-04
PERSISTENT,Persistent Systems,"Sensex falls 800 pts, goes below 80k, Nifty at 24,400: Tariff jitters among key factors behind market fall The equity benchmark indices Sensex and Nifty gave up previous session’s gains to settle 1 pe",2025-08-08,-4,False,,"intraday, resistance, nifty, sensex",Low ESG relevance or finance-only context,2026-10-04
PERSISTENT,Persistent Systems,"US reciprocal tariffs could weigh on Indian specialty chemical firms, warns Citi The Indian specialty chemicals sector could see an impact on profitability when U.S. President Donald Trump's reciproca",2025-02-19,0,False,environment,brokerage,Low ESG relevance or finance-only context,2026-10-04
PERSISTENT,Persistent Systems,Buy Marico; target of Rs 800: Motilal Oswal Motilal Oswal's research report on Marico  Marico (MRCO) reported consol. revenue growth of 20% YoY (in line) in 4QFY25. Domestic revenue growth was 23% YoY,2025-05-05,0,False,,,Low ESG relevance or finance-only context,2026-10-04
PERSISTENT,Persistent Systems,"Accumulate Laxmi Organic Industries; target of Rs 206: Deven Choksey Deven Choksey's research report on Laxmi Organic Industries  Laxmi Organic’s revenue came in at INR 7,097 Mn., down by 10.4% YoY (-",2025-05-28,-1,False,,target price,Low ESG relevance or finance-only context,2026-10-04
PERSISTENT,Persistent Systems,"Trade Spotlight: How should you trade SCI, Narayana Hrudayalaya, Manappuram Finance, Max Healthcare Institute, Sigachi Industries and others on June 16? The benchmark indices fell seven-tenths of a pe",2025-06-16,-2,False,,"candlestick, trading volume",Low ESG relevance or finance-only context,2026-10-04
PERSISTENT,Persistent Systems,"Chartist Talks: FII long-short ratio signals limited Nifty downside, these 3 stocks likely to continue northward journey, says Sudeep Shah of SBI Securities The FII long-short ratio has slipped to jus",2025-07-19,-2,False,,"q1 results, nifty",Low ESG relevance or finance-only context,2026-10-04
PERSISTENT,Persistent Systems,"Select small and midcaps jump up to 15% as broader markets extend recovery: Here are the movers The shares of small and midcap companies extended gains on March 6, with the broader market indices outp",2025-03-06,-3,False,,"share price, nifty, sensex",Low ESG relevance or finance-only context,2026-10-04
PERSISTENT,Persistent Systems,"Vedanta, Hind Zinc shares down 3 percent to lead selloff on metal index a day after major corporate action Shares of Vedanta and Hindustan Zinc are sharply lower by close to 3 percent in trade on June",2025-06-19,-1,False,,nifty,Low ESG relevance or finance-only context,2026-10-04
PERSISTENT,Persistent Systems,"Trade Spotlight: How should you trade Deepak Fertilisers, Hindustan Copper, NBCC, Jindal Steel, IRCON International, and others on May 15? The market rebounded after a day of sharp correction, with th",2025-05-14,-7,False,,"stock price, buy call, candlestick, resistance, support level, trading volume, nifty",Low ESG relevance or finance-only context,2026-10-04
PERSISTENT,Persistent Systems,Accumulate Balaji Amines; target of Rs 1640: KR Choksey KR Choksey's research report on Balaji Amines  Balaji Amines’ revenue missed our estimates due to weak demand. EBITDA missed our estimates due t,2025-02-17,-1,False,,target price,Low ESG relevance or finance-only context,2026-10-04
PERSISTENT,Persistent Systems,"Sensex, Nifty steady after Modi-Trump plan talks on tariff; small-, mid-caps drop over 1% Sensex and Nifty opened higher on February 14, buoyed by easing Russia-Ukraine war tensions, a delay in U.S. t",2025-02-14,-3,False,,"resistance, nifty, sensex",Low ESG relevance or finance-only context,2026-10-04
PERSISTENT,Persistent Systems,"Small, midcap indices extend gaining streak to 7 days; here are the top gainers The shares of smallcap and midcap companies continued to gain sharply on April 23, pushing the smallcap and midcap indic",2025-04-23,-1,False,labor,"share price, nifty",Low ESG relevance or finance-only context,2026-10-04
PERSISTENT,Persistent Systems,"Sensex sinks 400 pts, Nifty slips below 22,900; small-, mid-cap indices tumble up to 3% Sensex and Nifty lost steam around noon on February 14, slipping half a percent as financials, oil &amp;amp; gas",2025-02-14,-3,False,,"resistance, nifty, sensex",Low ESG relevance or finance-only context,2026-10-04
PERSISTENT,Persistent Systems,"Chartist Talks: SBI Securities' Sudeep Shah expects pullback rally to continue in Nifty, picks 2 stock ideas for next week Technically, Sudeep Shah of SBI Securities believes the Nifty 50 is likely to",2025-03-09,-3,False,,"candlestick, resistance, nifty",Low ESG relevance or finance-only context,2026-10-04
PERSISTENT,Persistent Systems,Motilal Oswal expects recovery for capital market stocks led by retail participation in F&O The Futures &amp;amp; Options (F&amp;amp;O) segment has seen a sharp contraction in active client numbers—fr,2025-05-21,-4,False,,"brokerage, trading volume, nifty, sensex",Low ESG relevance or finance-only context,2026-10-04
PERSISTENT,Persistent Systems,"Reduce AU Small Finance Bank: target of Rs 725: Emkay Emkay's research report on AU Small Finance Bank  AU SFB reported weak core performance, with margins declining sharply by 40bps QoQ to 5.4%, alth",2025-07-22,0,False,,,Low ESG relevance or finance-only context,2026-10-04
PERSISTENT,Persistent Systems,"Jewellery shares extend gains for a fifth session on value buying: Up to 5% surge in Senco, Titan, Kalyan Shares of jewellery companies extended gains on July 17, supported by value buying and firm go",2025-07-17,-1,False,,intraday,Low ESG relevance or finance-only context,2026-10-04
PERSISTENT,Persistent Systems,"BSE, Angel One, other capital market stocks tumble up to 3% as bears reign over benchmarks Capital market stocks saw a sharp decline on February 24 amid a significant downturn in the stock market. The",2025-02-24,-3,False,,"share price, stock price, nifty",Low ESG relevance or finance-only context,2026-10-04
COFORGE,Coforge,"Trade Spotlight: How should you trade Mazagon Dock, Coforge, Hindustan Aeronautics, Bajaj Finserv, Lupin, and others on March 27? The market saw profit booking on March 26, with the benchmark indices ",2025-03-27,0,False,,,Low ESG relevance or finance-only context,2026-10-04
COFORGE,Coforge,"Nifty IT index tops the chart after gaining Rs 1.16 lakh crore in value in nine sessions with eight up days The shares of TCS and Infosys were among the leading contributor on Sensex, as IT companies ",2025-06-16,-1,False,environment,"nifty, sensex",Low ESG relevance or finance-only context,2026-10-04
COFORGE,Coforge,"Nifty IT sharply down on selloff after Fed's inflation, tariff view; Wipro sole gainer on upgrade Shares of IT companies were sharply lower on June 19, after the US Federal Reserve kept key interest r",2025-06-19,-2,False,,"target price, nifty",Low ESG relevance or finance-only context,2026-10-04
COFORGE,Coforge,"Small and midcap indices down for a second day over tariff threat and earnings Small and midcap shares were under selling pressure on August 6, weighing down the broader market indices for a second da",2025-08-06,0,False,sustainable,nifty,Low ESG relevance or finance-only context,2026-10-04
COFORGE,Coforge,"Black Friday: Sensex crashes over 1,000 pts, Nifty sinks below 22,900; Trump tariffs among key factors to spook markets Equity markets witnessed a sharp sell-off on Friday, with benchmark indices fall",2025-04-04,-5,False,,"intraday, resistance, support level, nifty, sensex",Low ESG relevance or finance-only context,2026-10-04
COFORGE,Coforge,"Sensex zooms 2,975 pts, Nifty above 24,900: India-Pak ceasefire among key factors behind massive market rally The domestic equity benchmarks rebounded sharply on Monday, with the Sensex rallying 2,975",2025-05-12,-3,False,,"intraday, nifty, sensex",Low ESG relevance or finance-only context,2026-10-04
COFORGE,Coforge,"IT, metal, realty stocks tumble up to 4% as Trump's tariffs, FOMC meet outcome weigh The shares of IT, metal and realty companies tumbled in morning trade on July 31 as Trump’s tariffs and penalty on ",2025-07-31,0,False,"environment, penalty","nifty, sensex",Low ESG relevance or finance-only context,2026-10-04
COFORGE,Coforge,"Persistent, TechM, other IT stocks drop up to 4% amid escalating US-China trade tensions The shares of IT companies tumbled on June 2 amid escalating trade tensions between US and China. The sharp fal",2025-06-02,-2,False,,"share price, nifty",Low ESG relevance or finance-only context,2026-10-04
COFORGE,Coforge,"Sensex jumps 500 pts, Nifty above 24,500: Sharp fall in crude, other key factors behind market rally The equity benchmark indices Sensex and Nifty surged in early trade on Monday amid sustained foreig",2025-05-05,-4,False,,"intraday, candlestick, nifty, sensex",Low ESG relevance or finance-only context,2026-10-04
COFORGE,Coforge,"Nifty IT rallies one percent, snapping a two-day fall on strong Nvidia Q1, ruling against Trump tariffs The shares of IT companies surged on May 29 after US chipmaker Nvidia posted strong Q1 results a",2025-05-29,-2,False,,"q1 results, nifty",Low ESG relevance or finance-only context,2026-10-04
COFORGE,Coforge,"IT shares snap three-day gaining streak ahead of US Fed meet; Coforge, TCS, others fall up to 1.5% The shares of several IT companies dropped on June 18, pushing the Nifty IT index down over half a pe",2025-06-18,-2,False,,"nifty, sensex",Low ESG relevance or finance-only context,2026-10-04
COFORGE,Coforge,"TCS job cuts worry brokerages as execution, attrition concerns emerge, stock slips Information technology giant Tata Consultancy Services Ltd (TCS) shares slipped in trade on Monday, July 28, after Mo",2025-07-28,-2,False,,"target price, brokerage",Low ESG relevance or finance-only context,2026-10-04
COFORGE,Coforge,"LTI Mindtree, TechM surge 2% as IT index rallies on a rangebound day: What's pushing IT higher Shares of IT companies sharply ended higher on April 29, sharply off lows on hopes of easing trade tensio",2025-04-29,-4,False,environment,"share price, stock price, brokerage, q4 results, nifty",Low ESG relevance or finance-only context,2026-10-04
COFORGE,Coforge,"Persistent Systems, Infosys, other IT shares drop up to 2% as trade, geopolitical tensions weigh The shares of major IT players dropped on June 12 after uncertain US tariff rules and geopolitical tens",2025-06-12,0,False,labor,nifty,Low ESG relevance or finance-only context,2026-10-04
COFORGE,Coforge,"Coforge, Mphasis, other IT shares rise up to 4% on optimism over US-China trade talks The shares of IT companies are higher on June 10, pushing the Nifty IT index up over 1.5 percent to emerge as the ",2025-06-10,-4,False,,"share price, target price, brokerage, nifty",Low ESG relevance or finance-only context,2026-10-04
COFORGE,Coforge,"Sensex down 500 pts, Nifty below 25,100: Nestle Q1 results among key factors behind market decline The benchmark indices gave up early gains and traded lower at around noon on Thursday, dragged by sel",2025-07-24,-6,False,,"stock price, brokerage, resistance, q1 results, nifty, sensex",Low ESG relevance or finance-only context,2026-10-04
COFORGE,Coforge,"Trent, BEL to join 30-share Sensex today, Nestle India, IndusInd Bank excluded Shares of retail giant Trent Ltd. and PSU firm Bharat Electronics Ltd. (BEL) will  added to the 30-pack benchmark index S",2025-06-20,-1,False,inclusion,"intraday, sensex",Low ESG relevance or finance-only context,2026-10-04
COFORGE,Coforge,"Nifty gives up 23,000, Sensex crashes 700 points as Trump's tariff shock hits Dalal Street; broader markets bleed 3% Benchmark indices Nifty 50 and Sensex opened with losses during the morning deals o",2025-04-04,-3,False,,"brokerage, nifty, sensex",Low ESG relevance or finance-only context,2026-10-04
COFORGE,Coforge,"Infosys, TechM, others up 2% as US Fed chief Powell's testimony spurs rate cut bets Shares of IT companies were higher on June 25 as market participants saw US Federal Reserve Chair Jerome Powell's te",2025-06-25,-1,False,labor,"share price, nifty",Low ESG relevance or finance-only context,2026-10-04
COFORGE,Coforge,"Coforge, HCL Tech, other IT names rise up to 3% on hopes of early Fed rate cut, Nasdaq rally The Nifty IT index is higher on June 27, tracking Wall Street peers on rising hopes of a US Fed rate cut so",2025-06-27,-1,False,,nifty,Low ESG relevance or finance-only context,2026-10-04
COFORGE,Coforge,"Mid, smallcap indices plunge 2%, extend losses for 3rd day amid broad-based selling: IREDA, RVNL, FirstCry among top losers The shares of several smallcap and midcap companies strongly tumbled on June",2025-06-19,-1,False,renewable,"nifty, sensex",Low ESG relevance or finance-only context,2026-10-04
COFORGE,Coforge,"Trent, BEL shares rally on inclusion in 30-pack Sensex; Nestle, IndusInd Bank deleted Shares of retail giant Trent Ltd. and PSU firm Bharat Electronics Ltd. (BEL) surged in trade on Friday, May 23, af",2025-05-23,-1,False,inclusion,"stock price, sensex",Low ESG relevance or finance-only context,2026-10-04
COFORGE,Coforge,"Nifty IT crashes 2% as fall in Persistent Systems, Coforge, Infosys shares weighs The Nifty IT index tumbled almost two percent in trade, dragged by midcap IT services players Persistent Systems Ltd a",2025-07-24,-2,False,,"brokerage, nifty",Low ESG relevance or finance-only context,2026-10-04
COFORGE,Coforge,"Coforge, HCL Tech, Wipro, other IT shares jump up to 7% amid hopes of easing trade tensions The shares of IT companies strongly surged on April 23 after US President Donald Trump hinted at slashing ta",2025-04-23,-3,False,,"share price, q4 results, nifty",Low ESG relevance or finance-only context,2026-10-04
COFORGE,Coforge,"Pharma, IT stocks tumble up to 4% as Trump tariffs take effect The shares of pharma and IT companies tumbled on March 4 as US President Donald Trump's tariffs on Canada and Mexico came into effect, wh",2025-03-04,-1,False,labor,"share price, nifty",Low ESG relevance or finance-only context,2026-10-04
COFORGE,Coforge,"Mid, smallcap indices surge over 4% on India-Pak ceasefire, Sino-US deal on trade The shares of midcap and smallcap companies strongly surged on May 12, pushing the Nifty Midcap and Nifty Smallcap ind",2025-05-12,-1,False,renewable,"nifty, sensex",Low ESG relevance or finance-only context,2026-10-04
COFORGE,Coforge,"Select small and midcaps jump up to 15% as broader markets extend recovery: Here are the movers The shares of small and midcap companies extended gains on March 6, with the broader market indices outp",2025-03-06,-3,False,,"share price, nifty, sensex",Low ESG relevance or finance-only context,2026-10-04
COFORGE,Coforge,"TCS, Wipro shares fall up to 4% after Jefferies' IT downgrade citing tariff hit on US growth Top IT shares were among the leading laggards on the benchmark Sensex, with Trump's reciprocal tariffs kick",2025-04-09,-4,False,,"target price, buy call, brokerage, sensex",Low ESG relevance or finance-only context,2026-10-04
COFORGE,Coforge,"Top gainers and losers today: Stocks that moved the most on May 19 Benchmark indinces tumbled on May 19 tracking weak global cues, a selloff in IT shares and rising market volatility following Moody's",2025-05-19,-2,False,labor,"share price, nifty, sensex",Low ESG relevance or finance-only context,2026-10-04
COFORGE,Coforge,"Smallcap, midcap stocks rise up to 15%, broader market indices extend gains for second day; check top gainers The shares of several smallcap and midcap companies strongly surged on May 26, pushing the",2025-05-26,-3,False,,"share price, nifty, sensex",Low ESG relevance or finance-only context,2026-10-04
COFORGE,Coforge,"Small, midcap indices extend gaining streak to 7 days; here are the top gainers The shares of smallcap and midcap companies continued to gain sharply on April 23, pushing the smallcap and midcap indic",2025-04-23,-1,False,labor,"share price, nifty",Low ESG relevance or finance-only context,2026-10-04
COFORGE,Coforge,"Nifty Midcap extends rally for a fifth session to gain 8% this week, strength likely to continue Shares of midcap companies extended their rally on March 21 to push the Nifty Midcap index up by over a",2025-03-21,-3,False,,"stock price, trading volume, nifty",Low ESG relevance or finance-only context,2026-10-04
COFORGE,Coforge,"Small, midcap indices outperform benchmarks to extend gains for a third session: These are the top gainers Rally in select small and midcap shares on May 14 pushed the broader market indices into the ",2025-05-14,-4,False,,"share price, q4 results, nifty, sensex",Low ESG relevance or finance-only context,2026-10-04
COFORGE,Coforge,"Block deal mania on Dalal Street, shares worth Rs 1,700 crore exchange hands in trade Promoters and early investors took to Dalal Street in a big way on Thursday, June 26, looking to offload holdings ",2025-06-26,-1,False,,brokerage,Low ESG relevance or finance-only context,2026-10-04
TATAELXSI,Tata Elxsi,"Tata Elxsi share price falls 2% in Wednesday's trading session Shares of Tata Elxsi declined by 2% to Rs 5,842 in Wednesday's trading session. The decline reflects bearish investor sentiment, accordin",2025-08-06,-2,False,,"share price, nifty",Low ESG relevance or finance-only context,2026-10-04
TATAELXSI,Tata Elxsi,"Tata Elxsi Standalone June 2025 Net Sales at Rs 892.10 crore, down 3.71% Y-o-Y Reported Standalone quarterly numbers for Tata Elxsi are:    Net Sales at Rs 892.10 crore in June 2025 down 3.71% from Rs",2025-07-11,0,False,,,Low ESG relevance or finance-only context,2026-10-04
TATAELXSI,Tata Elxsi,Hold TATA Elxsi; target of Rs 4900: Choice Equity Broking Choice Equity Broking's report on TATA Elxsi  Revenue for Q3FY25 came at INR 9.3Bn up 2.7% YoY but down 1.7% QoQ (vs CEBPL est. at INR 9.9Bn).,2025-04-01,-1,False,,target price,Low ESG relevance or finance-only context,2026-10-04
TATAELXSI,Tata Elxsi,"Tata Elxsi Standalone March 2025 Net Sales at Rs 908.34 crore, up 0.26% Y-o-Y Reported Standalone quarterly numbers for Tata Elxsi are:    Net Sales at Rs 908.34 crore in March 2025 up 0.26% from Rs. ",2025-04-21,0,False,,,Low ESG relevance or finance-only context,2026-10-04
TATAELXSI,Tata Elxsi,"Sell Tata Elxsi ; target of Rs 4750: Prabhudas Lilladher Prabhudas Lilladher's research report on Tata Elxsi   The revenue de-growth was in line with our estimates, largely attributed to M&amp;amp;C a",2025-07-11,0,False,,,Low ESG relevance or finance-only context,2026-10-04
TATAELXSI,Tata Elxsi,"Tata Elxsi shares fall 4.03% in early trade; stock among top losers on Nifty Midcap 150 Shares of Tata Elxsi declined 4.03% to Rs 5,890 in Friday's early trading session. The stock is among the top lo",2025-07-11,-1,False,,nifty,Low ESG relevance or finance-only context,2026-10-04
TATAELXSI,Tata Elxsi,"Tata Elxsi shares rise 2.10% in early trade Tata Elxsi shares experienced a notable increase of 2.10% in the early trading session, with the stock price reaching Rs 6,308.50. This movement reflects a ",2025-07-15,-2,False,,"stock price, nifty",Low ESG relevance or finance-only context,2026-10-04
TATAELXSI,Tata Elxsi,"Reduce Tata Elxsi; target of Rs 4250: ICICI Securities ICICI Securities research report on Tata Elxsi  Tata Elxsi (TELX) has reported a muted Q4FY25 print with revenue contraction of 5.3% QoQ CC, roug",2025-04-21,0,False,,,Low ESG relevance or finance-only context,2026-10-04
TATAELXSI,Tata Elxsi,"Sell Tata Elxsi; target of Rs 4965: Deven Choksey Deven Choksey's research report on Tata Elxsi  Tata Elxsi’s Q1FY26 revenue stood at INR 8,921 Mn. (-1.8% QoQ/ -3.7% YoY), below our estimates by 5.5%,",2025-07-14,0,False,sustainable,target price,Low ESG relevance or finance-only context,2026-10-04
TATAELXSI,Tata Elxsi,"Stocks to Watch Today: HUL, Coal India, Gandhar Oil Refinery, Nureca, Paytm, HG Infra, Tata Power, Anant Raj in focus on 22 April Let's catch up on the latest news from the stock market. From signific",2025-04-22,0,False,renewable,brokerage,Low ESG relevance or finance-only context,2026-10-04
TATAELXSI,Tata Elxsi,"Tata Elxsi Q4 net profit falls 13% to Rs 172 crore as auto business faces tariff woes Engineering and technology services firm Tata Elxsi reported fourth-quarter profit below estimates on April 17, as",2025-04-18,0,False,,,Low ESG relevance or finance-only context,2026-10-04
TATAELXSI,Tata Elxsi,"Tata Elxsi shares rise 2.06% in morning trade, among top gainers on Nifty Midcap 150 Tata Elxsi shares gained 2.06% to trade at Rs 6,191 at 10:28 am. The stock's performance places it among the top ga",2025-07-14,0,False,labor,nifty,Low ESG relevance or finance-only context,2026-10-04
TATAELXSI,Tata Elxsi,"Small, midcap indices extend gaining streak to 7 days; here are the top gainers The shares of smallcap and midcap companies continued to gain sharply on April 23, pushing the smallcap and midcap indic",2025-04-23,-1,False,labor,"share price, nifty",Low ESG relevance or finance-only context,2026-10-04
OFSS,Oracle Financial Services Software,"Nifty IT sharply down on selloff after Fed's inflation, tariff view; Wipro sole gainer on upgrade Shares of IT companies were sharply lower on June 19, after the US Federal Reserve kept key interest r",2025-06-19,-2,False,,"target price, nifty",Low ESG relevance or finance-only context,2026-10-04
OFSS,Oracle Financial Services Software,"Sensex zooms 2,975 pts, Nifty above 24,900: India-Pak ceasefire among key factors behind massive market rally The domestic equity benchmarks rebounded sharply on Monday, with the Sensex rallying 2,975",2025-05-12,-3,False,,"intraday, nifty, sensex",Low ESG relevance or finance-only context,2026-10-04
OFSS,Oracle Financial Services Software,"Trade Spotlight: How should you trade Oracle Financial, Praj Industries, Bank of India, Trent, NMDC, Zensar Technologies and others on June 10? Bulls maintained their control over Dalal Street, drivin",2025-06-10,-3,False,,"candlestick, resistance, nifty",Low ESG relevance or finance-only context,2026-10-04
OFSS,Oracle Financial Services Software,"Nifty IT crashes 2% as fall in Persistent Systems, Coforge, Infosys shares weighs The Nifty IT index tumbled almost two percent in trade, dragged by midcap IT services players Persistent Systems Ltd a",2025-07-24,-2,False,,"brokerage, nifty",Low ESG relevance or finance-only context,2026-10-04
KPITTECH,KPIT Technologies,"Tata Elxsi Q4 net profit falls 13% to Rs 172 crore as auto business faces tariff woes Engineering and technology services firm Tata Elxsi reported fourth-quarter profit below estimates on April 17, as",2025-04-18,0,False,,,Low ESG relevance or finance-only context,2026-10-04
KPITTECH,KPIT Technologies,"Select small and midcaps jump up to 15% as broader markets extend recovery: Here are the movers The shares of small and midcap companies extended gains on March 6, with the broader market indices outp",2025-03-06,-3,False,,"share price, nifty, sensex",Low ESG relevance or finance-only context,2026-10-04
CYIENT,Cyient,"Defence rally riding on structural tailwinds, not just conflict sentiment, say analysts India’s defence sector rally is being driven more by long-term structural tailwinds than short-term war sentimen",2025-06-18,-1,False,,nifty,Low ESG relevance or finance-only context,2026-10-04
CYIENT,Cyient,"Richly-valued defence stocks extend selloff led by shipyard firms, Paras Defence promoters trim stake Defence-related stocks saw a significant fall on May 20, extending losses for a second consecutive",2025-05-20,-2,False,,"share price, nifty",Low ESG relevance or finance-only context,2026-10-04
CYIENT,Cyient,"Stocks to Watch Today: Titan, Bajaj Finance, PNB Housing, Oberoi Realty, Havells, 360 One WAM, Arisinfra, BL Kashyap, Afcons Infra in focus on 22 July Let's catch up on the latest news from the stock ",2025-07-22,0,False,,,Low ESG relevance or finance-only context,2026-10-04
CYIENT,Cyient,"Defence stocks extend losses to 2nd day as Israel-Iran ceasefire weighs; Paras Defence, GRSE, BEL down up to 4% Defence stocks recorded strong losses on June 25, as the possible ceasefire between Iran",2025-06-25,-2,False,,"share price, nifty",Low ESG relevance or finance-only context,2026-10-04
CYIENT,Cyient,"Trade Spotlight: How should you trade IndoStar Capital, Cyient, Som Distilleries, HDFC Life Insurance, Lodha, Dhanuka Agritech and others on May 26? The benchmark indices bounced back after a day of c",2025-05-25,-1,False,,resistance,Low ESG relevance or finance-only context,2026-10-04
CYIENT,Cyient,"Nifty Smallcap 100 rises for a third day to add Rs 17,000 crore to market value this week The Nifty Smallcap 100 index has extended gains for the third consecutive session, rising by two-third of a pe",2025-06-04,-1,False,"sustainable, environment","brokerage, nifty, sensex",Low ESG relevance or finance-only context,2026-10-04
CYIENT,Cyient,"Defence shares surge on India's resolute response to border escalation, DMGO's assurance of preparedness A wide range of defence-related shares posted strong gains on May 12, racing ahead of the bench",2025-05-12,-1,False,environment,"nifty, sensex",Low ESG relevance or finance-only context,2026-10-04
CYIENT,Cyient,"Stocks to Watch Today: HUL, Coal India, Gandhar Oil Refinery, Nureca, Paytm, HG Infra, Tata Power, Anant Raj in focus on 22 April Let's catch up on the latest news from the stock market. From signific",2025-04-22,0,False,renewable,brokerage,Low ESG relevance or finance-only context,2026-10-04
CYIENT,Cyient,"Defence shares fall up to 6% on muted Mazagon Dock, Paras Defence Q1 results, extend decline to 5th day The shares of defence companies recorded significant decline on July 29, as muted quarterly earn",2025-07-29,-3,False,,"share price, q1 results, nifty",Low ESG relevance or finance-only context,2026-10-04
CYIENT,Cyient,"Trade Spotlight: How should you trade Infosys, BHEL, Info Edge, Birlasoft, Cyient, APL Apollo Tubes, Tata Technologies, and others on May 13? The benchmark indices made a strong start to the week, wit",2025-05-12,-4,False,,"candlestick, resistance, support level, nifty",Low ESG relevance or finance-only context,2026-10-04
CYIENT,Cyient,"Paras Defence, BEML, BDL, other defence stocks rally up to 9% after DAC clears Rs 1.05-lakh crore defence purchases Defence stocks saw a significant surge on July 4 after the Defence Acquisition Counc",2025-07-04,-2,False,,"share price, nifty",Low ESG relevance or finance-only context,2026-10-04
CYIENT,Cyient,"Mid, smallcap indices plunge 2%, extend losses for 3rd day amid broad-based selling: IREDA, RVNL, FirstCry among top losers The shares of several smallcap and midcap companies strongly tumbled on June",2025-06-19,-1,False,renewable,"nifty, sensex",Low ESG relevance or finance-only context,2026-10-04
CYIENT,Cyient,"Trade Spotlight: How should you trade Asahi India Glass, Avenue Supermarts, AU Small Finance Bank, Cyient, Vedant Fashions, and others on June 19? The benchmark indices remained in negative terrain fo",2025-06-19,-2,False,,"trading volume, nifty",Low ESG relevance or finance-only context,2026-10-04
CYIENT,Cyient,"GRSE, BDL, Mazagon Dock fall up to 5% amid profit-booking; Nifty defence among top sectoral losers Shares of defence companies including Garden Reach Shipbuilders &amp;amp; Engineers (GRSE), Bharat Dy",2025-06-11,-1,False,,nifty,Low ESG relevance or finance-only context,2026-10-04
CYIENT,Cyient,"Midcap, smallcap indices drop up to 3% on broad-based selling: Here are the top losers The shares of midcap and smallcap companies strongly tumbled on May 6, pushing the broader market indices sharply",2025-05-06,-2,False,,"nifty, sensex",Low ESG relevance or finance-only context,2026-10-04
CYIENT,Cyient,"Small, midcap indices extend gaining streak to 7 days; here are the top gainers The shares of smallcap and midcap companies continued to gain sharply on April 23, pushing the smallcap and midcap indic",2025-04-23,-1,False,labor,"share price, nifty",Low ESG relevance or finance-only context,2026-10-04
CYIENT,Cyient,"Small, midcap indices outperform benchmarks to extend gains for a third session: These are the top gainers Rally in select small and midcap shares on May 14 pushed the broader market indices into the ",2025-05-14,-4,False,,"share price, q4 results, nifty, sensex",Low ESG relevance or finance-only context,2026-10-04
CYIENT,Cyient,"Defence stocks snap 2-day rally to fall more than 2% on Israel-Iran ceasefire; BEML, GRSE decline up to 7% Shares of defence companies fell sharply on June 24, snapping a two-day rally, as easing geop",2025-06-24,-2,False,sustainable,"intraday, nifty, sensex",Low ESG relevance or finance-only context,2026-10-04
CYIENT,Cyient,"Mazagon Dock, BDL, other defence stocks rally up to 5% as Israel-Iran war enters 5th day: What lies ahead? Defence stocks gained traction on June 17 as the war between Israel and Iran entered its fift",2025-06-17,-1,False,waste,"share price, nifty",Low ESG relevance or finance-only context,2026-10-04
BSOFT,Birlasoft,"Trade Spotlight: How should you trade Titan, Crompton Greaves Consumer, EID Parry, TVS Motor, Birlasoft, Newgen Software, and others on June 26? The benchmark indices extended their northward journey ",2025-06-26,-1,False,,nifty,Low ESG relevance or finance-only context,2026-10-04
BSOFT,Birlasoft,"Trade Spotlight: How should you trade Ultratech Cement, Birlasoft, Sonata Software, Hindustan Unilever, Bharat Electronics, and others on April 29? Bulls staged a strong comeback on April 28, driving ",2025-04-29,-2,False,,"resistance, nifty",Low ESG relevance or finance-only context,2026-10-04
BSOFT,Birlasoft,"Trade Spotlight: How should you trade Infosys, BHEL, Info Edge, Birlasoft, Cyient, APL Apollo Tubes, Tata Technologies, and others on May 13? The benchmark indices made a strong start to the week, wit",2025-05-12,-4,False,,"candlestick, resistance, support level, nifty",Low ESG relevance or finance-only context,2026-10-04
BSOFT,Birlasoft,"Stocks to Watch Today: IndiGo, IndusInd Bank, Colgate, NALCO, Hindustan Zinc, NBCC, Aarti Industries, Birlasoft, MGL, Oil India in focus on 22 May Let's catch up on the latest news from the stock mark",2025-05-22,0,False,,,Low ESG relevance or finance-only context,2026-10-04
BSOFT,Birlasoft,"Adani Total Gas, Granules, IRB Infra among 8 stocks to be deleted from NSE's F&O segment from Aug series The National Stock Exchange has excluded eight stocks from the derivatives segment, and no cont",2025-06-24,0,False,inclusion,trading volume,Low ESG relevance or finance-only context,2026-10-04
BSOFT,Birlasoft,"Stocks to Watch Today: Sai Life Sciences, Kaynes Tech, GMM Pfaudler, Axiscades Tech, Natco Pharma, ITD Cementation, Oswal Pumps in focus on 20 June Let's catch up on the latest news from the stock mar",2025-06-20,0,False,,,Low ESG relevance or finance-only context,2026-10-04
BSOFT,Birlasoft,"Stocks to Watch Today: Eternal, Hero MotoCorp, Trent, Bharat Forge, BHEL, Lumax Ind, Fortis Healthcare, Datamatics Global, Bajaj Holdings in focus on 7 August Let's catch up on the latest news from th",2025-08-07,0,False,,,Low ESG relevance or finance-only context,2026-10-04
BSOFT,Birlasoft,"Smallcap index falls nearly 2%, snaps 4-day gaining streak; midcap index declines 2% from day's high The shares of small-cap companies recorded strong losses on March 10, pushing the Nifty Smallcap in",2025-03-10,-1,False,renewable,"stock price, nifty",Low ESG relevance or finance-only context,2026-10-04
ZENSARTECH,Zensar Technologies,"Trade Spotlight: How should you trade Zensar Technologies, APL Apollo Tubes, ITC, CRISIL, BSE, Aurobindo Pharma, and others on May 9? The benchmark indices turned lower after a day of recovery and a p",2025-05-08,-3,False,,"resistance, trading volume, nifty",Low ESG relevance or finance-only context,2026-10-04
ZENSARTECH,Zensar Technologies,"Trade Spotlight: How should you trade Oracle Financial, Praj Industries, Bank of India, Trent, NMDC, Zensar Technologies and others on June 10? Bulls maintained their control over Dalal Street, drivin",2025-06-10,-3,False,,"candlestick, resistance, nifty",Low ESG relevance or finance-only context,2026-10-04
ZENSARTECH,Zensar Technologies,"Trade Spotlight: How should you trade PB Fintech, Persistent Systems, Zensar Technologies, SBI Life Insurance, Supreme Industries, and others on June 18? The benchmark indices closed lower after a day",2025-06-18,-2,False,sustainable,"candlestick, support level, nifty",Low ESG relevance or finance-only context,2026-10-04
TATATECH,Tata Technologies,"Trade Spotlight: How should you trade Infosys, BHEL, Info Edge, Birlasoft, Cyient, APL Apollo Tubes, Tata Technologies, and others on May 13? The benchmark indices made a strong start to the week, wit",2025-05-12,-4,False,,"candlestick, resistance, support level, nifty",Low ESG relevance or finance-only context,2026-10-04
TATATECH,Tata Technologies,"Stocks to Watch Today: HCLTech, Tata Tech, Rallis India, Power Mech Projects, RailTel, Sun Pharma, Deepak Fertilisers, Oberoi Realty in focus on 15 July Let's catch up on the latest news from the stoc",2025-07-15,0,False,,,Low ESG relevance or finance-only context,2026-10-04
TATATECH,Tata Technologies,"HDB Financial delivers biggest listing gains among over Rs 10,000-crore IPOs post-Covid The 12,500-crore IPO of HDB Financial Services has delivered the biggest returns among all public issues worth o",2025-07-02,0,False,,,Low ESG relevance or finance-only context,2026-10-04
TATATECH,Tata Technologies,"Markets turn to US-India trade deal for next set of cues as India-Pakistan tensions cool Over the past week, the Nifty 50 and Sensex have largely been range-bound, with the benchmarks slipping in the ",2025-05-12,-2,False,,"nifty, sensex",Low ESG relevance or finance-only context,2026-10-04
TATATECH,Tata Technologies,"Tata Tech, IREDA stocks to enter F&O segment from February 28 on NSE; shares trade in green The National Stock Exchange (NSE) on February 19 announced the addition of the futures and options (F&amp;am",2025-02-20,0,False,inclusion,trading volume,Low ESG relevance or finance-only context,2026-10-04
SONATSOFTW,Sonata Software,"Trade Spotlight: How should you trade ICICI Bank, Varun Beverages, Sonata Software, Bajaj Auto, M&M, UPL, L&T Finance, KEI Industries and others on July 22? Equity benchmark indices gained 0.5 percent",2025-07-21,-2,False,,"candlestick, resistance",Low ESG relevance or finance-only context,2026-10-04
SONATSOFTW,Sonata Software,"Trade Spotlight: How should you trade Ultratech Cement, Birlasoft, Sonata Software, Hindustan Unilever, Bharat Electronics, and others on April 29? Bulls staged a strong comeback on April 28, driving ",2025-04-29,-2,False,,"resistance, nifty",Low ESG relevance or finance-only context,2026-10-04
SONATSOFTW,Sonata Software,"Trade Spotlight: How should you trade Voltas, Sonata Software, Piramal Enterprises, Tata Motors, Redington, Coromandel, Eternal and others on July 15? Indian equity benchmarks fell a third of a percen",2025-07-14,-3,False,,"candlestick, resistance, nifty",Low ESG relevance or finance-only context,2026-10-04
SONATSOFTW,Sonata Software,"Nifty smallcap100 index extends fall for 4th straight day, Midcap index declines 0.5%; here are top gainers, losers Nifty Smallcap100 index declined for the fourth consecutive session on Tuesday as in",2025-07-22,-1,False,,nifty,Low ESG relevance or finance-only context,2026-10-04
SONATSOFTW,Sonata Software,"Midcap, smallcap indices drop up to 3% on broad-based selling: Here are the top losers The shares of midcap and smallcap companies strongly tumbled on May 6, pushing the broader market indices sharply",2025-05-06,-2,False,,"nifty, sensex",Low ESG relevance or finance-only context,2026-10-04
SONATSOFTW,Sonata Software,"Smallcap, midcap indices tumble up to 2% amid rising India-Pak tensions: MCX, RVNL, Suzlon Energy shares drop up to 5% The shares of smallcap and midcap companies strongly tumbled on May 9, pushing th",2025-05-09,-2,False,,"q4 results, nifty",Low ESG relevance or finance-only context,2026-10-04
HEXAWARE,Hexaware Technologies,Adani Group stocks trade mixed after US SEC seeks India's help in fraud probe; Adani Green down 2% Shares of Adani Group companies traded mixed on Wednesday after a Reuters news report stated that the,2025-02-19,0,False,green energy,nifty,Low ESG relevance or finance-only context,2026-10-04
HEXAWARE,Hexaware Technologies,"MSCI August rejig: Swiggy, Mazagon Dock among likely additions, $850 million inflows seen Swiggy Ltd, Mazagon Dock Shipbuilders Ltd, Hitachi Energy India Ltd, and Waaree Energies Ltd are four firms th",2025-06-17,-1,False,inclusion,"share price, brokerage",Low ESG relevance or finance-only context,2026-10-04
HEXAWARE,Hexaware Technologies,"Sensex, Nifty end flat for 3rd session; heavyweights offset pharma losses; broader market rise up to 2% Sensex and Nifty ended flat for the third session in a row ahead of the FOMC meeting minutes, se",2025-02-19,-2,False,,"nifty, sensex",Low ESG relevance or finance-only context,2026-10-04
HEXAWARE,Hexaware Technologies,"Sensex, Nifty flat ahead of FOMC minutes; mid-, small-cap indices drop up to 2% Sensex and Nifty flattened by midday on February 19 after opening lower, as investors remained cautious about stretched ",2025-02-19,-2,False,,"nifty, sensex",Low ESG relevance or finance-only context,2026-10-04
HEXAWARE,Hexaware Technologies,"MSCI Rejig: Coromandel, Nykaa join Global Standard index following May rebalancing Fertiliser company Coromandel International Ltd., and FSN E-commerce Ventures Ltd., parent of of beauty retailer Nyka",2025-05-14,0,False,inclusion,brokerage,Low ESG relevance or finance-only context,2026-10-04
MINDTREE,Mindtree (legacy symbol),"Infosys, TCS, other IT heavyweights drop 1%, IT index snaps 2-day gaining streak amid weak market Several IT stocks declined on May 27, pushing the Nifty IT index down into the red to snap its two-day",2025-05-27,-3,False,,"share price, nifty, sensex",Low ESG relevance or finance-only context,2026-10-04
MINDTREE,Mindtree (legacy symbol),"Nifty IT index tops the chart after gaining Rs 1.16 lakh crore in value in nine sessions with eight up days The shares of TCS and Infosys were among the leading contributor on Sensex, as IT companies ",2025-06-16,-1,False,environment,"nifty, sensex",Low ESG relevance or finance-only context,2026-10-04
MINDTREE,Mindtree (legacy symbol),"Nifty IT sharply down on selloff after Fed's inflation, tariff view; Wipro sole gainer on upgrade Shares of IT companies were sharply lower on June 19, after the US Federal Reserve kept key interest r",2025-06-19,-2,False,,"target price, nifty",Low ESG relevance or finance-only context,2026-10-04
MINDTREE,Mindtree (legacy symbol),"Stocks to Watch Today: Hitachi Energy, Lemon Tree Hotels, Embassy Developments, Western Carriers, Power Mech, Premier Energies in focus on 27 June Let's catch up on the latest news from the stock mark",2025-06-27,0,False,,,Low ESG relevance or finance-only context,2026-10-04
MINDTREE,Mindtree (legacy symbol),"Persistent, TechM, other IT stocks drop up to 4% amid escalating US-China trade tensions The shares of IT companies tumbled on June 2 amid escalating trade tensions between US and China. The sharp fal",2025-06-02,-2,False,,"share price, nifty",Low ESG relevance or finance-only context,2026-10-04
MINDTREE,Mindtree (legacy symbol),"Sensex jumps 500 pts, Nifty above 24,500: Sharp fall in crude, other key factors behind market rally The equity benchmark indices Sensex and Nifty surged in early trade on Monday amid sustained foreig",2025-05-05,-4,False,,"intraday, candlestick, nifty, sensex",Low ESG relevance or finance-only context,2026-10-04
MINDTREE,Mindtree (legacy symbol),"Nifty IT rallies one percent, snapping a two-day fall on strong Nvidia Q1, ruling against Trump tariffs The shares of IT companies surged on May 29 after US chipmaker Nvidia posted strong Q1 results a",2025-05-29,-2,False,,"q1 results, nifty",Low ESG relevance or finance-only context,2026-10-04
MINDTREE,Mindtree (legacy symbol),"IT shares snap three-day gaining streak ahead of US Fed meet; Coforge, TCS, others fall up to 1.5% The shares of several IT companies dropped on June 18, pushing the Nifty IT index down over half a pe",2025-06-18,-2,False,,"nifty, sensex",Low ESG relevance or finance-only context,2026-10-04
MINDTREE,Mindtree (legacy symbol),"LTI Mindtree, TechM surge 2% as IT index rallies on a rangebound day: What's pushing IT higher Shares of IT companies sharply ended higher on April 29, sharply off lows on hopes of easing trade tensio",2025-04-29,-4,False,environment,"share price, stock price, brokerage, q4 results, nifty",Low ESG relevance or finance-only context,2026-10-04
MINDTREE,Mindtree (legacy symbol),"Persistent Systems, Infosys, other IT shares drop up to 2% as trade, geopolitical tensions weigh The shares of major IT players dropped on June 12 after uncertain US tariff rules and geopolitical tens",2025-06-12,0,False,labor,nifty,Low ESG relevance or finance-only context,2026-10-04
MINDTREE,Mindtree (legacy symbol),"Coforge, Mphasis, other IT shares rise up to 4% on optimism over US-China trade talks The shares of IT companies are higher on June 10, pushing the Nifty IT index up over 1.5 percent to emerge as the ",2025-06-10,-4,False,,"share price, target price, brokerage, nifty",Low ESG relevance or finance-only context,2026-10-04
MINDTREE,Mindtree (legacy symbol),"Tech Mahindra, Infosys, other IT stocks tumble on concerns over US' fiscal deficit The shares of IT companies tumbled on May 22, tracking Wall Street peers over concerns of possible widening of US' fe",2025-05-22,-2,False,,"nifty, sensex",Low ESG relevance or finance-only context,2026-10-04
MINDTREE,Mindtree (legacy symbol),IT stocks drop up to 1.5% ahead of TCS Q1 results tomorrow The shares of IT companies declined in trade on July 9 as investors actively awaited the release of the first set to Q1 FY26 results from the,2025-07-09,-2,False,environment,"share price, q1 results, nifty",Low ESG relevance or finance-only context,2026-10-04
MINDTREE,Mindtree (legacy symbol),"Infosys, TechM, others up 2% as US Fed chief Powell's testimony spurs rate cut bets Shares of IT companies were higher on June 25 as market participants saw US Federal Reserve Chair Jerome Powell's te",2025-06-25,-1,False,labor,"share price, nifty",Low ESG relevance or finance-only context,2026-10-04
MINDTREE,Mindtree (legacy symbol),"Investors cheer Trump's tariff pause: These are the top gaining spaces Benchmark Indian indices surged on April 11, with Sensex rising over 1,300 points and Nifty 50 up nearly 2 percent following a re",2025-04-11,-1,False,labor,"nifty, sensex",Low ESG relevance or finance-only context,2026-10-04
MINDTREE,Mindtree (legacy symbol),"Coforge, HCL Tech, other IT names rise up to 3% on hopes of early Fed rate cut, Nasdaq rally The Nifty IT index is higher on June 27, tracking Wall Street peers on rising hopes of a US Fed rate cut so",2025-06-27,-1,False,,nifty,Low ESG relevance or finance-only context,2026-10-04
MINDTREE,Mindtree (legacy symbol),"Sensex declines over 200 pts, Nifty below 25,100: Selling in IT stocks among key factors behind market decline The equity benchmarks Sensex and Nifty declined for the fourth straight day on Monday ami",2025-07-14,-3,False,,"intraday, nifty, sensex",Low ESG relevance or finance-only context,2026-10-04
MINDTREE,Mindtree (legacy symbol),"Sensex soars 450 pts, Nifty above 25,200: Easing inflation, IT buying, other key factors behind market rebound The benchmark equity indices Sensex and Nifty bounced back on Tuesday after four consecut",2025-07-15,-4,False,,"intraday, q1 results, nifty, sensex",Low ESG relevance or finance-only context,2026-10-04
MINDTREE,Mindtree (legacy symbol),"Nifty IT crashes 2% as fall in Persistent Systems, Coforge, Infosys shares weighs The Nifty IT index tumbled almost two percent in trade, dragged by midcap IT services players Persistent Systems Ltd a",2025-07-24,-2,False,,"brokerage, nifty",Low ESG relevance or finance-only context,2026-10-04
MINDTREE,Mindtree (legacy symbol),"Coforge, HCL Tech, Wipro, other IT shares jump up to 7% amid hopes of easing trade tensions The shares of IT companies strongly surged on April 23 after US President Donald Trump hinted at slashing ta",2025-04-23,-3,False,,"share price, q4 results, nifty",Low ESG relevance or finance-only context,2026-10-04
MINDTREE,Mindtree (legacy symbol),"Trade Spotlight: How should you trade Kaynes Technology, Jindal Stainless, Hero MotoCorp, CCL Products, Grasim Industries and others on August 5? The benchmark indices snapped a two-day losing streak,",2025-08-05,-4,False,,"candlestick, resistance, support level, nifty",Low ESG relevance or finance-only context,2026-10-04
MINDTREE,Mindtree (legacy symbol),"Pharma, IT stocks tumble up to 4% as Trump tariffs take effect The shares of pharma and IT companies tumbled on March 4 as US President Donald Trump's tariffs on Canada and Mexico came into effect, wh",2025-03-04,-1,False,labor,"share price, nifty",Low ESG relevance or finance-only context,2026-10-04
NEWGEN,Newgen Software Technologies,"Trade Spotlight: How should you trade Titan, Crompton Greaves Consumer, EID Parry, TVS Motor, Birlasoft, Newgen Software, and others on June 26? The benchmark indices extended their northward journey ",2025-06-26,-1,False,,nifty,Low ESG relevance or finance-only context,2026-10-04
NEWGEN,Newgen Software Technologies,"Trade Spotlight: How should you trade Coromandel International, Ceat, Elecon Engineering, Chambal Fertilisers, Max Healthcare, and others on May 7? The benchmark indices closed a rangebound session mo",2025-05-06,-1,False,sustainable,"support level, nifty",Low ESG relevance or finance-only context,2026-10-04
NEWGEN,Newgen Software Technologies,"Q1 results impact: Newgen Software shares tumble 6% as net profit falls 54% QoQ, HDFC AMC rises 1% The shares of Newgen Software dropped nearly 6 percent on July 17 after the company reported a 54 seq",2025-07-17,-1,False,,q1 results,Low ESG relevance or finance-only context,2026-10-04
INTELLECT,Intellect Design Arena,"Sun Pharma settles patent litigation with Incyte, paving way for launch of anti-baldness drug LEQSELVI India's largest pharmaceutical company, Sun Pharma announced on July 14 that it has settled a pat",2025-07-14,0,False,,,Low ESG relevance or finance-only context,2026-10-04
INTELLECT,Intellect Design Arena,"Nifty, Sensex gain 4% in broad-based weekly rally, Nifty Defence Index soars 11% Domestic frontlines Nifty 50 and Sensex galloped a sharp four percent in trade over the past five sessions this week, a",2025-05-16,-2,False,,"nifty, sensex",Low ESG relevance or finance-only context,2026-10-04
INTELLECT,Intellect Design Arena,"Indian pharma companies sit on record cash pile, set sights on acquisitions India’s top pharmaceutical companies are sitting on their largest cash reserves in at least five years, possibly setting the",2025-06-18,-1,False,,nifty,Low ESG relevance or finance-only context,2026-10-04
INTELLECT,Intellect Design Arena,"Stocks to Watch Today: Eternal, Hero MotoCorp, Trent, Bharat Forge, BHEL, Lumax Ind, Fortis Healthcare, Datamatics Global, Bajaj Holdings in focus on 7 August Let's catch up on the latest news from th",2025-08-07,0,False,,,Low ESG relevance or finance-only context,2026-10-04
INTELLECT,Intellect Design Arena,Defence play Astra Micro's shares soar nearly 10 percent on fund raising plans Shares of defence and telecom equipment provider Astra Microwave surged up to 12 percent on May 15 after a company filing,2025-05-15,0,False,,,Low ESG relevance or finance-only context,2026-10-04
INTELLECT,Intellect Design Arena,"Stocks to Watch Today: ASK Automotive, RBL Bank, Godrej Properties, IEX, Uno Minda, Intellect Design in focus on 4 March Let's catch up on the latest news from the stock market. From significant inves",2025-03-04,0,False,,,Low ESG relevance or finance-only context,2026-10-04
ROUTE,Route Mobile,"Indian Oil and Adani Gas JV plans $161 million convertible bond sale IndianOil-Adani Gas Pvt. is planning to raise as much as Rs 1,378 crore ($161 million) from the sale of convertible bonds, accordin",2025-07-09,0,False,,,Low ESG relevance or finance-only context,2026-10-04
ROUTE,Route Mobile,"Macquarie initiates coverage on Trent with 'outperform' tag, believes stock can rally 32% Global broking house Macquarie initiated coverage on Tata Group player Trent Ltd. with an 'outperform' tag, be",2025-03-27,-2,False,,"share price, brokerage",Low ESG relevance or finance-only context,2026-10-04
ROUTE,Route Mobile,"Stocks to Watch Today: ITC, HBL Engineering, Belrise, LIC, MedPlus Health, Bosch, Hindustan Copper, Bharat Dynamics, Gateway Distriparks in focus on 28 May Let's catch up on the latest news from the s",2025-05-28,0,False,,,Low ESG relevance or finance-only context,2026-10-04
ROUTE,Route Mobile,"Bajaj Finserv block deal: Around 2.9 crore shares worth Rs 5,506 crore exchanged Bajaj group's Bajaj Finserv Ltd shares remained flat on Friday, June 6, even as around 2.86 crore shares were exchanged",2025-06-06,-1,False,,share price,Low ESG relevance or finance-only context,2026-10-04
ROUTE,Route Mobile,"Buy Adani Ports and SEZ; target of Rs 1560: Motilal Oswal Motilal Oswal's research report on Adani Ports and SEZ  APSEZ has announced the acquisition of Abbot Point Port Holdings Pte. Ltd (APPH), Sing",2025-04-21,0,False,,,Low ESG relevance or finance-only context,2026-10-04
ROUTE,Route Mobile,"Buy Adani Ports and SEZ; target of Rs 1700: Motilal Oswal Motilal Oswal's research report on Adani Ports and SEZ  APSEZ ended FY25 with 7% growth in total volumes to 450MMT, supported by a network of ",2025-08-04,0,False,,,Low ESG relevance or finance-only context,2026-10-04
ROUTE,Route Mobile,"SBI QIP opens, floor price fixed at Rs 811.05 per share State Bank of India on July 16 said the floor price for its qualified institutional placement (QIP) has been fixed at Rs 811.05 per share.    Th",2025-07-16,0,False,,,Low ESG relevance or finance-only context,2026-10-04
ROUTE,Route Mobile,Iran-Israel conflict: No disruption to oil supply yet but OMCs face higher shipping costs The conflict between Iran and Israel has not led to a disruption in India’s crude oil supplies from the Middle,2025-06-16,0,False,,,Low ESG relevance or finance-only context,2026-10-04
ROUTE,Route Mobile,India's new playbook aims to bypass Strait of Hormuz blockade in future emergencies: IOC Chairman State-run Indian Oil Corporation (IOC) saw not a single cargo being cancelled or delayed despite the s,2025-07-08,0,False,,,Low ESG relevance or finance-only context,2026-10-04
ROUTE,Route Mobile,"Iran-Israel conflict: Crude surge, threat to shipping lanes keeping oil refiners on the edge Israel’s strikes on Iranian nuclear installations and the subsequent vow of retaliation by Tehran sent crud",2025-06-13,0,False,,,Low ESG relevance or finance-only context,2026-10-04
ROUTE,Route Mobile,"Sensex rises 500 pts from day's low, Nifty near 25,000: 5 reasons behind sharp market reversal The benchmark equity indices staged a strong rebound on Monday after falling sharply in early trade, as e",2025-06-23,-3,False,,"intraday, nifty, sensex",Low ESG relevance or finance-only context,2026-10-04
ROUTE,Route Mobile,"SBI's Rs 25,000 crore QIP, first since 2017, over-subscribed 3x on solid demand led by LIC: CNBC-Awaaz The Rs 25,000-crore qualified institutional placement (QIP) of India's largest lender State Bank ",2025-07-17,0,False,,,Low ESG relevance or finance-only context,2026-10-04
ROUTE,Route Mobile,"Trade Spotlight: How should you trade Biocon, Swiggy, Kotak Mahindra Bank, Apollo Hospitals, SJS Enterprises, TCS, Oberoi Realty, and others on June 17? Equity benchmarks shrugged off the Israel-Iran ",2025-06-17,-1,False,labor,"candlestick, nifty",Low ESG relevance or finance-only context,2026-10-04
ROUTE,Route Mobile,"Adani Ports to acquire Australian terminal in $2.4-bn non-cash deal Adani Ports and SEZ Ltd, India's biggest private port operator, announced on Thursday a $2.4 billion non-cash acquisition of a coal ",2025-04-18,0,False,water,resistance,Low ESG relevance or finance-only context,2026-10-04
ROUTE,Route Mobile,"HPCL, BPCL, IOC shares in red, ONGC stock gains as crude oil prices rally amid Middle East escalations Crude oil prices bubbled following U.S. strikes on Iran nuclear sites over the weekend, leading s",2025-06-23,-3,False,,"share price, stock price, brokerage",Low ESG relevance or finance-only context,2026-10-04
ROUTE,Route Mobile,"Bajaj Finserv promoter entities eyeing part stake sale, launch Rs 4,750-cr block deal with upsize option Promoter group entities of Bajaj Finserv are planning to dilute part stake of 1.58 percent via ",2025-06-05,-1,False,,share price,Low ESG relevance or finance-only context,2026-10-04
ROUTE,Route Mobile,"Trade Spotlight: How should you trade Oracle Financial, Praj Industries, Bank of India, Trent, NMDC, Zensar Technologies and others on June 10? Bulls maintained their control over Dalal Street, drivin",2025-06-10,-3,False,,"candlestick, resistance, nifty",Low ESG relevance or finance-only context,2026-10-04
ROUTE,Route Mobile,"OMCs' earnings may hold firm even as Israel-Iran conflict lifts crude prices: Brokerages Escalating tensions between Israel and Iran are likely to further pressure prices of crude oil. However, broker",2025-06-16,-2,False,water,"stock price, target price, brokerage",Low ESG relevance or finance-only context,2026-10-04
ROUTE,Route Mobile,Buy Ambuja Cements; target of Rs 620: Motilal Oswal Motilal Oswal's research report on Ambuja Cements  Ambuja Cements (ACEM) delivered better-than-estimated 4QFY25 results on lower cost (2% below esti,2025-05-01,0,False,,,Low ESG relevance or finance-only context,2026-10-04
ROUTE,Route Mobile,"Hindalco, Nalco, Vedanta other metal stocks fall for 2nd day after 5-session rise; what should investors do? Hindalco, Nalco, Vedanta were among other metal stocks that declined in trade for the secon",2025-02-25,-2,False,,"intraday, nifty",Low ESG relevance or finance-only context,2026-10-04
ROUTE,Route Mobile,"Stocks to Watch Today: Sai Life Sciences, Kaynes Tech, GMM Pfaudler, Axiscades Tech, Natco Pharma, ITD Cementation, Oswal Pumps in focus on 20 June Let's catch up on the latest news from the stock mar",2025-06-20,0,False,,,Low ESG relevance or finance-only context,2026-10-04
ROUTE,Route Mobile,"Sunil Mittal-led promoter entity eyes part stake sale in Bharti Airtel, launches mega $1-bn block deal Indian Continent Investment Limited, a Sunil Mittal-led promoter group entity of Bharti Airtel, h",2025-08-07,0,False,,,Low ESG relevance or finance-only context,2026-10-04
ROUTE,Route Mobile,Buy Ambuja Cement; target of Rs 692: Prabhudas Lilladher Prabhudas Lilladher's research report on Ambuja Cement  We visited Ambuja Cements’ (ACEM) Marwar Mundwa integrated cement unit and interacted w,2025-07-03,0,False,,,Low ESG relevance or finance-only context,2026-10-04
ROUTE,Route Mobile,"Hyped IPOs, hurting portfolio: Why Hyundai, Swiggy, Ola and NTPC Green are bleeding investors and what you should do Last year’s IPO party continues to feel like a morning-after hangover. Of the 10 bi",2025-05-26,0,False,"renewable, green energy","stock price, target price",Low ESG relevance or finance-only context,2026-10-04
ROUTE,Route Mobile,"YES Bank shares off highs after rising on Japan's SMBC's talks with SBI for stake acquisition Private lender YES Bank Ltd.'s shares galloped over nine percent intraday on Tuesday, May 6, but settled 1",2025-05-06,-1,False,,intraday,Low ESG relevance or finance-only context,2026-10-04
ROUTE,Route Mobile,Torrent Pharma expects to recover JB Pharma acquisition cost in 2.5 years from taking control Torrent Pharmaceuticals Ltd. expects to recover its investment in JB Chemicals &amp;amp; Pharmaceuticals L,2025-06-30,0,False,,,Low ESG relevance or finance-only context,2026-10-04
ROUTE,Route Mobile,"Sensex, Nifty end flat for 3rd session; heavyweights offset pharma losses; broader market rise up to 2% Sensex and Nifty ended flat for the third session in a row ahead of the FOMC meeting minutes, se",2025-02-19,-2,False,,"nifty, sensex",Low ESG relevance or finance-only context,2026-10-04
ROUTE,Route Mobile,Accumulate National Aluminium Co; target of Rs 205: Prabhudas Lilladher Prabhudas Lilladher's research report on National Aluminium Co  National Aluminium (NACL) reported strong operating performance ,2025-02-12,0,False,,,Low ESG relevance or finance-only context,2026-10-04
ROUTE,Route Mobile,"Vodafone Idea pushes for tariff hikes, says engaging with lenders for debt funding Vodafone Idea CEO Akshaya Moondra said the company is actively engaged with lenders to secure critical debt financing",2025-06-02,0,False,,,Low ESG relevance or finance-only context,2026-10-04
ROUTE,Route Mobile,"Mazagon Dock, GRSE shares gain 4% on likely Rs 44,000-crore orders for 12 MCMVs for Navy Shares of Mazagon Dock and Garden Reach Shipbuilders &amp;amp; Engineers (GRSE) gained up to 4% on May 27 after",2025-05-27,-1,False,water,"nifty, sensex",Low ESG relevance or finance-only context,2026-10-04
ROUTE,Route Mobile,Defence play Astra Micro's shares soar nearly 10 percent on fund raising plans Shares of defence and telecom equipment provider Astra Microwave surged up to 12 percent on May 15 after a company filing,2025-05-15,0,False,,,Low ESG relevance or finance-only context,2026-10-04
ROUTE,Route Mobile,Telecom minister Scindia rules out any more govt relief for Voda Idea: Report Union telecom minister Jyotiraditya Scindia ruled out any more government relief for the struggling Vodafone Idea after Su,2025-06-03,0,False,,,Low ESG relevance or finance-only context,2026-10-04
ROUTE,Route Mobile,"Sai Life Sciences block deal: 10% equity changes hands, TPG Asia likely seller Shares of Sai Life Sciences were flat on Friday, June 20, as private equity firm TPG Asia likely divested a significant p",2025-06-20,0,False,,,Low ESG relevance or finance-only context,2026-10-04
ROUTE,Route Mobile,"HDFC AMC, other AMC stocks see profit booking post-May AMFI data The shares of asset management companies (AMC) saw profit booking on June 10 after the Association of Mutual Funds of India (AMFI) rele",2025-06-10,0,False,,,Low ESG relevance or finance-only context,2026-10-04
ROUTE,Route Mobile,"March SIP inflows steady amid tariff tremors, sending HDFC and ABSL AMC shares higher by up to 5% The shares of mutual fund companies surged on April 11 after AMFI released data on equity fund inflows",2025-04-11,-2,False,,"nifty, sensex",Low ESG relevance or finance-only context,2026-10-04
ROUTE,Route Mobile,"Paytm shares flat as 2.9% equity changes hands via block deal, Antfin likely seller Shares of Paytm parent One97 Communications were flat as the firm saw a block deal of 1.86 crore shares, involving 2",2025-08-05,0,False,,,Low ESG relevance or finance-only context,2026-10-04
ROUTE,Route Mobile,"PB Fintech block deal: Stake worth Rs 920 crore sold, co-founder likely sellers PolicyBazaar parent PB Fintech shares slipped on Thursday, June 26, as the firm saw see a large stake sold, likely by co",2025-06-26,0,False,,,Low ESG relevance or finance-only context,2026-10-04
DATAMATICS,Datamatics Global Services,"Stocks to Watch Today: Eternal, Hero MotoCorp, Trent, Bharat Forge, BHEL, Lumax Ind, Fortis Healthcare, Datamatics Global, Bajaj Holdings in focus on 7 August Let's catch up on the latest news from th",2025-08-07,0,False,,,Low ESG relevance or finance-only context,2026-10-04
MASTEK,Mastek,"India‑UK FTA tariff cuts sparks cautious optimism, focus to shift to execution and earnings Market reaction to the India‑UK Free Trade Agreement is likely to be optimistic yet measured, with investors",2025-07-25,0,False,,,Low ESG relevance or finance-only context,2026-10-04
MASTEK,Mastek,"Stocks to Watch Today: Power Grid, Bharat Electronics, DLF, Rail Vikas Nigam, HFCL, Shyam Metalics, ACME Solar, Borosil, Petronet LNG in focus on 20 May Let's catch up on the latest news from the stoc",2025-05-20,0,False,,,Low ESG relevance or finance-only context,2026-10-04
MASTEK,Mastek,"Stocks to Watch Today: Sai Life Sciences, Kaynes Tech, GMM Pfaudler, Axiscades Tech, Natco Pharma, ITD Cementation, Oswal Pumps in focus on 20 June Let's catch up on the latest news from the stock mar",2025-06-20,0,False,,,Low ESG relevance or finance-only context,2026-10-04
MASTEK,Mastek,"Trade Spotlight: How should you trade CG Power Industrial, Ashok Leyland, HCL Technologies, BPCL, Biocon, Lupin, GAIL and others on June 12? Equity benchmark indices finished 0.15 percent higher on Ju",2025-06-12,-1,False,,nifty,Low ESG relevance or finance-only context,2026-10-04
MASTEK,Mastek,"Q1 Results impact: AU SFB, MRPL shares crash 8% after June quarter earnings, Mastek rallies 13% The shares of AU Small Finance Bank and Mangalore Refinery and Petrochemicals (MRPL) dropped 8 percent e",2025-07-21,-4,False,,"intraday, q1 results, nifty, sensex",Low ESG relevance or finance-only context,2026-10-04
SONACOMS,Sona BLW Precision Forgings,"Stocks to Watch Today: PNB Housing, JSW Energy, Maruti Suzuki, M&M, Paras Defence, Federal Bank, Eternal, Mobikwik, NMDC, NCC in focus on 2 May Let's catch up on the latest news from the stock market.",2025-05-02,0,False,,,Low ESG relevance or finance-only context,2026-10-04
SONACOMS,Sona BLW Precision Forgings,"Broader markets shine as small and midcap indices surge 3% on hopes of tariff reprieve, sustained inflows Broader market shares moved in tandem with the benchmark Sensex and Nifty on April 15, with th",2025-04-15,-5,False,,"intraday, resistance, q4 results, nifty, sensex",Low ESG relevance or finance-only context,2026-10-04
SONACOMS,Sona BLW Precision Forgings,"Trump's tariffs remarks boosts auto, ancillary, tyre stocks; SAMIL, Tata Motors, MRF shares rally up to 8% Shares of Indian car companies, auto component makers and tyre players jumped sharply during ",2025-04-15,-2,False,,"intraday, nifty",Low ESG relevance or finance-only context,2026-10-04
SONACOMS,Sona BLW Precision Forgings,"Nifty smallcap100 index extends fall for 4th straight day, Midcap index declines 0.5%; here are top gainers, losers Nifty Smallcap100 index declined for the fourth consecutive session on Tuesday as in",2025-07-22,-1,False,,nifty,Low ESG relevance or finance-only context,2026-10-04
SONACOMS,Sona BLW Precision Forgings,"Small, midcap indices extend gaining streak to 7 days; here are the top gainers The shares of smallcap and midcap companies continued to gain sharply on April 23, pushing the smallcap and midcap indic",2025-04-23,-1,False,labor,"share price, nifty",Low ESG relevance or finance-only context,2026-10-04
SONACOMS,Sona BLW Precision Forgings,"Tata Motors, ancillary shares fall up to 2% as Trump's tariff on car imports kick in Shares of auto component makers as well as Tata Motors were the worst-hit among mobility companies on April 3, fear",2025-04-03,-1,False,,nifty,Low ESG relevance or finance-only context,2026-10-04
HGS,Hinduja Global Solutions,"Stocks to Watch Today: ITC, HBL Engineering, Belrise, LIC, MedPlus Health, Bosch, Hindustan Copper, Bharat Dynamics, Gateway Distriparks in focus on 28 May Let's catch up on the latest news from the s",2025-05-28,0,False,,,Low ESG relevance or finance-only context,2026-10-04
NIITLTD,NIIT,"Trade Spotlight: How should you trade Ramco Cements, Mphasis, CRISIL, Prism Johnson, NIIT, Jindal Steel, BHEL and others on June 11? The benchmark indices closed flat amid rangebound trading on June 1",2025-06-10,-3,False,,"candlestick, support level, nifty",Low ESG relevance or finance-only context,2026-10-04
AFFLE,Affle India,"Chartist Talks: Bank Nifty on track to hit 60,000 milestone before Diwali, bullish on these 4 stocks, says SBI Securities' Sudeep Shah Sudeep Shah of SBI Securities believes Bank Nifty is well on trac",2025-06-29,-1,False,,nifty,Low ESG relevance or finance-only context,2026-10-04
MPSLTD,MPS,"BPCL, Indigo Paints, Apollo Tyres, other crude-sensitive stocks fall up to 2% as oil prices climb Crude-sensitive stocks tumbled on June 3 as oil prices significantly increased amid rising global unce",2025-06-03,0,False,,,Low ESG relevance or finance-only context,2026-10-04
MPSLTD,MPS,"Top gainers and losers: Stocks that moved the most on May 7 Benchmark index Sensex inched up 0.13%, gaining 106 points to settle at 80,747 on May 7, while the Nifty edged higher by 0.14%, adding 34.80",2025-05-07,-8,False,,"stock price, target price, brokerage, intraday, q4 results, trading volume, nifty, sensex",Low ESG relevance or finance-only context,2026-10-04
MPSLTD,MPS,"Stocks to Watch Today: PNB Housing, JSW Energy, Maruti Suzuki, M&M, Paras Defence, Federal Bank, Eternal, Mobikwik, NMDC, NCC in focus on 2 May Let's catch up on the latest news from the stock market.",2025-05-02,0,False,,,Low ESG relevance or finance-only context,2026-10-04
MPSLTD,MPS,"Paints, tyre stocks see selling pressure as crude oil spikes amid Middle East tension Shares of firms that rely on crude derivatives for manufacturing, such as paints and tyre companies, took a beatin",2025-06-23,0,False,,,Low ESG relevance or finance-only context,2026-10-04
MPSLTD,MPS,"Stocks to Watch Today: ITC, HBL Engineering, Belrise, LIC, MedPlus Health, Bosch, Hindustan Copper, Bharat Dynamics, Gateway Distriparks in focus on 28 May Let's catch up on the latest news from the s",2025-05-28,0,False,,,Low ESG relevance or finance-only context,2026-10-04
MPSLTD,MPS,"PSU Bank index jumps 2% amid RBI's liquidity boost; BoI, BoM, Indian Bank rise up to 4% The shares of public sector banks strongly surged on June 9, pushing the Nifty PSU Bank index up over 1.5 percen",2025-06-09,-2,False,,"share price, nifty",Low ESG relevance or finance-only context,2026-10-04
MPSLTD,MPS,"Nifty Bank jumps 1.4% from day's low as markets shrug off Trump tariff jitters; ICICI, Kotak Mahindra Bank lead recovery The Nifty Bank index sharply rebounded from day’s low, amid a broad-based recov",2025-07-31,-3,False,penalty,"resistance, q1 results, nifty, sensex",Low ESG relevance or finance-only context,2026-10-04
MPSLTD,MPS,"Stocks to Watch Today: Titan, Bajaj Finance, PNB Housing, Oberoi Realty, Havells, 360 One WAM, Arisinfra, BL Kashyap, Afcons Infra in focus on 22 July Let's catch up on the latest news from the stock ",2025-07-22,0,False,,,Low ESG relevance or finance-only context,2026-10-04
MPSLTD,MPS,"Sensex jumps 550 pts from day's low, Nifty above 22,650: Decline in oil prices among key factors behind market rally Sensex and Nifty witnessed an uptrend on Monday morning, following firm trends in A",2025-03-10,-5,False,,"intraday, candlestick, support level, nifty, sensex",Low ESG relevance or finance-only context,2026-10-04
MPSLTD,MPS,Sensex jumps 700 pts from day's low: Key factors behind markets snapping 8-day losing streak today Sensex and Nifty ended their eight-day losing streak on Monday as fag-end buying helped markets recov,2025-02-17,-2,False,sustainability,"intraday, nifty, sensex",Low ESG relevance or finance-only context,2026-10-04
MPSLTD,MPS,Adani Ports shares gain 5% after March quarter profit jumps 50%; brokerage sees up to 27% upside Adani Ports shares rose over 6 percent on Friday in early trade after the firm reported a 50 percent ju,2025-05-02,-4,False,,"brokerage, intraday, nifty, sensex",Low ESG relevance or finance-only context,2026-10-04
MPSLTD,MPS,Coal India hikes prices for coking and non-coking coal from April 16 Coal India on April 1 announced an increase of Rs 10 per ton in the prices of coking and non-coking coal starting from April 16.   ,2025-04-01,0,False,,,Low ESG relevance or finance-only context,2026-10-04
MPSLTD,MPS,"Bajaj Finserv shares rise 2% after Q1 net profit jumps 30% to Rs 2,789 crore: Should you buy, sell or hold? The shares of Bajaj Finserv jumped nearly 2 percent in morning trade on July 28 after the co",2025-07-28,-4,False,,"share price, target price, brokerage, q1 results",Low ESG relevance or finance-only context,2026-10-04
MPSLTD,MPS,"Sensex jumps 600 pts, Nifty above 23,300: Positive global cues ahead of US tariffs among key factors behind market rally Benchmark indices Sensex and Nifty surged in early trade on Wednesday, recoveri",2025-04-02,-3,False,,"support level, nifty, sensex",Low ESG relevance or finance-only context,2026-10-04
MPSLTD,MPS,"Sensex jumps 500 pts, Nifty above 24,500: Sharp fall in crude, other key factors behind market rally The equity benchmark indices Sensex and Nifty surged in early trade on Monday amid sustained foreig",2025-05-05,-4,False,,"intraday, candlestick, nifty, sensex",Low ESG relevance or finance-only context,2026-10-04
MPSLTD,MPS,"Jio Platforms Q4 net profit jumps 26% on back of strong ARPU, robust homes and digital services business growth Jio Platforms, which houses Reliance Industries Ltd’s telecom and digital businesses, re",2025-04-25,0,False,,,Low ESG relevance or finance-only context,2026-10-04
MPSLTD,MPS,"Tech Mahindra Q1 Results: Net profit jumps 34% on-year, tops Rs 1,140 crore on low expenditure Tech Mahindra reported a robust set of earnings for Q1 FY26, with the net profit jumping 34% year-on-year",2025-07-16,0,False,environment,q1 results,Low ESG relevance or finance-only context,2026-10-04
MPSLTD,MPS,"UltraTech Cement Q4 results: Net profit jumps 10% to Rs 2,482 crore, but realisations sluggish India's largest cement maker UltraTech Cement on April 28 reported 10 percent rise in consolidated net pr",2025-04-28,-2,False,,"brokerage, q4 results",Low ESG relevance or finance-only context,2026-10-04
MPSLTD,MPS,"Tech Mahindra loses 622 employees in Q1, third consecutive quarter of decline IT services major Tech Mahindra's headcount decreased by 622 sequentially in the first quarter ended June 30, 2025. This i",2025-07-16,-1,False,,q1 results,Low ESG relevance or finance-only context,2026-10-04
MPSLTD,MPS,"Shriram Finance seeks RBI license to underwrite govt debt Shriram Finance Ltd., one of the largest shadow lenders in India, is seeking to join a select group of entities which underwrite government de",2025-04-08,0,False,inclusion,trading volume,Low ESG relevance or finance-only context,2026-10-04
MPSLTD,MPS,"Cipla Q1 net profit beat estimates, jumps 10% to Rs 1,298 crore, revenue up 4% Cipla on Friday said its consolidated net profit increased 10.3 percent to Rs 1,298 crore in the first quarter ended June",2025-07-25,-1,False,,brokerage,Low ESG relevance or finance-only context,2026-10-04
MPSLTD,MPS,"Defence stocks GRSE, Cochin Shipyard, others rise for a third day as Op Sindoor ruboff extends on orderbook hopes Defence stocks extended gains despite an overall muted market sentiment on June 4, ris",2025-06-04,0,False,climate,nifty,Low ESG relevance or finance-only context,2026-10-04
MPSLTD,MPS,"Bharat Electronics Q1 Results: Net profit jumps 23% to Rs 970 crore, beats estimate Navratna defence PSU company Bharat Electronics (BEL) on July 28 reported a net profit of Rs 970 crore for the first",2025-07-28,-3,False,,"brokerage, intraday, q1 results",Low ESG relevance or finance-only context,2026-10-04
MPSLTD,MPS,"Cipla Q4 results: Net profit jumps 30% to Rs 1,222 crore Cipla on May 13 reported a 30 percent on-year jump in net profit to Rs 1,222 crore for the fourth quarter of the financial year 2025. It had ea",2025-05-13,-1,False,,q4 results,Low ESG relevance or finance-only context,2026-10-04
MPSLTD,MPS,"Trent stock jumps 2%, emerges as one of top Nifty gainers on bullish brokerage calls: Here's what analysts say Trent shares recorded notable gains on June 18 as investors welcomed bullish notes issued",2025-06-18,-4,False,,"target price, brokerage, intraday, nifty",Low ESG relevance or finance-only context,2026-10-04
MPSLTD,MPS,"Adani Ports Q4 net profit jumps 48% to Rs 3,014 crore; revenue rises 23%, to pay Rs 7 dividend Adani Ports on Thursday reported a 48 percent jump in consolidated net profit at Rs 3,014 crore for March",2025-05-01,-1,False,,brokerage,Low ESG relevance or finance-only context,2026-10-04
MPSLTD,MPS,"Stocks to Watch Today: HUL, Coal India, Gandhar Oil Refinery, Nureca, Paytm, HG Infra, Tata Power, Anant Raj in focus on 22 April Let's catch up on the latest news from the stock market. From signific",2025-04-22,0,False,renewable,brokerage,Low ESG relevance or finance-only context,2026-10-04
MPSLTD,MPS,"HPCL, BPCL, IOC slip as Brent inches towards $77 amid escalating Iran-Israel war, ONGC shares rise The Iran-Israel conflict continued to worsen on June 19, weighing of India's oil marketing companies ",2025-06-19,0,False,,,Low ESG relevance or finance-only context,2026-10-04
MPSLTD,MPS,"Stocks to Watch Today: Titan, Tata Motors, Navin Fluorine, Refex Industries, JSW Infrastructure, Lodha Developers, Kotak Mahindra Bank in focus on 8 July Let's catch up on the latest news from the sto",2025-07-08,0,False,,,Low ESG relevance or finance-only context,2026-10-04
MPSLTD,MPS,"Q4 results: Tata Steel profit jumps on cost declines, higher volumes, but pricing hurts topline Tata Steel on May 10 reported a 117 percent jump in its consolidated profit at Rs 1,200.88 crore in the ",2025-05-12,0,False,"carbon, environment","resistance, q4 results",Low ESG relevance or finance-only context,2026-10-04
MPSLTD,MPS,"Apollo Hospitals shares gain as Q4 profit jumps 54%; should you buy, sell, or hold? Shares of healthcare and diagnostics player Apollo Hospitals Enterprise Ltd rose on Monday, June 2, after posting a ",2025-06-02,-2,False,,"target price, brokerage",Low ESG relevance or finance-only context,2026-10-04
MPSLTD,MPS,"Bajaj Finserv Q1 net profit jumps 30% on-year to Rs 2,789 crore Bajaj Finserv reported a 30.5 percent jump in it's June quarter net profit to Rs 2,789 crore. The same was reported at Rs 2,138 crore in",2025-07-25,0,False,,,Low ESG relevance or finance-only context,2026-10-04
MPSLTD,MPS,"Rising crude oil prices may pressure paints, tyre stocks amid escalating Israel-Iran conflict Shares of paint and tyre firms might take a beating in trade on Monday, June 16, as prices of crude oil co",2025-06-16,-1,False,,nifty,Low ESG relevance or finance-only context,2026-10-04
MPSLTD,MPS,"Indus Towers’ Q1 profit slumps 9.8% despite Vodafone Idea payments Indus Towers reported a 9.8 percent on-year drop in net profit to Rs 1,737 crore for the June quarter, as surging power, fuel, employ",2025-07-31,0,False,,,Low ESG relevance or finance-only context,2026-10-04
MPSLTD,MPS,"Sensex slips 1,100 pts from day's high, Nifty below 25,050: 3 reasons behind sudden market fall The benchmark equity indices reversed early gains and traded lower on Tuesday, as investor sentiment too",2025-06-24,-1,False,violation,"nifty, sensex",Low ESG relevance or finance-only context,2026-10-04
MPSLTD,MPS,"Q4 results impact: MRF shares surge 4% after net profit jumps 29%; HUDCO, CarTrade tumble The shares of MRF, one of India's most expensive stocks, surged over 4 percent on May 7 to trade at Rs 1,40,90",2025-05-07,-2,False,,"share price, q4 results",Low ESG relevance or finance-only context,2026-10-04
MPSLTD,MPS,"Lifestyle diseases striking younger in India warns Apollo Hospitals new report India is grappling with a significant and worsening health crisis driven by non-communicable diseases (NCDs), with condit",2025-04-07,0,False,,,Low ESG relevance or finance-only context,2026-10-04
MPSLTD,MPS,"Eternal Q1: Blinkit revenue jumps 155% YoY to Rs 2,400 crore as user base, orders surge Blinkit, the quick commerce arm of Eternal (formerly Zomato), posted a 155 percent on-year jump in revenue at Rs",2025-07-21,0,False,,,Low ESG relevance or finance-only context,2026-10-04
MPSLTD,MPS,"TCS to roll out wage hikes after announcing plans to cut 12,000 jobs. Check details Tata Consultancy Services, India’s largest IT services firm, on August 6 announced wage hike for its staff starting ",2025-08-07,0,False,,,Low ESG relevance or finance-only context,2026-10-04
MPSLTD,MPS,"Sensex crashes over 500 pts, Nifty below 25,000: US strikes on Iran among key factors behind market decline The equity benchmark indices declined sharply on Monday amid rising geopolitical tensions in",2025-06-23,-2,False,,"nifty, sensex",Low ESG relevance or finance-only context,2026-10-04
MPSLTD,MPS,"Stocks to Watch Today: Power Grid, Bharat Electronics, DLF, Rail Vikas Nigam, HFCL, Shyam Metalics, ACME Solar, Borosil, Petronet LNG in focus on 20 May Let's catch up on the latest news from the stoc",2025-05-20,0,False,,,Low ESG relevance or finance-only context,2026-10-04
MPSLTD,MPS,"Swiggy, Info Edge shares rise up to 5% as Zomato parent Eternal jumps 20% in 2 trading sessions: Here's why Shares of Swiggy and Info Edge (India) Ltd rose up to 5 percent in Tuesday’s trade, tracking",2025-07-22,-4,False,,"share price, target price, brokerage, nifty",Low ESG relevance or finance-only context,2026-10-04
MPSLTD,MPS,"Sensex jumps nearly 700 pts from day's low; relatively lower US tariffs, 3 other reasons behind sharp recovery Benchmark indices Sensex and Nifty staged a sharp recovery on Thursday with the former bo",2025-04-03,-2,False,labor,"intraday, nifty, sensex",Low ESG relevance or finance-only context,2026-10-04
MPSLTD,MPS,"Stocks to Watch Today: IndiGo, IndusInd Bank, Colgate, NALCO, Hindustan Zinc, NBCC, Aarti Industries, Birlasoft, MGL, Oil India in focus on 22 May Let's catch up on the latest news from the stock mark",2025-05-22,0,False,,,Low ESG relevance or finance-only context,2026-10-04
MPSLTD,MPS,"Eicher Motors Q4 results: Net profit jumps 27% to Rs 1,362 crore, beats estimates Royal Enfield-maker Eicher Motors on May 14 reported a net profit of Rs 1,362 crore for the fourth quarter of FY25, ma",2025-05-14,-2,False,,"brokerage, q4 results",Low ESG relevance or finance-only context,2026-10-04
MPSLTD,MPS,"Dr Reddy's shares rise marginally as Q4 net profit jumps 22%; brokerages give mixed views Dr Reddy's Laboratories shares are in focus on May 12 post-strong March quarter results, announced in the post",2025-05-12,-1,False,labor,"target price, brokerage",Low ESG relevance or finance-only context,2026-10-04
MPSLTD,MPS,"ICICI Bank Q1 Results: Net profit jumps 15% on-year to Rs 12,768 crore, beats Street estimate ICICI Bank, India’s second-largest private sector lender, on Saturday reported a 15 percent year-on-year i",2025-07-19,-1,False,,q1 results,Low ESG relevance or finance-only context,2026-10-04
MPSLTD,MPS,"HDFC Life Q1 Results: Net profit jumps 14% to Rs 546 crore, APE rise 12% YoY HDFC Life reported a 14 percent jump in its net profit to Rs 546 crore for the June quarter of fiscal year 2026. The compan",2025-07-15,-1,False,,q1 results,Low ESG relevance or finance-only context,2026-10-04
MPSLTD,MPS,"Maruti Suzuki's cautious commentary, margin miss in Q4 results prompts cuts in target prices, stock sinks 3% Shares of India's largest car marker Maruti Suzuki India Ltd. tumbled on open on April 28, ",2025-04-28,-4,False,environment,"target price, buy call, brokerage, intraday, q4 results",Low ESG relevance or finance-only context,2026-10-04
MPSLTD,MPS,"Sensex soars over 400 pts, Nifty above 25,000: Buying in ICICI, HDFC Bank among key factors behind market rise The domestic benchmark indices Sensex surged by 442 points while Nifty closed above the 2",2025-07-21,-4,False,,"intraday, q1 results, nifty, sensex",Low ESG relevance or finance-only context,2026-10-04
MPSLTD,MPS,"Market cap jumps Rs 35 lakh crore in March: Here are top-performing sectors after a five-month lull After months of incessant selloff, the Indian stock markets have seen a strong comeback in the month",2025-03-24,-2,False,,"nifty, sensex",Low ESG relevance or finance-only context,2026-10-04
MPSLTD,MPS,"Stocks to Watch Today: Sai Life Sciences, Kaynes Tech, GMM Pfaudler, Axiscades Tech, Natco Pharma, ITD Cementation, Oswal Pumps in focus on 20 June Let's catch up on the latest news from the stock mar",2025-06-20,0,False,,,Low ESG relevance or finance-only context,2026-10-04
MPSLTD,MPS,"JSW Steel Shares Climb 2.03% Amidst Market Fluctuations In today's trading session, JSW Steel's stock price increased by 2.03%, reaching Rs 1027.45. This upward movement reflects notable activity in t",2025-06-25,-2,False,,"stock price, nifty",Low ESG relevance or finance-only context,2026-10-04
MPSLTD,MPS,"Stocks to Watch Today: Eternal, Hero MotoCorp, Trent, Bharat Forge, BHEL, Lumax Ind, Fortis Healthcare, Datamatics Global, Bajaj Holdings in focus on 7 August Let's catch up on the latest news from th",2025-08-07,0,False,,,Low ESG relevance or finance-only context,2026-10-04
MPSLTD,MPS,"Marico jumps over 4% as strong Q1 update lifts investor sentiment FMCG player Marico Ltd's shares rallied over four percent despite a muted market sentiment on Friday, July 4, as its business update f",2025-07-04,-1,False,"sustainable, environment","target price, brokerage, intraday",Low ESG relevance or finance-only context,2026-10-04
MPSLTD,MPS,"Q4 results impact: Hind Copper shares hit 5-month high as net profit jumps 50%; Triveni Engg, Techno Electric soar up to 11% The shares of Hindustan Copper jumped over 5 percent on May 28 to hit an in",2025-05-28,-2,False,,"intraday, q4 results",Low ESG relevance or finance-only context,2026-10-04
MPSLTD,MPS,"Stocks to Watch Today: Bayer Cropscience, PG Electroplast, Aurobindo Pharma, IndiGo, Sagility India, Borana Weaves, Lumax Industries in focus on 27 May Let's catch up on the latest news from the stock",2025-05-27,0,False,labor,sensex,Low ESG relevance or finance-only context,2026-10-04
MPSLTD,MPS,"Hindustan Zinc jumps 1.5%: Silver at lifetime high, other key reasons behind stock surge The shares of Hindustan Zinc jumped over 1.5 percent on July 11 as prices of silver continued to rally. The Ved",2025-07-11,-2,False,,"share price, brokerage",Low ESG relevance or finance-only context,2026-10-04
MPSLTD,MPS,"Neutral Voltas; target of Rs 1350: Motilal Oswal Motilal Oswal's research report on Voltas  We interacted with the management of Voltas (VOLT) to gain insights into the current demand trends, the comp",2025-06-18,0,False,,,Low ESG relevance or finance-only context,2026-10-04
MPSLTD,MPS,"Yes Bank Q1 net profit jumps 59% on-year to Rs 801 crore; other income, stable asset quality boost earnings Yes Bank's fiscal first quarter net profit jumped 59.4 percent year-on-year to Rs 801 crore,",2025-07-19,0,False,,,Low ESG relevance or finance-only context,2026-10-04
MPSLTD,MPS,"Samvardhana Motherson Q4 results: Net profit jumps 20% to Rs 1,050 crore, firm announces 1:2 bonus issue Samvardhana Motherson on May 29 reported a net profit of Rs 1,050.5 crore for the fourth quarte",2025-05-29,0,False,sustainable,q4 results,Low ESG relevance or finance-only context,2026-10-04
MPSLTD,MPS,"Gland Pharma shares rise most in 16 weeks, with US FDA's pre-approval inspection at its JNPC facility Shares of Gland Pharma gained about 5 percent on February 25, clocking its best day in 16 weeks, a",2025-02-25,0,False,,,Low ESG relevance or finance-only context,2026-10-04
MPSLTD,MPS,"PB Fintech Q4 profit jumps 184% to Rs 171 crore; FY25 net soars to Rs 353 crore PB Fintech, the parent company of Policybazaar and Paisabazaar, posted a consolidated net profit of Rs 171 crore for the",2025-05-15,0,False,,,Low ESG relevance or finance-only context,2026-10-04
MPSLTD,MPS,Kalyan Jewellers Q1 FY26 Consolidated Revenue Jumps 31%   Kalyan Jewellers India Limited reported a robust consolidated revenue growth of approximately 31% for the first quarter of fiscal year 2025-20,2025-07-07,0,False,,,Low ESG relevance or finance-only context,2026-10-04
SUBEXLTD,Subex,"Stocks to Watch Today: PNB Housing, JSW Energy, Maruti Suzuki, M&M, Paras Defence, Federal Bank, Eternal, Mobikwik, NMDC, NCC in focus on 2 May Let's catch up on the latest news from the stock market.",2025-05-02,0,False,,,Low ESG relevance or finance-only context,2026-10-04
SIS,Security and Intelligence Services,"Bharti Airtel share price falls 1.53%; stock among top losers on Nifty 50 Shares of Bharti Airtel were trading lower at Rs 1,900.40, a 1.53% decline from the previous close, making it among the top lo",2025-07-18,-2,False,,"share price, nifty",Low ESG relevance or finance-only context,2026-10-04
SIS,Security and Intelligence Services,"Cipla Shares Fall in Today's Trading Session Amid High Volume Activity     During today's trading session, Cipla experienced notable trading activity, with the volume reaching 186,908. The stock is cu",2025-06-03,-2,False,,"trading volume, nifty",Low ESG relevance or finance-only context,2026-10-04
SIS,Security and Intelligence Services,"Here are the sectors and stocks in focus amidst RBI rate cut hopes Sectors such as consumer durables, financials, NBFCs, auto, housing finance, and consumption are likely to be in focus today if the R",2025-02-07,0,False,,,Low ESG relevance or finance-only context,2026-10-04
SIS,Security and Intelligence Services,"Trade Spotlight: How should you trade Cummins India, NTPC, Kotak Mahindra Bank, Avanti Feeds, Berger Paints, and others on February 25? The market remained in the control of bears, who dragged the Nif",2025-02-24,-2,False,,"resistance, nifty",Low ESG relevance or finance-only context,2026-10-04
SIS,Security and Intelligence Services,Tech Mahindra initiates key leadership changes to drive growth IT services major Tech Mahindra on May 13 announced several leadership changes to drive strategic growth in critical markets.    Manish M,2025-05-13,0,False,,,Low ESG relevance or finance-only context,2026-10-04
SIS,Security and Intelligence Services,"Sensex down 700 pts, Nifty nears 24,500: Weak global cues, 9 other factors behind market decline The benchmark equity indices declined in early trade on Tuesday amid weak global cues, rising crude oil",2025-06-03,-2,False,,"nifty, sensex",Low ESG relevance or finance-only context,2026-10-04
SIS,Security and Intelligence Services,"Nifty Pharma sole sectoral gainer as investors await clarity on Trump tariffs; Ajanta Pharma, Ipca Labs lead gains Pharma stocks recorded strong gains on June 12, dodging the overall downturn in the m",2025-06-12,-1,False,labor,"share price, nifty",Low ESG relevance or finance-only context,2026-10-04
SIS,Security and Intelligence Services,"CLSA sees 20% upside in MRF shares, sets target price at Rs 1,68,000 International brokerage CLSA bumped its target price on tyremaker MRF Ltd.'s shares following the firm's positive earnings show for",2025-05-08,-2,False,,"target price, brokerage",Low ESG relevance or finance-only context,2026-10-04
SIS,Security and Intelligence Services,"ITC share price gain 1.27% in friday's trading session Shares of ITC were trading higher on Friday, with the stock priced at Rs 417.20, a 1.27% increase from the previous close. The stock is currently",2025-08-01,-3,False,,"share price, stock price, nifty",Low ESG relevance or finance-only context,2026-10-04
SIS,Security and Intelligence Services,"Infosys, TCS, other IT heavyweights drop 1%, IT index snaps 2-day gaining streak amid weak market Several IT stocks declined on May 27, pushing the Nifty IT index down into the red to snap its two-day",2025-05-27,-3,False,,"share price, nifty, sensex",Low ESG relevance or finance-only context,2026-10-04
SIS,Security and Intelligence Services,"Trent Shares Rise Over 2% In Today's Trading Session During today's trading session, Trent shares experienced a gain of 2.05%, reaching Rs 6,018.50. This increase reflects a positive shift in investor",2025-06-23,-1,False,,nifty,Low ESG relevance or finance-only context,2026-10-04
SIS,Security and Intelligence Services,"Trade Spotlight: How should you trade Grasim, UltraTech Cement, Dalmia Bharat, MCX India, Navin Fluorine, Havells and others on April 28? The benchmark indices remained under pressure for another sess",2025-04-28,-2,False,,"resistance, nifty",Low ESG relevance or finance-only context,2026-10-04
SIS,Security and Intelligence Services,"UltraTech Cement Shares Decline by 1.42% in Today's Trading UltraTech Cement's stock experienced a downturn in today's trading session, declining by 1.42% to a price of Rs 11051.00. The stock, which i",2025-06-02,-1,False,,nifty,Low ESG relevance or finance-only context,2026-10-04
SIS,Security and Intelligence Services,"Coal India Q1 preview: Revenue, operating profit likely to dip on weak volumes, higher costs Coal India is likely to report a decline in operating profit for the June quarter, both on a sequential and",2025-07-29,-1,False,,brokerage,Low ESG relevance or finance-only context,2026-10-04
SIS,Security and Intelligence Services,"TCS shares hit 52-week low on BSE, fall 0.8% Shares of Tata Consultancy Services (TCS) touched a 52-week low of Rs 3,055 on the BSE in early trade. At 9:36 am, the stock was trading down 0.8% on BSE. ",2025-07-29,-1,False,,nifty,Low ESG relevance or finance-only context,2026-10-04
SIS,Security and Intelligence Services,"Bharti Airtel share price gains 0.74% in early trade Bharti Airtel's stock is currently trading at Rs 1,935.10, a 0.74% increase from its previous close, in Tuesday's session. At 09:30 am, the stock i",2025-07-15,-2,False,,"share price, nifty",Low ESG relevance or finance-only context,2026-10-04
SIS,Security and Intelligence Services,"Tata Consultancy Services shares fall 1.49% in today's session; over 18.4 lakh shares traded Shares of Tata Consultancy Services were trading lower at Rs 3,217.30 on the NSE, a decline of 1.49% from t",2025-07-14,0,False,,,Low ESG relevance or finance-only context,2026-10-04
SIS,Security and Intelligence Services,"Nifty Bank snaps three-day losing streak: PNB, SBI, Axis shares rise over 2% A strong rally in banking stocks pushed the Nifty Bank higher over 1.5 percent to around 55,500 level on April 28, snapping",2025-04-28,-5,False,,"share price, intraday, resistance, q4 results, nifty",Low ESG relevance or finance-only context,2026-10-04
SIS,Security and Intelligence Services,"MRF share price falls 2.05% in Thursday's trading session Shares of MRF experienced a decline of 2.05% in Thursday's trading session, with the stock currently priced at Rs 147625.00. The stock is incl",2025-07-10,-2,False,,"share price, nifty",Low ESG relevance or finance-only context,2026-10-04
SIS,Security and Intelligence Services,"Sensex soars 750 pts from day's low, Nifty tops 22,500; China stimulus hopes among key factors behind market rally Sensex and Nifty traded higher on Thursday, tracking positive global cues after Trump",2025-03-06,-4,False,,"candlestick, resistance, nifty, sensex",Low ESG relevance or finance-only context,2026-10-04
SIS,Security and Intelligence Services,"Trade Spotlight: How should you trade Mazagon Dock, Coforge, Hindustan Aeronautics, Bajaj Finserv, Lupin, and others on March 27? The market saw profit booking on March 26, with the benchmark indices ",2025-03-27,0,False,,,Low ESG relevance or finance-only context,2026-10-04
SIS,Security and Intelligence Services,"Chartist Talks: Hedged's Rahul Ghose explains why he is betting on these 2 largecaps in this market correction &quot;Asian Paints and Britannia Industries are my top picks in this market correction,&q",2025-04-10,-2,False,environment,"resistance, support level, nifty",Low ESG relevance or finance-only context,2026-10-04
SIS,Security and Intelligence Services,"Trade Spotlight: How should you trade Oberoi Realty, LIC Housing, RCF, Signature Global, Valor Estate, Brigade Enterprises and others on June 4? The benchmark indices wiped out opening gains and finis",2025-06-04,-4,False,,"stock price, candlestick, resistance, support level",Low ESG relevance or finance-only context,2026-10-04
SIS,Security and Intelligence Services,"Bajaj Auto share price declines over 2% in today's session     Shares of Bajaj Auto experienced a downturn in today's trading session, with the price declining by 2.03% to Rs 8694.00. This movement is",2025-05-30,-2,False,,"share price, nifty",Low ESG relevance or finance-only context,2026-10-04
SIS,Security and Intelligence Services,"Bharti Airtel share price falls 1.37% today Shares of Bharti Airtel were trading at Rs 1,903.50 in Friday's session, a 1.37% decline from the previous close. The stock touched a day's high of Rs 1,916",2025-07-18,-1,False,,share price,Low ESG relevance or finance-only context,2026-10-04
SIS,Security and Intelligence Services,"SBI Life shares top Nifty gainer, rise 7% on FY25 PBT growth and positive brokerage views Shares of SBI Life Insurance were the top gainers on Nifty 50 index, rising by over 7 percent in trade on Apri",2025-04-25,-3,False,,"target price, brokerage, nifty",Low ESG relevance or finance-only context,2026-10-04
SIS,Security and Intelligence Services,"Bharti Airtel shares decline marginally in early trade Shares of Bharti Airtel were trading at Rs 1,909.40 on the NSE, down 0.26% in early trade. This represents a decrease of Rs 4.90 from the previou",2025-08-01,0,False,,,Low ESG relevance or finance-only context,2026-10-04
SIS,Security and Intelligence Services,"Nifty IT index tops the chart after gaining Rs 1.16 lakh crore in value in nine sessions with eight up days The shares of TCS and Infosys were among the leading contributor on Sensex, as IT companies ",2025-06-16,-1,False,environment,"nifty, sensex",Low ESG relevance or finance-only context,2026-10-04
SIS,Security and Intelligence Services,"Sun Pharmaceutical Industries shares surge 2.72% amid high volume, among top gainers on Nifty 50 Shares of Sun Pharmaceutical Industries experienced a surge of 2.72% to Rs 1,728.30 in Tuesday's tradin",2025-07-15,-2,False,,"trading volume, nifty",Low ESG relevance or finance-only context,2026-10-04
SIS,Security and Intelligence Services,"Tata Consultancy Services shares fall marginally in early trade Shares of Tata Consultancy Services were trading at Rs 3,028.50 on the NSE at 09:30 am, a marginal decline of 0.27% from the previous cl",2025-08-01,0,False,labor,nifty,Low ESG relevance or finance-only context,2026-10-04
SIS,Security and Intelligence Services,"Nifty Bank attempts rebound after tariff turmoil and ahead of MPC outcome The Nifty Bank index has turned volatile, in-line with benchmark indices, giving up early gains on April 8 to drop over 700 po",2025-04-08,-4,False,,"brokerage, resistance, nifty, sensex",Low ESG relevance or finance-only context,2026-10-04
SIS,Security and Intelligence Services,"Tata Elxsi share price falls 2% in Wednesday's trading session Shares of Tata Elxsi declined by 2% to Rs 5,842 in Wednesday's trading session. The decline reflects bearish investor sentiment, accordin",2025-08-06,-2,False,,"share price, nifty",Low ESG relevance or finance-only context,2026-10-04
SIS,Security and Intelligence Services,"HUL shares jump 12% in 2 days as brokerages hike target prices after Q1 results: Should you buy, sell or hold? The shares of Hindustan Unilever (HUL) jumped nearly 8 percent on August 1, taking the st",2025-08-01,-3,False,,"target price, brokerage, q1 results",Low ESG relevance or finance-only context,2026-10-04
SIS,Security and Intelligence Services,"Bajaj Auto Shares Decline by 1.65% in Today's Session Bajaj Auto shares experienced a downturn in today's trading session, with a decrease of 1.65%. The stock is currently priced at Rs 8465.00, reflec",2025-06-02,-1,False,,nifty,Low ESG relevance or finance-only context,2026-10-04
SIS,Security and Intelligence Services,"Paint, tyre stocks rally sharply as crude prices sink below $60 per barrel Shares of crude derivative firms, such as paint players and tyre companies, soared in trade on Monday, May 5 as crude oil pri",2025-05-05,0,False,,,Low ESG relevance or finance-only context,2026-10-04
SIS,Security and Intelligence Services,"Sun Pharmaceutical Industries Stock Falls 2.02% in Today's Trading Session During today's session, shares of Sun Pharmaceutical Industries experienced a decline of 2.02%, with the price settling at Rs",2025-06-17,-1,False,,nifty,Low ESG relevance or finance-only context,2026-10-04
SIS,Security and Intelligence Services,"ITC shares gain marginally in today's session; over 90.8 lakh shares traded Shares of ITC were trading at Rs 418.55 on the NSE, a gain of 0.50% from the previous close at 12:20 pm. Over 90.8 lakh shar",2025-08-04,0,False,,,Low ESG relevance or finance-only context,2026-10-04
SIS,Security and Intelligence Services,"Tata Consultancy Services shares fall marginally in afternoon trade Shares of Tata Consultancy Services were trading at Rs 3,189.90 in Friday's session, a decline of 0.60% from the previous close. The",2025-07-18,0,False,,,Low ESG relevance or finance-only context,2026-10-04
SIS,Security and Intelligence Services,"ITC shares fall marginally in today's session; over 52.4 lakh shares traded Shares of ITC were trading at Rs 407.50 on the NSE, a decline of 0.23% in Wednesday's session. Around 12:20 pm, over 52.4 la",2025-07-30,0,False,,,Low ESG relevance or finance-only context,2026-10-04
SIS,Security and Intelligence Services,"Nifty IT sharply down on selloff after Fed's inflation, tariff view; Wipro sole gainer on upgrade Shares of IT companies were sharply lower on June 19, after the US Federal Reserve kept key interest r",2025-06-19,-2,False,,"target price, nifty",Low ESG relevance or finance-only context,2026-10-04
SIS,Security and Intelligence Services,"Trade Spotlight: How should you trade ICICI Bank, Varun Beverages, Sonata Software, Bajaj Auto, M&M, UPL, L&T Finance, KEI Industries and others on July 22? Equity benchmark indices gained 0.5 percent",2025-07-21,-2,False,,"candlestick, resistance",Low ESG relevance or finance-only context,2026-10-04
SIS,Security and Intelligence Services,"Adani Ports and Special Economic Zone sees surge in traded volume, share price up During today's trade, Adani Ports and Special Economic Zone experienced a notable trading volume, with the share price",2025-06-04,-3,False,,"share price, trading volume, nifty",Low ESG relevance or finance-only context,2026-10-04
SIS,Security and Intelligence Services,"Oil and Natural Gas Corp Shares Rise 2.06% in Today's Trading Session In today's trading session, shares of Oil and Natural Gas Corporation demonstrated positive momentum, climbing by 2.06% to reach R",2025-06-16,0,False,inclusion,nifty,Low ESG relevance or finance-only context,2026-10-04
SIS,Security and Intelligence Services,"Hindustan Unilever shares rebound from intra-day low Shares of Hindustan Unilever were trading flat in Tuesday's session. This comes as the stock touched a day's high of Rs 2,529.70. The stock has see",2025-07-15,0,False,,,Low ESG relevance or finance-only context,2026-10-04
SIS,Security and Intelligence Services,"Hindustan Unilever shares among top gainers on Nifty 50, rise 1.26% Shares of Hindustan Unilever were trading higher in Monday's session, with the stock price up by 1.26% at Rs 2,445.80. The stock is ",2025-07-28,-2,False,,"stock price, nifty",Low ESG relevance or finance-only context,2026-10-04
SIS,Security and Intelligence Services,"Trade Spotlight: How should you trade Shriram Finance, MOIL, SRF, Jindal Steel, NTPC, Indraprastha Gas, and others on February 21? The market closed moderately lower amid consolidation, but formed a b",2025-02-20,-4,False,,"candlestick, resistance, support level, trading volume",Low ESG relevance or finance-only context,2026-10-04
SIS,Security and Intelligence Services,"Bharti Airtel shares trade flat; over 33.4 lakh shares traded Shares of Bharti Airtel were trading at Rs 1,929.90 on the NSE at 12:20 pm, showing a marginal decline of 0.10% from the previous close. O",2025-08-06,-1,False,,trading volume,Low ESG relevance or finance-only context,2026-10-04
SIS,Security and Intelligence Services,"Bharti Airtel shares gain 0.64% in today's session; over 3.3 lakh shares traded Shares of Bharti Airtel were trading higher in Monday's session, with the stock currently priced at Rs 1,896.50 on the N",2025-08-04,0,False,,,Low ESG relevance or finance-only context,2026-10-04
SIS,Security and Intelligence Services,"Steel trap: How Indian metal stocks are caught in the US-China tariff crossfire After weeks of getting hammered on fears of a US recession and tariff tantrums, metal stocks have finally found some foo",2025-04-15,0,False,sustainable,brokerage,Low ESG relevance or finance-only context,2026-10-04
SIS,Security and Intelligence Services,"Sensex slips 700 pts, Nifty below 22,800: Trump's reciprocal tariffs among key factors behind market decline Sensex and Nifty traded lower on Friday, shedding early gains, as concerns over US Presiden",2025-02-14,-3,False,,"resistance, nifty, sensex",Low ESG relevance or finance-only context,2026-10-04
SIS,Security and Intelligence Services,"Trent share price falls 2.01% in morning trade Shares of Trent declined by 2.01% to Rs 5,388.50 in Tuesday's session, amid bearish investor sentiment. The stock's movement reflects a broad market tren",2025-07-08,-1,False,,share price,Low ESG relevance or finance-only context,2026-10-04
SIS,Security and Intelligence Services,"Chartist Talks: Sudeep Shah of SBI Securities urges caution, reveals top stock ideas for the coming week According to Sudeep Shah of SBI Securities, the overall chart structure suggests that the marke",2025-06-15,-3,False,,"intraday, resistance, nifty",Low ESG relevance or finance-only context,2026-10-04
SIS,Security and Intelligence Services,"Bharti Airtel shares among top gainers on Nifty 50, rise 0.64% Shares of Bharti Airtel were trading higher in Wednesday's session, with the stock priced at Rs 1,944.20, a 0.64% increase from the previ",2025-08-06,-2,False,,"stock price, nifty",Low ESG relevance or finance-only context,2026-10-04
SIS,Security and Intelligence Services,"Bharti Airtel shares fall 0.60% in morning trade; over 16.2 lakh shares traded Shares of Bharti Airtel were trading lower in Monday's session, with the stock priced at Rs 1,910.40 at 10:20 am on the N",2025-07-14,-1,False,,stock price,Low ESG relevance or finance-only context,2026-10-04
SIS,Security and Intelligence Services,"PSU Bank index jumps 2% amid RBI's liquidity boost; BoI, BoM, Indian Bank rise up to 4% The shares of public sector banks strongly surged on June 9, pushing the Nifty PSU Bank index up over 1.5 percen",2025-06-09,-2,False,,"share price, nifty",Low ESG relevance or finance-only context,2026-10-04
SIS,Security and Intelligence Services,"Bharat Electronics Stock Hits 52-Week High on BSE Amidst Bullish Sentiment     During today's trading session, Bharat Electronics shares touched a new 52-week high of Rs 406.00 on the BSE, with the pr",2025-06-17,0,False,inclusion,nifty,Low ESG relevance or finance-only context,2026-10-04
SIS,Security and Intelligence Services,"Asian Paints, HUL, Varun Beverages are 'fallen angels', top contra bets: Jefferies Over the past few quarters, consumer firms have been plagued with faltering demand, rising competitive actions and ma",2025-07-09,-4,False,,"share price, stock price, brokerage, nifty",Low ESG relevance or finance-only context,2026-10-04
SIS,Security and Intelligence Services,"Tech Mahindra Q4FY25 earnings signal turnaround, brokerages optimistic Shares of Tech Mahindra have slipped after a quiet start, in line with the weakness in broader markets, even as the IT services c",2025-04-25,-2,False,environment,"target price, buy call, brokerage",Low ESG relevance or finance-only context,2026-10-04
SIS,Security and Intelligence Services,"Trade Spotlight: How should you trade Star Cement, Fortis Healthcare, Vimta Labs, Hitachi Energy, Metropolis Healthcare and others on August 4? Equity benchmarks extended their downward trajectory for",2025-08-04,-2,False,sustainability,"resistance, trading volume, nifty",Low ESG relevance or finance-only context,2026-10-04
SIS,Security and Intelligence Services,"Sensex settles nearly 600 pts lower, Nifty below 24,700: FII selling, rising India VIX among key factors behind market fall The equity benchmark indices Sensex and Nifty declined for the third day on ",2025-07-28,-4,False,,"intraday, resistance, nifty, sensex",Low ESG relevance or finance-only context,2026-10-04
SIS,Security and Intelligence Services,"Nifty Bank jumps 1.4% from day's low as markets shrug off Trump tariff jitters; ICICI, Kotak Mahindra Bank lead recovery The Nifty Bank index sharply rebounded from day’s low, amid a broad-based recov",2025-07-31,-3,False,penalty,"resistance, q1 results, nifty, sensex",Low ESG relevance or finance-only context,2026-10-04
SIS,Security and Intelligence Services,"Tata Consultancy Services shares decline marginally after change in last 1 hour Shares of Tata Consultancy Services were trading at Rs 3,055.10, a decline of 0.63% in Tuesday's session. According to d",2025-08-05,-1,False,,nifty,Low ESG relevance or finance-only context,2026-10-04
SIS,Security and Intelligence Services,"Trade Spotlight: How should you trade Honasa Consumer, Godrej Properties, Elecon Engineering, Eternal, SBI, Adani Total Gas, and others on May 6? The benchmark indices gained some strength after a thr",2025-05-05,-4,False,,"technical chart, resistance, support level, nifty",Low ESG relevance or finance-only context,2026-10-04
SIS,Security and Intelligence Services,"Sensex falls 700 pts, Nifty below 25,150: Selling in IT stocks among key factors behind market decline The benchmark stock indices Sensex and Nifty settled lower on Friday for the third session in a r",2025-07-11,-3,False,,"q1 results, nifty, sensex",Low ESG relevance or finance-only context,2026-10-04
SIS,Security and Intelligence Services,Bharat Electronics shares fall 2.04% in early trade Shares of Bharat Electronics declined by 2.04% to Rs 381.30 in Tuesday's early trading session. This decline positions the stock among the top loser,2025-07-29,-1,False,,nifty,Low ESG relevance or finance-only context,2026-10-04
SIS,Security and Intelligence Services,"Stocks to Watch Today: Hitachi Energy, Lemon Tree Hotels, Embassy Developments, Western Carriers, Power Mech, Premier Energies in focus on 27 June Let's catch up on the latest news from the stock mark",2025-06-27,0,False,,,Low ESG relevance or finance-only context,2026-10-04
SIS,Security and Intelligence Services,"Trade Spotlight: How should you trade Ramco Cements, Mphasis, CRISIL, Prism Johnson, NIIT, Jindal Steel, BHEL and others on June 11? The benchmark indices closed flat amid rangebound trading on June 1",2025-06-10,-3,False,,"candlestick, support level, nifty",Low ESG relevance or finance-only context,2026-10-04
SIS,Security and Intelligence Services,"Small and midcap indices down for a second day over tariff threat and earnings Small and midcap shares were under selling pressure on August 6, weighing down the broader market indices for a second da",2025-08-06,0,False,sustainable,nifty,Low ESG relevance or finance-only context,2026-10-04
SIS,Security and Intelligence Services,"Tata Consultancy Services shares fall 0.76% in early trade Shares of Tata Consultancy Services were trading lower in Monday's session. At 09:30 am, the stock was priced at Rs 3,241.10 on the NSE, a de",2025-07-14,0,False,,,Low ESG relevance or finance-only context,2026-10-04
SIS,Security and Intelligence Services,State Bank of India shares rise amid strength in PSU banking stocks Shares of State Bank of India were trading higher at over Rs 811 on the NSE. The stock gains amid an upmove in the PSU bank index.  ,2025-07-14,0,False,,,Low ESG relevance or finance-only context,2026-10-04
SIS,Security and Intelligence Services,"Tata Consultancy Services shares trade marginally up; over 6.5 lakh shares traded Shares of Tata Consultancy Services were trading higher in Tuesday's session. At 10:20 am, the stock was priced at Rs ",2025-07-15,0,False,,,Low ESG relevance or finance-only context,2026-10-04
SIS,Security and Intelligence Services,"Trade Spotlight: How should you trade Jindal Stainless, Cummins India, DLF, Trent, Oil India, Paytm and others on May 30? The benchmark indices rebounded after a two-day correction, with the Nifty 50 ",2025-05-29,-2,False,,"resistance, nifty",Low ESG relevance or finance-only context,2026-10-04
SIS,Security and Intelligence Services,"BEL Q1 Net Profit Stands at ₹969.13 Crore, Up 24.9% YoY   Bharat Electronics Limited (BEL) reported a consolidated net profit of ₹969.13 crore for the quarter ended June 30, 2025, marking a 24.9% incr",2025-07-28,0,False,,,Low ESG relevance or finance-only context,2026-10-04
SIS,Security and Intelligence Services,"Trade Spotlight: How should you trade Axis Bank, Power Mech Projects, UltraTech Cement, Jupiter Life, Jubilant Foodworks, and others on March 26? The market has seen some consolidation after surpassin",2025-03-26,-4,False,,"stock price, candlestick, resistance, support level",Low ESG relevance or finance-only context,2026-10-04
SIS,Security and Intelligence Services,"ITC shares gain 0.64% in morning trade Shares of ITC were trading at Rs 414.60 on the NSE during Friday's trading session, reflecting a gain of 0.64% from the previous close. As of 10:00 am, the stock",2025-08-01,0,False,,,Low ESG relevance or finance-only context,2026-10-04
SIS,Security and Intelligence Services,"Sensex declines 300 pts, Nifty below 24,650: Trump's renewed tariff threat among key factors behind market fall The benchmark equity indices Sensex and Nifty traded lower on Tuesday, dragged down by s",2025-08-05,-3,False,,"resistance, nifty, sensex",Low ESG relevance or finance-only context,2026-10-04
SIS,Security and Intelligence Services,"Black Friday: Sensex crashes over 1,000 pts, Nifty sinks below 22,900; Trump tariffs among key factors to spook markets Equity markets witnessed a sharp sell-off on Friday, with benchmark indices fall",2025-04-04,-5,False,,"intraday, resistance, support level, nifty, sensex",Low ESG relevance or finance-only context,2026-10-04
SIS,Security and Intelligence Services,"Hindustan Unilever share price falls marginally in early session Shares of Hindustan Unilever were trading at Rs 2,521.50 on the NSE at 9:20 am, a marginal decline of 0.21% from the previous close.   ",2025-07-16,-1,False,,share price,Low ESG relevance or finance-only context,2026-10-04
SIS,Security and Intelligence Services,"SBI shares slip 1% after mixed Q4 results; should you buy, sell, or hold? Shares of State Bank of India (SBI) slipped 1 percent to Rs 791 per share on May 5, following the announcement of its mixed Ma",2025-05-05,-2,False,environment,"target price, brokerage, q4 results",Low ESG relevance or finance-only context,2026-10-04
SIS,Security and Intelligence Services,"Sensex jumps 550 pts from day's low, Nifty above 22,650: Decline in oil prices among key factors behind market rally Sensex and Nifty witnessed an uptrend on Monday morning, following firm trends in A",2025-03-10,-5,False,,"intraday, candlestick, support level, nifty, sensex",Low ESG relevance or finance-only context,2026-10-04
SIS,Security and Intelligence Services,"Trade Spotlight: How should you trade Crompton Greaves Consumer, Tata Motors, Kotak Mahindra Bank, SRF, ITD Cementation, and others on March 13? The market cut down losses due to buying interest in th",2025-03-13,-1,False,sustainable,"candlestick, nifty",Low ESG relevance or finance-only context,2026-10-04
SIS,Security and Intelligence Services,"Titan Company Q4 Preview: Rising gold prices impact demand, single-digit profit growth seen Rakesh Jhunjhunwala’s biggest bet Titan Company is set to report its earnings for the fourth quarter of the ",2025-05-07,-1,False,,brokerage,Low ESG relevance or finance-only context,2026-10-04
SIS,Security and Intelligence Services,"Bajaj Auto Shares Experience Volume Surge, Trading at Rs 8,582.50     Shares of Bajaj Auto saw a notable increase in trading volume during today's session, with the stock currently trading at Rs 8,582",2025-06-04,-2,False,,"trading volume, nifty",Low ESG relevance or finance-only context,2026-10-04
SIS,Security and Intelligence Services,"MRF Shares Rise 2.01% During Today's Trading Session During today's session, MRF's stock experienced a 2.01% increase, with the price reaching Rs 138835.00. This rise reflects notable market activity ",2025-06-05,-1,False,,nifty,Low ESG relevance or finance-only context,2026-10-04
SIS,Security and Intelligence Services,"Trade Spotlight: How should you trade Power Grid, Bharat Dynamics, BHEL, GRM Overseas, NTPC, Indus Towers, and others on April 21? The benchmark indices staged a strong performance on April 17, driven",2025-04-20,-3,False,sustainable,"resistance, support level, trading volume, nifty",Low ESG relevance or finance-only context,2026-10-04
SIS,Security and Intelligence Services,"Hindustan Unilever share price declines 1% in morning trade Shares of Hindustan Unilever were trading lower in Wednesday's session, with the stock currently priced at Rs 2,429, a 1% decline from the p",2025-07-30,-1,False,,share price,Low ESG relevance or finance-only context,2026-10-04
SIS,Security and Intelligence Services,"ITC Q1 results: Net profit flat at Rs 4,912 crore, misses estimates ITC Ltd on August 1 reported its standalone net profit was flat at Rs 4,912 crore for the quarter ended June 30, 2025, as elevated i",2025-08-01,-2,False,,"brokerage, q1 results",Low ESG relevance or finance-only context,2026-10-04
SIS,Security and Intelligence Services,"Trade Spotlight: How should you trade Lupin, State Bank of India, Tata Chemicals, Syngene International, PI Industries, Escorts Kubota and others on July 30? The benchmark indices rallied for the firs",2025-07-30,-3,False,,"stock price, resistance, nifty",Low ESG relevance or finance-only context,2026-10-04
SIS,Security and Intelligence Services,"Tata Consultancy Services share price falls in early trade Shares of Tata Consultancy Services were trading lower in Monday's morning session, with the stock currently priced at Rs 3,242, a decline of",2025-07-14,-1,False,,share price,Low ESG relevance or finance-only context,2026-10-04
SIS,Security and Intelligence Services,"NTPC Q1 preview: High interest costs, weak demand likely to impact earnings despite strong capex NTPC is expected to report a mixed set of numbers for the first quarter of FY26 on July 29 as analysts ",2025-07-27,0,False,renewable,brokerage,Low ESG relevance or finance-only context,2026-10-04
SIS,Security and Intelligence Services,"ITC share price falls 1.20% in previous session Shares of ITC closed at Rs 409.95 in the previous session, a decline of 1.20% from the previous close. The stock touched a high of Rs 415.85 and a low o",2025-07-25,-1,False,,share price,Low ESG relevance or finance-only context,2026-10-04
SIS,Security and Intelligence Services,"JSW Steel, Tata Steel, other metal stocks surge up to 4% after RBI's surprise 50 bps rate cut Metal stocks strongly surged on June 6 after RBI reduced its policy repo rate by 50 basis points, higher t",2025-06-06,-4,False,,"share price, stock price, nifty, sensex",Low ESG relevance or finance-only context,2026-10-04
SIS,Security and Intelligence Services,"Bharti Airtel shares gain 1% in today's session; over 12.8 lakh shares traded Bharti Airtel shares rose by 1% in Wednesday's trading session, with over 12.8 lakh shares traded. The stock is part of th",2025-07-23,-2,False,,"trading volume, nifty",Low ESG relevance or finance-only context,2026-10-04
SIS,Security and Intelligence Services,"Sensex recovers 450 pts from day's low, Nifty near 24,900: 7 key reasons behind market rebound The benchmark indices rebounded sharply in Tuesday's trade, erasing early losses triggered by profit book",2025-05-27,-3,False,,"resistance, nifty, sensex",Low ESG relevance or finance-only context,2026-10-04
SIS,Security and Intelligence Services,"Trade Spotlight: How should you trade Varun Beverages, SRF, Page Industries, Apollo Hospitals, Engineers India, Cholamandalam Financial, and others on July 1? Equity benchmarks witnessed profit bookin",2025-06-30,-2,False,,"resistance, nifty",Low ESG relevance or finance-only context,2026-10-04
SIS,Security and Intelligence Services,"Cipla share price falls 2.01% in Tuesday's trading session Shares of Cipla declined by 2.01% to Rs 1,480.20 in Tuesday's trading session, according to recent market data. The decline reflects a shift ",2025-07-08,-2,False,,"share price, nifty",Low ESG relevance or finance-only context,2026-10-04
SIS,Security and Intelligence Services,"Tata Consultancy Services shares fall 0.58% in early trade Shares of Tata Consultancy Services were trading lower in Wednesday's session, with the stock priced at Rs 3,046.20, a 0.58% decrease from th",2025-08-06,-1,False,,stock price,Low ESG relevance or finance-only context,2026-10-04
SIS,Security and Intelligence Services,"Indian Oil Corporation shares fall 2% in early trade Shares of Indian Oil Corporation experienced a decline of 2% in Friday's early trading session, with the stock price at Rs 148.19. This movement po",2025-07-25,-2,False,,"stock price, nifty",Low ESG relevance or finance-only context,2026-10-04
SIS,Security and Intelligence Services,"Bajaj Auto shares trade flat amid volume surge in today's session Shares of Bajaj Auto were trading at Rs 8,216.50, a marginal decline of 0.17% in Wednesday's session. The stock experienced high and u",2025-08-06,-2,False,,"trading volume, nifty",Low ESG relevance or finance-only context,2026-10-04
SIS,Security and Intelligence Services,"Markets at 5-week high: Sensex soars 900 pts, Nifty above 23,200 on Fed boost; all sectors in green Benchmark equity indices surged over 1 percent on Thursday, with the Nifty reclaiming the crucial 23",2025-03-20,-4,False,,"intraday, resistance, nifty, sensex",Low ESG relevance or finance-only context,2026-10-04
SIS,Security and Intelligence Services,"Trade Spotlight: How should you trade ICICI Prudential Life, Bikaji Foods, Karur Vysya Bank, Godawari Power, Trent, and others on April 2? The benchmark indices were under severe pressure on April 1, ",2025-04-02,-3,False,,"stock price, candlestick, nifty",Low ESG relevance or finance-only context,2026-10-04
SIS,Security and Intelligence Services,"Bajaj Finance Q1 results: Net profit rises 22% to Rs 4,765 crore Bajaj Finance on July 24 reported 22% jump in consolidated net profit at Rs 4,765 crore for the quarter ended June 30, 2025, helped by ",2025-07-24,-1,False,,q1 results,Low ESG relevance or finance-only context,2026-10-04
SIS,Security and Intelligence Services,"Hindustan Unilever shares trade flat; off day's high, off day's low Shares of Hindustan Unilever were trading flat in Tuesday's session. At 1:40 pm, the stock is priced at Rs 2,443.10, a marginal incr",2025-07-29,0,False,,,Low ESG relevance or finance-only context,2026-10-04
SIS,Security and Intelligence Services,"ITC shares fall marginally in today's trading session Shares of ITC were trading at Rs 412.90 on the NSE, a decline of 0.30% from the previous close, as of 10:00 am Wednesday. The stock is included in",2025-08-06,-1,False,,nifty,Low ESG relevance or finance-only context,2026-10-04
SIS,Security and Intelligence Services,"Sensex zooms 2,975 pts, Nifty above 24,900: India-Pak ceasefire among key factors behind massive market rally The domestic equity benchmarks rebounded sharply on Monday, with the Sensex rallying 2,975",2025-05-12,-3,False,,"intraday, nifty, sensex",Low ESG relevance or finance-only context,2026-10-04
SIS,Security and Intelligence Services,"Sensex, Nifty close flat as tariff woes keep markets on edge; broader indices mixed The Sensex and Nifty closed flat on March 3, after falling over half a percent around noon. While oil &amp;amp; gas ",2025-03-03,-4,False,,"brokerage, resistance, nifty, sensex",Low ESG relevance or finance-only context,2026-10-04
SIS,Security and Intelligence Services,"Sensex soars 450 pts from day's low, Nifty above 25,200: US-China trade talks optimism, other key factors behind market rise The equity benchmarks rebounded sharply on Wednesday, with the Sensex risin",2025-06-11,-3,False,,"intraday, nifty, sensex",Low ESG relevance or finance-only context,2026-10-04
SIS,Security and Intelligence Services,"Hindustan Unilever shares fall 0.91% in early trade Shares of Hindustan Unilever were trading lower in Wednesday's session. The stock was priced at Rs 2,431.20, a decline of 0.91% from the previous cl",2025-07-30,0,False,,,Low ESG relevance or finance-only context,2026-10-04
SIS,Security and Intelligence Services,"Asian Paints Q1 Preview: Tepid demand to weigh on sales, profit may slip in mid-single digits India’s largest paint player Asian Paints is set to report its earnings show for the quarter ended June on",2025-07-28,-1,False,environment,"stock price, brokerage",Low ESG relevance or finance-only context,2026-10-04
SIS,Security and Intelligence Services,"Trade Spotlight: How should you trade Eicher Motors, Tata Consumer Products, M&M, Wipro, Bharti Airtel, and others on June 20? Equity benchmark indices closed moderately lower amid a lacklustre sessio",2025-06-20,-3,False,,"candlestick, resistance, trading volume",Low ESG relevance or finance-only context,2026-10-04
SIS,Security and Intelligence Services,"Indian Oil Corporation shares rise by 2.12% in today's session During today's session, Indian Oil Corporation shares experienced a rise of 2.12%, with the price reaching Rs 145.20 apiece. This movemen",2025-06-11,-1,False,,nifty,Low ESG relevance or finance-only context,2026-10-04
SIS,Security and Intelligence Services,"Sensex slips 400 pts from day's high, Nifty below 25,350: Trade deal jitters among key factors behind market decline The equity benchmarks Sensex and Nifty opened marginally higher on Friday, tracking",2025-07-04,-3,False,,"resistance, nifty, sensex",Low ESG relevance or finance-only context,2026-10-04
SIS,Security and Intelligence Services,"Trade Spotlight: How should you trade HDFC Bank, Coal India, Granules, BSE, Ipca Labs, UltraTech Cement, and others on March 3? The benchmark indices recorded a consolidation breakout with a massive s",2025-03-03,-1,False,"sustainability, labor","intraday, resistance, trading volume",Low ESG relevance or finance-only context,2026-10-04
SIS,Security and Intelligence Services,"Bharti Airtel share price falls 1.39% Shares of Bharti Airtel were trading lower in Friday's session, with the stock currently priced at Rs 1,887.70, a 1.39% fall. The stock touched a day's high of Rs",2025-08-01,-2,False,,"share price, nifty",Low ESG relevance or finance-only context,2026-10-04
SIS,Security and Intelligence Services,"Hindustan Aeronautics Shares Rise by 2.22% in Today's Trading During today's session, Hindustan Aeronautics experienced a notable increase in its stock price. The shares of Hindustan Aeronautics rose ",2025-06-10,-1,False,inclusion,"stock price, nifty",Low ESG relevance or finance-only context,2026-10-04
SIS,Security and Intelligence Services,"Trade Spotlight: How should you trade Apollo Hospitals, ASK Automotive, IndusInd Bank, Ashok Leyland, Laurus Labs, LT Foods, and others on June 30? Indian equity benchmarks maintained their northward ",2025-06-30,-2,False,,"resistance, nifty",Low ESG relevance or finance-only context,2026-10-04
SIS,Security and Intelligence Services,"NTPC CMD Gurdeep Singh Re-Employed for One Year Till July 31, 2026     NTPC Limited announced that the Ministry of Power, Government of India, has re-employed Shri Gurdeep Singh as Chairman &amp;amp; ",2025-07-18,0,False,,,Low ESG relevance or finance-only context,2026-10-04
SIS,Security and Intelligence Services,"Bharti Airtel shares trade with moderate gain in morning session Shares of Bharti Airtel were trading at Rs 1,927.50 on the NSE, up 0.34% from the previous close, during Tuesday's session. At 09:20 am",2025-07-15,0,False,,,Low ESG relevance or finance-only context,2026-10-04
SIS,Security and Intelligence Services,"Buy SBI Life Insurance Company; target of Rs 2048: Geojit Financial Services Geojit Financial Services research report on SBI Life Insurance Company  SBI Life Insurance Company Ltd, a leading life ins",2025-05-20,-1,False,,target price,Low ESG relevance or finance-only context,2026-10-04
SIS,Security and Intelligence Services,"Bharti Airtel Q1 results: Net profit rises 43% YoY to Rs 5,948 crore, but misses estimates Telecom major Bharti Airtel Ltd on August 5 reported 43% jump in consolidated net profit at Rs 5,948 crore fo",2025-08-05,-2,False,,"brokerage, q1 results",Low ESG relevance or finance-only context,2026-10-04
SIS,Security and Intelligence Services,"Foreign selling in FMCG shares intensifies as earnings weakness persists Foreign institutional investors (FIIs) were active sellers in fast-moving consumer goods (FMCG) stocks during the June quarter,",2025-07-25,-1,False,,nifty,Low ESG relevance or finance-only context,2026-10-04
SIS,Security and Intelligence Services,"ITC shares gain following in-line Q1 show, should you buy, sell or hold? Diversified conglomerate ITC Ltd shares traded in the green on August 4, after the tobacco giant reported flat profit growth fo",2025-08-04,-1,False,environment,"target price, brokerage",Low ESG relevance or finance-only context,2026-10-04
SIS,Security and Intelligence Services,"Sun Pharmaceutical Industries Shares Rise by 2.13% in Today's Trading During today's trading session, Sun Pharmaceutical Industries experienced a notable increase, with its shares rising by 2.13 perce",2025-06-12,-1,False,,nifty,Low ESG relevance or finance-only context,2026-10-04
SIS,Security and Intelligence Services,"SBI Life shares gain 2% on solid Q1 earnings show; should you buy, sell, or hold? SBI Life Insurance Company shares gained over two percent in trade on July 25 as brokerages reiterated their bullishne",2025-07-25,-1,False,sustainable,"target price, brokerage",Low ESG relevance or finance-only context,2026-10-04
SIS,Security and Intelligence Services,"Trade Spotlight: How should you trade TCS, Cipla, Torrent Pharma, NCC, Paytm, SBI Life Insurance, UPL, Syrma SGS Technology and others on July 29? Equity benchmarks started off the monthly F&amp;amp;O",2025-07-29,-3,False,,"candlestick, support level, nifty",Low ESG relevance or finance-only context,2026-10-04
SIS,Security and Intelligence Services,"Nifty Pharma extends losses for a fifth session as generics players fret over tariff deadline Shares of pharma companies were under selling pressure on April 1, pushing the Nifty Pharma index down by ",2025-04-01,-1,False,labor,"brokerage, nifty",Low ESG relevance or finance-only context,2026-10-04
SIS,Security and Intelligence Services,"Metal index rises over 1% on China demand hopes; Tata Steel, Hindalco, others gain up to 3% The metal index emerged as the top sectoral performer in Tuesday’s trading session, rising over 1 percent, a",2025-05-20,-2,False,,"intraday, nifty",Low ESG relevance or finance-only context,2026-10-04
SIS,Security and Intelligence Services,"Buy Apollo Hospitals; target of Rs 8720: Motilal Oswal Motilal Oswal's research report on Apollo Hospitals  The proposal to demerge the pharmacy business—including offline pharmacy, online and telehea",2025-07-02,0,False,,,Low ESG relevance or finance-only context,2026-10-04
SIS,Security and Intelligence Services,"Trade Spotlight: How should you trade SBI Life, Federal Bank, CESC, Jubilant Foodworks, Carborundum Universal, Kolte-Patil Developers, and others on July 2? The benchmark indices closed with gains of ",2025-07-01,-1,False,sustainable,"resistance, support level",Low ESG relevance or finance-only context,2026-10-04
SIS,Security and Intelligence Services,"Bajaj Finserv shares rise 2% after Q1 net profit jumps 30% to Rs 2,789 crore: Should you buy, sell or hold? The shares of Bajaj Finserv jumped nearly 2 percent in morning trade on July 28 after the co",2025-07-28,-4,False,,"share price, target price, brokerage, q1 results",Low ESG relevance or finance-only context,2026-10-04
SIS,Security and Intelligence Services,"ITC shares rise 1.53% in today's session Shares of ITC were trading at Rs 413.85 on Thursday in the afternoon session, marking a 1.53% increase from the previous close. The stock, part of the Nifty 50",2025-07-31,-1,False,,nifty,Low ESG relevance or finance-only context,2026-10-04
SIS,Security and Intelligence Services,"Bharti Airtel shares fall 0.81% in early trade Shares of Bharti Airtel were trading at Rs 1,922.20 on the NSE, down 0.81% from the previous close, at 9:20 am on Monday.    Financial Performance:    Th",2025-07-28,0,False,,,Low ESG relevance or finance-only context,2026-10-04
SIS,Security and Intelligence Services,"IT, metal, realty stocks tumble up to 4% as Trump's tariffs, FOMC meet outcome weigh The shares of IT, metal and realty companies tumbled in morning trade on July 31 as Trump’s tariffs and penalty on ",2025-07-31,0,False,"environment, penalty","nifty, sensex",Low ESG relevance or finance-only context,2026-10-04
SIS,Security and Intelligence Services,"Sensex jumps 600 pts, Nifty above 23,300: Positive global cues ahead of US tariffs among key factors behind market rally Benchmark indices Sensex and Nifty surged in early trade on Wednesday, recoveri",2025-04-02,-3,False,,"support level, nifty, sensex",Low ESG relevance or finance-only context,2026-10-04
SIS,Security and Intelligence Services,"Trade Spotlight: How should you trade Mazagon Dock, United Spirits, Adani Energy Solutions, Paytm, Glenmark Pharma, and others on March 28? The benchmark indices bounced back on March 27, with the Nif",2025-03-27,-2,False,green energy,"resistance, trading volume, nifty",Low ESG relevance or finance-only context,2026-10-04
SIS,Security and Intelligence Services,"Trade Spotlight: How should you trade Bajaj Finserv, Nykaa, LIC Housing Finance, Kajaria Ceramics, Max Healthcare Institute, and others on June 27? Equity benchmarks clocked a 1.21 percent rally on Ju",2025-06-27,-2,False,,"resistance, trading volume",Low ESG relevance or finance-only context,2026-10-04
SIS,Security and Intelligence Services,"Axis Bank Q1 results: Net profit declines 4% to Rs 5,806 crore, NII marginally up Axis Bank on Thursday reported a 3.8 percent decline in June quarter net profit to Rs 5,806.14 crore from Rs 6,034.64 ",2025-07-17,-1,False,,q1 results,Low ESG relevance or finance-only context,2026-10-04
SIS,Security and Intelligence Services,India's new playbook aims to bypass Strait of Hormuz blockade in future emergencies: IOC Chairman State-run Indian Oil Corporation (IOC) saw not a single cargo being cancelled or delayed despite the s,2025-07-08,0,False,,,Low ESG relevance or finance-only context,2026-10-04
SIS,Security and Intelligence Services,"Trade Spotlight: How should you trade Bayer Cropscience, Jindal Stainless, General Insurance Corp, HUL, Bharti Hexacom, JSW Steel and others on August 1? The benchmark indices closed nearly 0.4 percen",2025-08-01,-3,False,sustainable,"intraday, candlestick, resistance, support level",Low ESG relevance or finance-only context,2026-10-04
SIS,Security and Intelligence Services,"Sensex, Nifty hit eight-month low on US growth concerns; banking, IT stocks take a hit India's benchmark indexes slumped to their lowest levels in eight months, down 0.9 percent by noon on February 24",2025-02-24,-3,False,green energy,"target price, intraday, nifty, sensex",Low ESG relevance or finance-only context,2026-10-04
SIS,Security and Intelligence Services,"Trade Spotlight: How should you trade Nestle India, Pidilite Industries, Indus Towers, CreditAccess Grameen, Uno Minda, and others on April 9? The benchmark indices rebounded after a day of steep corr",2025-04-09,-2,False,,"stock price, resistance",Low ESG relevance or finance-only context,2026-10-04
SIS,Security and Intelligence Services,"Earnings fineprint: Domestic demand lifts India Inc's profit growth, but global headwinds rein in optimism India Inc’s March quarter earnings saw a muted-to-positive trend with domestic-facing busines",2025-06-02,0,False,"sustainability, environment","brokerage, nifty",Low ESG relevance or finance-only context,2026-10-04
SIS,Security and Intelligence Services,"Tata Consultancy Services shares gain 0.44% in morning trade Shares of Tata Consultancy Services were trading higher in Tuesday's session. The stock is currently trading at Rs 3,236.80 on the NSE, a 0",2025-07-15,0,False,,,Low ESG relevance or finance-only context,2026-10-04
SIS,Security and Intelligence Services,SBI's executive committee to meet on May 20 to consider raising $3 billion in fresh capital The Executive Committee of the board of India's largest lender State Bank of India will meet on May 20 to co,2025-05-15,-1,False,,nifty,Low ESG relevance or finance-only context,2026-10-04
SIS,Security and Intelligence Services,"Trade Spotlight: How should you trade Persistent Systems, Glenmark Pharma, Eternal, Jindal Stainless, L&T Finance, United Spirits and others on June 9? The benchmark indices extended their northward j",2025-06-09,-1,False,sustainability,"resistance, support level",Low ESG relevance or finance-only context,2026-10-04
SIS,Security and Intelligence Services,"Persistent, TechM, other IT stocks drop up to 4% amid escalating US-China trade tensions The shares of IT companies tumbled on June 2 amid escalating trade tensions between US and China. The sharp fal",2025-06-02,-2,False,,"share price, nifty",Low ESG relevance or finance-only context,2026-10-04
SIS,Security and Intelligence Services,"Adani Ports and Special Economic Zone shares rise 2.38% in today's session Adani Ports and Special Economic Zone shares saw an increase of 2.38% in today's session, with the price reaching Rs 1466.90.",2025-06-02,-1,False,,nifty,Low ESG relevance or finance-only context,2026-10-04
SIS,Security and Intelligence Services,"Bharti Airtel share price falls 1.04% in morning trade Shares of Bharti Airtel declined by 1.04% to Rs 1,889.30 in Tuesday's trading session. Earlier in the day, the stock touched a high of Rs 1,910 a",2025-07-22,-2,False,,"share price, nifty",Low ESG relevance or finance-only context,2026-10-04
SIS,Security and Intelligence Services,"Tata Consultancy Services share price declines nearly 1% in previous session Shares of Tata Consultancy Services (TCS) closed at Rs 3,148 in the previous session, a decline of 0.98% and the stock is i",2025-07-25,-2,False,,"share price, nifty",Low ESG relevance or finance-only context,2026-10-04
SIS,Security and Intelligence Services,"ITC shares gain 1.63% in Friday's trading session Shares of ITC were trading at Rs 418.65, up 1.63% in Friday's session. This increase reflects a positive shift from the previous close.    Financial S",2025-08-01,0,False,,,Low ESG relevance or finance-only context,2026-10-04
SIS,Security and Intelligence Services,"Defence shares extend gains for 2nd day amid rising geopolitical tensions; Cochin Shipyard, BEML, others rally up to 5% Defence stocks made significant gains on June 3, pushing the Nifty India Defence",2025-06-03,-2,False,,"nifty, sensex",Low ESG relevance or finance-only context,2026-10-04
SIS,Security and Intelligence Services,"Shriram Finance Board Meeting on July 25 to Approve Q1 FY26 Results     Shriram Finance Limited has announced that a meeting of the Board of Directors is scheduled for Friday, July 25, 2025, to consid",2025-07-15,0,False,,,Low ESG relevance or finance-only context,2026-10-04
SIS,Security and Intelligence Services,"Trade Spotlight: How should you trade Maruti Suzuki, APL Apollo Tubes, Devyani International, Aditya Birla Capital, Motherson, and others on May 8? The benchmark indices recovered smartly from the day",2025-05-07,-3,False,,"candlestick, resistance, nifty",Low ESG relevance or finance-only context,2026-10-04
SIS,Security and Intelligence Services,"Bajaj Finance’s Rajeev Jain likely to be elevated to Bajaj Finserv’s board A succession planning exercise is underway at Sanjiv Bajaj-led Bajaj Finserv group, and Moneycontrol has learnt from highly-p",2025-03-19,0,False,,,Low ESG relevance or finance-only context,2026-10-04
SIS,Security and Intelligence Services,"Sensex plunges 800 pts, Nifty below 24k as Pahalgam attack fuels geopolitical jitters; small, midcap indices fall 3% The Indian stock market is under pressure on April 25, continuing with losses after",2025-04-25,-3,False,,"intraday, nifty, sensex",Low ESG relevance or finance-only context,2026-10-04
SIS,Security and Intelligence Services,"Sensex jumps 500 pts, Nifty above 24,500: Sharp fall in crude, other key factors behind market rally The equity benchmark indices Sensex and Nifty surged in early trade on Monday amid sustained foreig",2025-05-05,-4,False,,"intraday, candlestick, nifty, sensex",Low ESG relevance or finance-only context,2026-10-04
SIS,Security and Intelligence Services,"Hindustan Unilever shares gain marginally in today's session Shares of Hindustan Unilever were trading higher in Tuesday's session. As of 2:00 pm, the stock was priced at Rs 2,476.20, a 0.46% increase",2025-07-22,0,False,,,Low ESG relevance or finance-only context,2026-10-04
SIS,Security and Intelligence Services,"Trade Spotlight: How should you trade Eicher Motors, DMart, Indus Towers, Chambal Fertilisers, MCX India, BHEL, CDSL, and others on June 24? Equity benchmarks corrected after a sharp rally the previou",2025-06-24,-3,False,,"stock price, candlestick, support level",Low ESG relevance or finance-only context,2026-10-04
SIS,Security and Intelligence Services,"Auto, IT stocks in red amid tariff uncertainty; Maruti Suzuki, Tech Mahindra shares down up to 2% The shares of auto and IT companies dropped on July 7 as uncertainties around higher US tariffs and no",2025-07-07,-2,False,,"share price, nifty",Low ESG relevance or finance-only context,2026-10-04
SIS,Security and Intelligence Services,"Trade Spotlight: How should you trade HCL Tech, Shree Cement, Asian Paints, Nykaa, Bharti Airtel, Samvardhana Motherson, and others on March 25? The market clocked a 1.3 percent rally on March 24, ext",2025-03-25,-1,False,,support level,Low ESG relevance or finance-only context,2026-10-04
SIS,Security and Intelligence Services,"Bajaj Finance shares gain 1% in morning trade Bajaj Finance shares are trading at Rs 939, reflecting a gain of 1.22% on July 9. The stock touched a day's high of Rs 942.90 and a day's low of Rs 924 at",2025-07-09,-1,False,,nifty,Low ESG relevance or finance-only context,2026-10-04
SIS,Security and Intelligence Services,"Chartist Talks: Ashish Kyal picks 2 stocks for next week, sees pullback in Nifty but unlikely to sustain After recording the biggest single-day loss in the current year on February 28 and the largest ",2025-03-02,-1,False,,nifty,Low ESG relevance or finance-only context,2026-10-04
SIS,Security and Intelligence Services,"Hindustan Unilever shares fall nearly 1% today Shares of Hindustan Unilever were trading at Rs 2,487.10 in Friday's session, a decline of 0.90% from the previous close. Earlier today, the stock touche",2025-07-18,0,False,,,Low ESG relevance or finance-only context,2026-10-04
SIS,Security and Intelligence Services,"Sensex declines nearly 700 pts, Nifty below 24,850: Bajaj Finance Q1 results among key factors behind market decline The benchmark equity indices declined nearly 1 percent on Friday, weighed by weak e",2025-07-25,-4,False,,"resistance, q1 results, nifty, sensex",Low ESG relevance or finance-only context,2026-10-04
SIS,Security and Intelligence Services,"Black Friday: Sensex tumbles 600 pts, Nifty below 24,750; Middle East tensions among key factors behind market decline The benchmark equity indices fell sharply on Friday, with the Sensex and Nifty de",2025-06-13,-2,False,,"nifty, sensex",Low ESG relevance or finance-only context,2026-10-04
SIS,Security and Intelligence Services,"Jio Platforms Q4 net profit jumps 26% on back of strong ARPU, robust homes and digital services business growth Jio Platforms, which houses Reliance Industries Ltd’s telecom and digital businesses, re",2025-04-25,0,False,,,Low ESG relevance or finance-only context,2026-10-04
SIS,Security and Intelligence Services,"Tech Mahindra Q1 Results: Net profit jumps 34% on-year, tops Rs 1,140 crore on low expenditure Tech Mahindra reported a robust set of earnings for Q1 FY26, with the net profit jumping 34% year-on-year",2025-07-16,0,False,environment,q1 results,Low ESG relevance or finance-only context,2026-10-04
SIS,Security and Intelligence Services,"Bharti Airtel shares gain 0.68% in early trade Shares of Bharti Airtel were trading at Rs 1,931.40 on the NSE, up 0.68% from the previous close, at 09:30 am Wednesday. The stock is showing positive mo",2025-07-30,0,False,,,Low ESG relevance or finance-only context,2026-10-04
SIS,Security and Intelligence Services,"Bharti Airtel shares close with 0.43% gain; day's range between Rs 1,892.60 and Rs 1,919.90 Bharti Airtel shares ended Monday's session with a gain of 0.43%, closing at Rs 1,909.20. During the trading",2025-07-21,-2,False,,"stock price, intraday",Low ESG relevance or finance-only context,2026-10-04
SIS,Security and Intelligence Services,"Trade Spotlight: How should you trade PNB, Swiggy, Bank of India, Adani Ports, CDSL, Canara Bank, NBCC, Bharti Airtel and others on June 3? The benchmark indices recouped significant intraday losses a",2025-06-03,-3,False,,"intraday, candlestick, support level",Low ESG relevance or finance-only context,2026-10-04
SIS,Security and Intelligence Services,"Coal India's 'attractiveness' based on cheap valuation an 'optical illusion', says Choice Institutional Equities Shares of Coal India, world's largest coal producer, flat on a YTD basis, could be a 'V",2025-07-22,-2,False,,"target price, brokerage",Low ESG relevance or finance-only context,2026-10-04
SIS,Security and Intelligence Services,Sun Pharmaceutical Industries shares rise following 2.03% price increase Sun Pharmaceutical Industries experienced a price increase of 2.03% during today's trading session. The stock is currently trad,2025-05-29,0,False,,,Low ESG relevance or finance-only context,2026-10-04
SIS,Security and Intelligence Services,"Bajaj Finance shares trade flat in today's session; over 27.5 lakh shares traded Shares of Bajaj Finance were trading at Rs 884.40 in Tuesday's session, showing a marginal decline of 0.10% from the pr",2025-08-05,0,False,,,Low ESG relevance or finance-only context,2026-10-04
SIS,Security and Intelligence Services,"Sanlam invests Rs 105 crore in Shriram AMC to become co-promoter, shares surge up to 10 percent Shriram Asset Management Company completed the preferential allotment to South Africa's Sanlam Emerging ",2025-05-27,0,False,,,Low ESG relevance or finance-only context,2026-10-04
SIS,Security and Intelligence Services,"Nifty Auto recovers 1% from day's low as concerns over Tesla's India entry ease The Nifty Auto index recovered nearly 1.1 percent (over 230 points) from its day's low to stand at 21,522 on February 24",2025-02-24,-4,False,,"share price, target price, brokerage, nifty",Low ESG relevance or finance-only context,2026-10-04
SIS,Security and Intelligence Services,"Tech Mahindra loses 622 employees in Q1, third consecutive quarter of decline IT services major Tech Mahindra's headcount decreased by 622 sequentially in the first quarter ended June 30, 2025. This i",2025-07-16,-1,False,,q1 results,Low ESG relevance or finance-only context,2026-10-04
SIS,Security and Intelligence Services,"Trade Spotlight: How should you trade Hindustan Aeronautics, InterGlobe Aviation, Welspun Corp, SBI Card, Gujarat Fluoro, JSW Steel, and others on March 21? The benchmark indices hit more than a five-",2025-03-21,-3,False,,"resistance, trading volume, nifty",Low ESG relevance or finance-only context,2026-10-04
SIS,Security and Intelligence Services,"RBI delivers 100 bps cut in CRR: 'This infusion of liquidity is a timely move,' say market experts RBI Governor Sanjay Malhotra on June 6 announced the outcome of the central bank's Monetary Policy Co",2025-06-06,0,False,environment,brokerage,Low ESG relevance or finance-only context,2026-10-04
SIS,Security and Intelligence Services,"Bharti Airtel share price rises 0.46% in early trade Shares of Bharti Airtel were trading higher in Tuesday's session, with the stock priced at Rs 1,899 at 9:20 am on the NSE, a 0.46% increase from th",2025-07-29,-1,False,green energy,"share price, stock price",Low ESG relevance or finance-only context,2026-10-04
SIS,Security and Intelligence Services,"Asian Paints Q1 results: Net profit declines 6% to Rs 1,100 crore, in line with estimates Asian Paints on July 29 reported 6% decline in net profit at Rs 1,100 crore for the quarter ended June 30, 202",2025-07-29,-2,False,,"brokerage, q1 results",Low ESG relevance or finance-only context,2026-10-04
SIS,Security and Intelligence Services,"Trade Spotlight: How should you trade these interest rate sensitive stocks on February 7? The benchmark indices corrected for another session on February 6, with the Nifty 50 falling by 93 points amid",2025-02-07,-4,False,,"resistance, support level, trading volume, nifty",Low ESG relevance or finance-only context,2026-10-04
SIS,Security and Intelligence Services,"Chartist Talks: Sudeep Shah of SBI Securities believes FIIs cautiously optimistic on market, bets on these 2 picks for next week Data suggests that FIIs are cautiously optimistic on the market, with a",2025-04-19,-1,False,sustainable,"resistance, nifty",Low ESG relevance or finance-only context,2026-10-04
SIS,Security and Intelligence Services,"Nifty IT rallies one percent, snapping a two-day fall on strong Nvidia Q1, ruling against Trump tariffs The shares of IT companies surged on May 29 after US chipmaker Nvidia posted strong Q1 results a",2025-05-29,-2,False,,"q1 results, nifty",Low ESG relevance or finance-only context,2026-10-04
SIS,Security and Intelligence Services,"HAL Appoints Ajay Kumar Shrivastava as Director (Engineering & R&D)   Hindustan Aeronautics Ltd (HAL) announced the appointment of Shri Ajay Kumar Shrivastava, Executive Director (ARDC), as Director (",2025-07-16,0,False,,,Low ESG relevance or finance-only context,2026-10-04
SIS,Security and Intelligence Services,"Hindustan Unilever shares fall 1% in Friday's trading session Shares of Hindustan Unilever were trading lower in Friday's session, with the stock currently priced at Rs 2,413.40. The stock experienced",2025-07-25,-1,False,,nifty,Low ESG relevance or finance-only context,2026-10-04
SIS,Security and Intelligence Services,"Tata Consultancy Services share price falls 1.03% in today's session Shares of Tata Consultancy Services (TCS) were trading lower in Monday's session, with the stock priced at Rs 3,156.90, a 1.03 perc",2025-07-21,-1,False,labor,"share price, stock price",Low ESG relevance or finance-only context,2026-10-04
SIS,Security and Intelligence Services,"Tech Mahindra share price falls 2.02% on Nifty 50 Shares of Tech Mahindra declined by 2.02 percent to Rs 1,570.20 on Monday. At 12:16 pm, the stock was trading lower on the Nifty 50.    Quarterly Fina",2025-07-14,-2,False,,"share price, nifty",Low ESG relevance or finance-only context,2026-10-04
SIS,Security and Intelligence Services,"Coal India shares decline marginally amid high volume in today's session Shares of Coal India were trading at Rs 375.05 on Friday as of 10:43 am, witnessing a marginal decrease of 0.35% in today's ses",2025-08-01,-1,False,,nifty,Low ESG relevance or finance-only context,2026-10-04
SIS,Security and Intelligence Services,"ITC shares hit intraday high; stock up 0.6% on Nifty 50 Shares of ITC were trading with a gain of 0.58% at Rs 419.20 on the NSE as of 12:40 pm on Monday. Earlier in the session, the stock touched a da",2025-07-14,-2,False,,"intraday, nifty",Low ESG relevance or finance-only context,2026-10-04
SIS,Security and Intelligence Services,"Bulls charge on D-Street! Nifty tops 25,100, Sensex snaps 3-day losing streak amid broad-based buying Bulls returned to Dalal Street, embarking on a broad-based buying spree to send the equity benchma",2025-06-20,-3,False,,"resistance, nifty, sensex",Low ESG relevance or finance-only context,2026-10-04
SIS,Security and Intelligence Services,"Trade Spotlight: How should you trade Ultratech Cement, Birlasoft, Sonata Software, Hindustan Unilever, Bharat Electronics, and others on April 29? Bulls staged a strong comeback on April 28, driving ",2025-04-29,-2,False,,"resistance, nifty",Low ESG relevance or finance-only context,2026-10-04
SIS,Security and Intelligence Services,"ITC shares rise marginally in early trade Shares of ITC saw a slight increase in early trading, with the stock price at Rs 419.95, up 0.13% from the previous close, at 9:30 am. The stock is part of th",2025-07-15,-2,False,,"stock price, nifty",Low ESG relevance or finance-only context,2026-10-04
SIS,Security and Intelligence Services,"Hindustan Unilever shares edge marginally higher on July 15 Hindustan Unilever shares were trading at Rs 2,520.70, up 0.16% from the previous close, in Tuesday's session. The stock is part of the Nift",2025-07-15,-1,False,,nifty,Low ESG relevance or finance-only context,2026-10-04
SIS,Security and Intelligence Services,"Adani Ports and Special Economic Zone Shares Rise by 2.06% in Today's Trading During today's trading session, Adani Ports and Special Economic Zone experienced a notable increase, with its shares risi",2025-06-05,0,False,inclusion,nifty,Low ESG relevance or finance-only context,2026-10-04
SIS,Security and Intelligence Services,"ITC shares decline marginally in today's trading session Shares of ITC were trading at Rs 416.45 on the NSE, a decline of 0.87 percent from the previous close at 1:50 pm.    Financial Snapshot    Cons",2025-07-22,0,False,,,Low ESG relevance or finance-only context,2026-10-04
SIS,Security and Intelligence Services,"Bharti Airtel shares among top gainers on Nifty 50, rise 0.98% Shares of Bharti Airtel were trading higher on Tuesday, with the stock priced at Rs 1,933.30, a gain of 0.98% in today's session. The sto",2025-08-05,-2,False,,"stock price, nifty",Low ESG relevance or finance-only context,2026-10-04
SIS,Security and Intelligence Services,"ITC shares trade marginally higher in early session ITC shares saw a slight increase in Thursday's early trading session, with the stock currently trading at Rs 419.80 on the NSE, a gain of 0.08% from",2025-07-10,0,False,,,Low ESG relevance or finance-only context,2026-10-04
SIS,Security and Intelligence Services,"Bharti Airtel shares fall 0.85%; stock among top losers on Nifty 50 Shares of Bharti Airtel were trading lower in Monday's session at Rs 1,921.50 as of 10:10 am, a decline of 0.85% from the previous c",2025-07-28,-1,False,,nifty,Low ESG relevance or finance-only context,2026-10-04
SIS,Security and Intelligence Services,"UltraTech Cement shares fall 2.01% in morning trade Shares of UltraTech Cement declined by 2.01% to trade at Rs 12,324 at 11:47 am on Tuesday. This decline reflects a drop from the previous day's clos",2025-07-22,-1,False,,nifty,Low ESG relevance or finance-only context,2026-10-04
SIS,Security and Intelligence Services,"Trade Spotlight: How should you trade IndoStar Capital, Cyient, Som Distilleries, HDFC Life Insurance, Lodha, Dhanuka Agritech and others on May 26? The benchmark indices bounced back after a day of c",2025-05-25,-1,False,,resistance,Low ESG relevance or finance-only context,2026-10-04
SIS,Security and Intelligence Services,"Trade Spotlight: How should you trade Ashok Leyland, HDFC AMC, Grasim, UltraTech Cement, ONGC, Macrotech Developers and others on May 16? The benchmark indices recorded a strong consolidation breakout",2025-05-16,-2,False,,"resistance, nifty",Low ESG relevance or finance-only context,2026-10-04
SIS,Security and Intelligence Services,"CLSA says Q3 earnings stronger-than-expected, despite consensus doubts The earnings show for the three months ended December 2024 was better than expected, noted Hong Kong-based brokerage CLSA, sharin",2025-02-24,-1,False,labor,"brokerage, nifty",Low ESG relevance or finance-only context,2026-10-04
SIS,Security and Intelligence Services,"ITC shares trade flat in today's session; over 9.2 lakh shares traded ITC shares were trading at Rs 422 on the NSE, remaining largely unchanged from the previous close as of 11:20 am. Approximately 9.",2025-07-21,0,False,,,Low ESG relevance or finance-only context,2026-10-04
SIS,Security and Intelligence Services,"Sensex up 500 pts, Nifty above 24,400: Rupee rally, other key factors behind market rise The benchmark equity indices surged nearly 1 percent on Friday as a stronger rupee, sustained foreign inflows a",2025-05-02,-4,False,,"intraday, support level, nifty, sensex",Low ESG relevance or finance-only context,2026-10-04
SIS,Security and Intelligence Services,"Trade Spotlight: How should you trade Zensar Technologies, APL Apollo Tubes, ITC, CRISIL, BSE, Aurobindo Pharma, and others on May 9? The benchmark indices turned lower after a day of recovery and a p",2025-05-08,-3,False,,"resistance, trading volume, nifty",Low ESG relevance or finance-only context,2026-10-04
SIS,Security and Intelligence Services,"IT shares snap three-day gaining streak ahead of US Fed meet; Coforge, TCS, others fall up to 1.5% The shares of several IT companies dropped on June 18, pushing the Nifty IT index down over half a pe",2025-06-18,-2,False,,"nifty, sensex",Low ESG relevance or finance-only context,2026-10-04
SIS,Security and Intelligence Services,Bharat Electronics share price falls 2.07% in early trade; stock among top Nifty losers Shares of Bharat Electronics declined by 2.07 percent to Rs 418.70 in early trade on Monday. This decline positi,2025-07-07,-2,False,,"share price, nifty",Low ESG relevance or finance-only context,2026-10-04
SIS,Security and Intelligence Services,"Trade Spotlight: How should you trade Sun Pharma, Blue Star, Hero MotoCorp, Britannia, Acutaas Chemicals, Religare Enterprises and others on July 16? Equity benchmark indices rebounded after four days",2025-07-15,-4,False,,"stock price, resistance, support level, nifty",Low ESG relevance or finance-only context,2026-10-04
SIS,Security and Intelligence Services,"Sensex sheds 500 pts, Nifty below 25,000: Weak Axis Bank Q1 earnings among key factors behind market decline The benchmark equity indices declined sharply on Friday, dragged by weak earnings from Axis",2025-07-18,-4,False,,"intraday, resistance, nifty, sensex",Low ESG relevance or finance-only context,2026-10-04
SIS,Security and Intelligence Services,"HAL says first LCA Mk1A to roll out in a couple of months, 12 to be delivered this year Defence PSU Hindustan Aeronautics expects as many as 12 LCA Mk1A aircraft to be delivered to the Indian Air Forc",2025-05-16,-1,False,,q4 results,Low ESG relevance or finance-only context,2026-10-04
SIS,Security and Intelligence Services,"Hindustan Unilever shares decline marginally in today's session Shares of Hindustan Unilever were trading at Rs 2,445.90, down 0.31% in Wednesday's session. The stock touched a day's high of Rs 2,452.",2025-07-30,0,False,,,Low ESG relevance or finance-only context,2026-10-04
SIS,Security and Intelligence Services,"Tata Consultancy Services shares fall in early trade Shares of Tata Consultancy Services were trading at Rs 3,239.10 on the NSE, down 0.41% in Wednesday's session. The stock price experienced a decrea",2025-07-16,0,False,labor,stock price,Low ESG relevance or finance-only context,2026-10-04
SIS,Security and Intelligence Services,"Trade Spotlight: How should you trade Indus Towers, Kotak Mahindra Bank, NRB Bearings, ICICI Lombard, KFin Technologies, M&M, and others on June 23? The benchmark indices bounced back with a 1.29 perc",2025-06-23,-1,False,sustainability,"resistance, trading volume",Low ESG relevance or finance-only context,2026-10-04
SIS,Security and Intelligence Services,"Tech Mahindra Shares Trade Lower Today Amid High Volume During today's session, Tech Mahindra shares experienced a decline of 0.84 percent, with the current price at Rs 1,536.10. This movement occurre",2025-06-03,-1,False,,nifty,Low ESG relevance or finance-only context,2026-10-04
SIS,Security and Intelligence Services,"Bharti Airtel share price gains 0.69% in yesterday's trading session Shares of Bharti Airtel saw a 0.69% rise in the previous session, with the stock reaching Rs 1,934.20 at the close of Tuesday's tra",2025-07-16,-2,False,,"share price, nifty",Low ESG relevance or finance-only context,2026-10-04
SIS,Security and Intelligence Services,"Trade Spotlight: How should you trade Ambuja Cements, HUDCO, Colgate Palmolive, Apollo Tyres, Bajaj Finserv, United Spirits, and others on April 11? The benchmark indices closed a range-bound session ",2025-04-11,-2,False,,"candlestick, nifty",Low ESG relevance or finance-only context,2026-10-04
SIS,Security and Intelligence Services,Reliance only Indian firm in highly valued global technology companies list Billionaire Mukesh Ambani’s Reliance Industries is the only Indian firm to have made it to the listing of top 30 publicly tr,2025-06-02,0,False,,,Low ESG relevance or finance-only context,2026-10-04
SIS,Security and Intelligence Services,"TCS job cuts worry brokerages as execution, attrition concerns emerge, stock slips Information technology giant Tata Consultancy Services Ltd (TCS) shares slipped in trade on Monday, July 28, after Mo",2025-07-28,-2,False,,"target price, brokerage",Low ESG relevance or finance-only context,2026-10-04
SIS,Security and Intelligence Services,Hindustan Unilever Q1 Preview: Profit likely to remain flat as margins may see sharp contraction One of India’s largest consumer staples firm Hindustan Unilever Ltd. is set to report its earnings for ,2025-07-30,-1,False,,brokerage,Low ESG relevance or finance-only context,2026-10-04
SIS,Security and Intelligence Services,"Analysts Call Tracker: Capacity expansion, reduced Apollo 24/7 losses turns Street bullish on Apollo Hospitals Apollo Hospitals Enterprise gained favour from analysts on the Street after it not just d",2025-03-10,-2,False,,"brokerage, q3 results",Low ESG relevance or finance-only context,2026-10-04
SIS,Security and Intelligence Services,"Buy Ultratech Cement; target of Rs 15,210: Choice Equity Broking Choice Equity Broking's report on Ultratech Cement  We maintain our BUY rating but increase our TP to INR15,210 as we 1) Increase Volum",2025-04-30,0,False,,,Low ESG relevance or finance-only context,2026-10-04
SIS,Security and Intelligence Services,ITC shares stage a smart recovery from day's low Shares of ITC recovered from intra-day lows to trade 0.3% higher. The shares opened flat in on Wednesday. The stock touched a day's high of Rs 423.30 a,2025-07-16,0,False,,,Low ESG relevance or finance-only context,2026-10-04
SIS,Security and Intelligence Services,"Bharti Airtel shares fall 1.82% in morning trade Shares of Bharti Airtel were trading lower at Rs 1,902.60 on Monday, July 28, reflecting a 1.82% decline from the previous close. The stock's movement ",2025-07-28,-1,False,,nifty,Low ESG relevance or finance-only context,2026-10-04
SIS,Security and Intelligence Services,"India‑UK FTA tariff cuts sparks cautious optimism, focus to shift to execution and earnings Market reaction to the India‑UK Free Trade Agreement is likely to be optimistic yet measured, with investors",2025-07-25,0,False,,,Low ESG relevance or finance-only context,2026-10-04
SIS,Security and Intelligence Services,"Tata Consultancy Services shares fall 1.11% in today's session; over 3.8 lakh shares traded Shares of Tata Consultancy Services were trading lower in Wednesday's session, with the stock priced at Rs 3",2025-08-06,-1,False,,stock price,Low ESG relevance or finance-only context,2026-10-04
SIS,Security and Intelligence Services,"ITC shares gain marginally in today's session; over 60.1 lakh shares traded ITC shares were trading at Rs 417.70 on the NSE at 2:20 pm, a gain of 0.20% from the previous close. Over 60.1 lakh shares c",2025-07-11,0,False,,,Low ESG relevance or finance-only context,2026-10-04
SIS,Security and Intelligence Services,"Sensex rises 500 pts from day's low, Nifty near 25,000: 5 reasons behind sharp market reversal The benchmark equity indices staged a strong rebound on Monday after falling sharply in early trade, as e",2025-06-23,-3,False,,"intraday, nifty, sensex",Low ESG relevance or finance-only context,2026-10-04
SIS,Security and Intelligence Services,"Bharti Airtel share price falls 0.53% in early trade Shares of Bharti Airtel were trading lower at Rs 1,925.80 on the NSE, down 0.53% from the previous close, in Friday's early trading session. The st",2025-07-25,-2,False,,"share price, nifty",Low ESG relevance or finance-only context,2026-10-04
SIS,Security and Intelligence Services,"Trade Spotlight: How should you trade Relaxo Footwears, Chennai Petroleum, Transrail Lighting, CCL Products, Marksans Pharma, Titan, and others on July 7? The benchmark indices bounced back after a tw",2025-07-07,-2,False,,"resistance, trading volume",Low ESG relevance or finance-only context,2026-10-04
SIS,Security and Intelligence Services,"Tata Consultancy Services shares decline marginally in today's session; over 25 lakh shares traded Shares of Tata Consultancy Services were trading at Rs 3,193.10 on the Nifty 50, down 0.50% from the ",2025-07-18,-1,False,,nifty,Low ESG relevance or finance-only context,2026-10-04
SIS,Security and Intelligence Services,"Tata Elxsi shares fall 4.03% in early trade; stock among top losers on Nifty Midcap 150 Shares of Tata Elxsi declined 4.03% to Rs 5,890 in Friday's early trading session. The stock is among the top lo",2025-07-11,-1,False,,nifty,Low ESG relevance or finance-only context,2026-10-04
SIS,Security and Intelligence Services,"Apollo Hospitals Enterprise hits all-time high on NSE Apollo Hospitals Enterprise reached an all-time high of Rs 7,614.00 on the NSE, with the stock currently trading at Rs 7,598.50, a 0.60% increase,",2025-07-07,0,False,,,Low ESG relevance or finance-only context,2026-10-04
SIS,Security and Intelligence Services,"Apollo Hospitals Q3 Preview: Better occupancy, higher ARPOBs to drive earnings growth in seasonally weak quarter Healthcare services major Apollo Hospitals Enterprises is due to release its October-De",2025-02-07,-1,False,,brokerage,Low ESG relevance or finance-only context,2026-10-04
SIS,Security and Intelligence Services,"NTPC shares gain on reporting in-line Q4 show; should you buy, sell, or hold? State-run power major NTPC Ltd.'s shares rose on Monday, May 26, after the public sector player reported its in-line earni",2025-05-26,0,False,"renewable, green energy","target price, brokerage",Low ESG relevance or finance-only context,2026-10-04
SIS,Security and Intelligence Services,"Tata Consultancy Services shares fall 1.07% in today's session; over 30.7 lakh shares traded Shares of Tata Consultancy Services declined by 1.07% to Rs 3,046.30 in Tuesday's session, with over 30.7 l",2025-07-29,-1,False,,nifty,Low ESG relevance or finance-only context,2026-10-04
SIS,Security and Intelligence Services,"Hindustan Unilever share price trades flat with a negative bias Shares of Hindustan Unilever were trading flat with a negative bias in Wednesday's session. The stock touched a day's high of Rs 2,528. ",2025-07-16,-1,False,,share price,Low ESG relevance or finance-only context,2026-10-04
SIS,Security and Intelligence Services,"LTI Mindtree, TechM surge 2% as IT index rallies on a rangebound day: What's pushing IT higher Shares of IT companies sharply ended higher on April 29, sharply off lows on hopes of easing trade tensio",2025-04-29,-4,False,environment,"share price, stock price, brokerage, q4 results, nifty",Low ESG relevance or finance-only context,2026-10-04
SIS,Security and Intelligence Services,"IndiGo, SpiceJet shares sharply drop after Air India flight crashes near Ahmedabad airport Airline stocks saw a sharp decline in the afternoon trading hours of June 12 after a plane crashed near the A",2025-06-12,0,False,,,Low ESG relevance or finance-only context,2026-10-04
SIS,Security and Intelligence Services,"Bharat Electronics Q1 Preview:  Strong orderbook, Make-in-India initiatives continue to drive growth despite weak quarter Defence major Bharat Electronics Ltd (BEL) is expected to announced its Q1FY26",2025-07-25,-1,False,,brokerage,Low ESG relevance or finance-only context,2026-10-04
SIS,Security and Intelligence Services,"Experts pitch 14 rate-sensitive stocks after RBI surprises with larger repo cut, CRR action The RBI’s Monetary Policy Committee (MPC) surprised the street with a front-loaded 50 basis points repo rate",2025-06-06,-4,False,,"stock price, resistance, support level, nifty",Low ESG relevance or finance-only context,2026-10-04
SIS,Security and Intelligence Services,"Bajaj Finance shares fall 1.61% in intraday trade Shares of Bajaj Finance declined by 1.61% to trade at Rs 877.55 on Wednesday. According to data at 11:50 am, the stock's current price reflects a decr",2025-08-06,-1,False,,intraday,Low ESG relevance or finance-only context,2026-10-04
SIS,Security and Intelligence Services,"PSUs should find a place in investors' portfolios; SBI, BEL, Coal India among top picks: Motilal Oswal Public sector enterprises (PSUs) were known for their sluggish growth, debt-laden balance sheets,",2025-06-26,0,False,environment,brokerage,Low ESG relevance or finance-only context,2026-10-04
SIS,Security and Intelligence Services,"TVS, Bajaj, others two-wheeler shares rise up to 4% on CLSA's bullish note showing demand for premium bikes The shares of leading two-wheeler makers rallied on March 21 after CLSA issued a bullish not",2025-03-21,-4,False,,"target price, brokerage, trading volume, nifty",Low ESG relevance or finance-only context,2026-10-04
SIS,Security and Intelligence Services,"Metal index plunges 2%: Viceroy Research's report on Vedanta Resources among key factors behind bearish movement Metal stocks sharply plunged in the second half of July 9, pushing the Nifty Metal inde",2025-07-09,0,False,sustainable,nifty,Low ESG relevance or finance-only context,2026-10-04
SIS,Security and Intelligence Services,"Bajaj Finance share price falls 0.95% in early trade Shares of Bajaj Finance were trading at Rs 905.05 on the NSE at 09:20 am, a decline of 0.95% from the previous close. The stock is currently tradin",2025-07-28,-1,False,,share price,Low ESG relevance or finance-only context,2026-10-04
SIS,Security and Intelligence Services,"RIL shares hit 8-month high, BPCL, HPCL, Oil India jump up to 4% on multiple triggers The shares of several oil marketing companies (OMC) and oil &amp;amp; gas firms strongly gained on June 11 as fall",2025-06-11,-4,False,,"share price, target price, nifty, sensex",Low ESG relevance or finance-only context,2026-10-04
SIS,Security and Intelligence Services,"Adani Ports and Special Economic Zone shares rise 2.03% in today's session Shares of Adani Ports and Special Economic Zone were trading higher, with the stock rising 2.03% to Rs 1,374.50 in Monday's s",2025-08-04,-1,False,,nifty,Low ESG relevance or finance-only context,2026-10-04
SIS,Security and Intelligence Services,"Persistent Systems, Infosys, other IT shares drop up to 2% as trade, geopolitical tensions weigh The shares of major IT players dropped on June 12 after uncertain US tariff rules and geopolitical tens",2025-06-12,0,False,labor,nifty,Low ESG relevance or finance-only context,2026-10-04
SIS,Security and Intelligence Services,"Trade Spotlight: How should you trade Biocon, Swiggy, Kotak Mahindra Bank, Apollo Hospitals, SJS Enterprises, TCS, Oberoi Realty, and others on June 17? Equity benchmarks shrugged off the Israel-Iran ",2025-06-17,-1,False,labor,"candlestick, nifty",Low ESG relevance or finance-only context,2026-10-04
SIS,Security and Intelligence Services,"Gainers & Losers: 10 stocks that moved the most on July 4 Indian stock markets witnessed significant volatility on July 4, as possible India-US trade deal and SEBI's order on Jane Street resulted in s",2025-07-04,-5,False,,"share price, brokerage, intraday, nifty, sensex",Low ESG relevance or finance-only context,2026-10-04
SIS,Security and Intelligence Services,"Trade Spotlight: How should you trade Nykaa, Amber Enterprises, JSW Steel, UltraTech Cement, Gujarat Gas, Lupin, and others on July 3? The benchmark indices saw profit booking on July 2, falling more ",2025-07-02,-2,False,,"candlestick, resistance",Low ESG relevance or finance-only context,2026-10-04
SIS,Security and Intelligence Services,"Trade Spotlight: How should you trade Coal India, Kotak Mahindra Bank, Varun Beverages, Shriram Finance, JSW Steel, and others on March 18? The benchmark indices bounced back with half a percent gains",2025-03-18,-1,False,violation,"resistance, support level",Low ESG relevance or finance-only context,2026-10-04
SIS,Security and Intelligence Services,"Hindustan Unilever shares fall marginally in today's session Shares of Hindustan Unilever were trading at Rs 2,431.10 on Thursday, down 0.79% from the previous close. The stock is currently trading on",2025-07-24,-1,False,,nifty,Low ESG relevance or finance-only context,2026-10-04
SIS,Security and Intelligence Services,"Trade Spotlight: How should you trade TVS Motor, CDSL, Angel One, Tech Mahindra, Container Corporation, Adani Green Energy and others on May 19? The benchmark indices took a breather after a 1.6 perce",2025-05-18,-3,False,green energy,"resistance, support level, trading volume, nifty",Low ESG relevance or finance-only context,2026-10-04
SIS,Security and Intelligence Services,"Tata Consultancy Services share price falls 3.37%; among top losers on Nifty 50 Shares of Tata Consultancy Services declined by 3.37% to Rs 3,268.10, making it one of the top losers on the Nifty 50 du",2025-07-11,-2,False,,"share price, nifty",Low ESG relevance or finance-only context,2026-10-04
SIS,Security and Intelligence Services,"Trent Q1 results: Net profit rises 24% to Rs 423 crore, beats estimates Trent Ltd, which operates the apparel stores Zudio and Westside, on August 6 reported 24 per cent jump in standalone net profit ",2025-08-06,-1,False,,q1 results,Low ESG relevance or finance-only context,2026-10-04
SIS,Security and Intelligence Services,"Hindustan Unilever shares fall 1.12% in today's session; over 8.5 lakh shares traded Hindustan Unilever shares experienced a decline of 1.12% in today's trading session, with the stock currently price",2025-07-21,0,False,,,Low ESG relevance or finance-only context,2026-10-04
SIS,Security and Intelligence Services,"Bharat Electronics shares trade 1% lower amid high volume Shares of Bharat Electronics experienced active trading during today's session, with the stock currently priced at Rs 387.25, a decrease of 0.",2025-05-29,-2,False,,"trading volume, nifty",Low ESG relevance or finance-only context,2026-10-04
SIS,Security and Intelligence Services,"Tata Consultancy Services shares fall 0.71% in morning trade; over 8.4 lakh shares traded Shares of Tata Consultancy Services were trading lower in Monday's session. At 10:20 am, the stock was priced ",2025-07-14,0,False,,,Low ESG relevance or finance-only context,2026-10-04
SIS,Security and Intelligence Services,"UBS upgrades UltraTech Cement, Dalmia Bharat, Ambuja Cement to 'buy', shares jump up to 3% Global broking firm UBS turned optimistic on the cement sector, as the brokerage expects demand to bounce bac",2025-03-25,-1,False,"waste, renewable","stock price, target price, brokerage",Low ESG relevance or finance-only context,2026-10-04
SIS,Security and Intelligence Services,"Trent share price declines by 0.86% in today's session In today's trading session, the share price of Trent experienced a decline of 0.86%, reaching a price of Rs 5542.00. This movement places Trent a",2025-06-04,-2,False,,"share price, nifty",Low ESG relevance or finance-only context,2026-10-04
SIS,Security and Intelligence Services,"ITC shares trade flat-to-positive in early trade Shares of ITC were trading at Rs 417.15 on the NSE, a marginal gain of 0.08% from the previous close, at 9:20 am on Monday.    Financial Snapshot:    H",2025-07-14,0,False,,,Low ESG relevance or finance-only context,2026-10-04
SIS,Security and Intelligence Services,"Trade Spotlight: How should you trade Chennai Petroleum, NHPC, Valor Estate, KPR Mill, Motherson Sumi Wiring, Tech Mahindra and others on July 9? Equity benchmarks gained strength in late trade after ",2025-07-08,-3,False,,"intraday, support level, nifty",Low ESG relevance or finance-only context,2026-10-04
SIS,Security and Intelligence Services,"Nifty to gain just 2% by FY26 to hit 22,850? This brokerage thinks so The Indian frontline index Nifty 50 is seeing high volatility as a result of global uncertainties, unabated capital outflows, and ",2025-02-25,-2,False,,"brokerage, nifty",Low ESG relevance or finance-only context,2026-10-04
SIS,Security and Intelligence Services,"Trade Spotlight: How should you trade Tata Motors, BHEL, Bajaj Finserv, Apollo Tyres, Aarti Pharmalabs, and others on February 18? The benchmark indices showed a strong recovery from the day's low to ",2025-02-18,-2,False,sustainability,"candlestick, resistance, support level",Low ESG relevance or finance-only context,2026-10-04
SIS,Security and Intelligence Services,"Tata Elxsi shares rise 2.10% in early trade Tata Elxsi shares experienced a notable increase of 2.10% in the early trading session, with the stock price reaching Rs 6,308.50. This movement reflects a ",2025-07-15,-2,False,,"stock price, nifty",Low ESG relevance or finance-only context,2026-10-04
SIS,Security and Intelligence Services,Indian drugmakers see potential tail wind in Trump’s MFN drug pricing plan Indian pharmaceutical companies are viewing US President Donald Trump’s revived “Most Favoured Nation” (MFN) pricing policy n,2025-05-14,-1,False,,resistance,Low ESG relevance or finance-only context,2026-10-04
SIS,Security and Intelligence Services,"Buy Bajaj Finance; target of Rs 10,500: Sharekhan Sharekhan's research report on Bajaj Finance  Net earnings were in line although adjustment to ECL model led to a higher credit cost, which was offset",2025-05-02,-1,False,,nifty,Low ESG relevance or finance-only context,2026-10-04
SIS,Security and Intelligence Services,"Buy UltraTech Cement; target of Rs 14,299: Deven Choksey Deven Choksey's research report on UltraTech Cement  UltraTech Cement’s revenue stood at INR 212.8 Mn, up 13.1% YoY (-7.8% QoQ), inline with ou",2025-07-25,-1,False,,target price,Low ESG relevance or finance-only context,2026-10-04
SIS,Security and Intelligence Services,"Tata Consultancy Services shares fall 0.98% in morning trade Shares of Tata Consultancy Services were trading lower at Rs 3,049 on the NSE, a decline of 0.98% from the previous close, during morning t",2025-07-29,-2,False,,"stock price, nifty",Low ESG relevance or finance-only context,2026-10-04
SIS,Security and Intelligence Services,"Apollo Hospitals Enterprises Shares Fall 1.1% Today Amid High Volumes During today's trading session, Apollo Hospitals Enterprises experienced a decline, with the stock currently trading at Rs 6,841.0",2025-06-03,-2,False,,"trading volume, nifty",Low ESG relevance or finance-only context,2026-10-04
SIS,Security and Intelligence Services,"Coforge, Mphasis, other IT shares rise up to 4% on optimism over US-China trade talks The shares of IT companies are higher on June 10, pushing the Nifty IT index up over 1.5 percent to emerge as the ",2025-06-10,-4,False,,"share price, target price, brokerage, nifty",Low ESG relevance or finance-only context,2026-10-04
SIS,Security and Intelligence Services,"Bharti Airtel shares gain 0.43% in today's session; over 8.6 lakh shares traded Shares of Bharti Airtel were trading higher in Tuesday's session, with the stock currently priced at Rs 1,929.20 on the ",2025-07-15,0,False,,,Low ESG relevance or finance-only context,2026-10-04
SIS,Security and Intelligence Services,"ITC shares fall 0.37% in today's session; over 7.8 lakh shares traded Shares of ITC were trading at Rs 422.40 on the NSE, a decline of 0.37% from the previous close, as of 10:20 am. Over 7.8 lakh shar",2025-07-18,0,False,,,Low ESG relevance or finance-only context,2026-10-04
SIS,Security and Intelligence Services,"Hindustan Unilever share price falls marginally in today's session Shares of Hindustan Unilever were trading at Rs 2,459.90, a decline of 0.20% in today's session. The stock touched a day's high of Rs",2025-07-22,-1,False,,share price,Low ESG relevance or finance-only context,2026-10-04
SIS,Security and Intelligence Services,"Trade Spotlight: How should you trade Tata Power, SBI, Punjab National Bank, LIC Housing Finance, M&M, Edelweiss Financial and others on July 17? Indian equity benchmarks closed with moderate gains on",2025-07-16,-2,False,,"resistance, nifty",Low ESG relevance or finance-only context,2026-10-04
SIS,Security and Intelligence Services,"Sensex rises over 250 points, Nifty above 24,600: Positive global cues among key factors behind market rise The benchmark equity indices rebounded on Wednesday, recovering from a three-day losing stre",2025-06-04,-2,False,,"nifty, sensex",Low ESG relevance or finance-only context,2026-10-04
SIS,Security and Intelligence Services,"Paint stocks rally on cooling crude prices; Asian Paints, Berger Paints, Kansai Nerolac gain up to 2% Shares of paint players soared in trade on April 9, despite a muted market sentiment, as crude oil",2025-04-09,-1,False,,nifty,Low ESG relevance or finance-only context,2026-10-04
SIS,Security and Intelligence Services,"Sensex down 500 pts, Nifty below 25,100: Nestle Q1 results among key factors behind market decline The benchmark indices gave up early gains and traded lower at around noon on Thursday, dragged by sel",2025-07-24,-6,False,,"stock price, brokerage, resistance, q1 results, nifty, sensex",Low ESG relevance or finance-only context,2026-10-04
SIS,Security and Intelligence Services,"Adani Ports to acquire Australian terminal in $2.4-bn non-cash deal Adani Ports and SEZ Ltd, India's biggest private port operator, announced on Thursday a $2.4 billion non-cash acquisition of a coal ",2025-04-18,0,False,water,resistance,Low ESG relevance or finance-only context,2026-10-04
SIS,Security and Intelligence Services,Tata Consultancy Services share extends fall in Monday's trading session Shares of Tata Consultancy Services were trading down by over 1.5 percent in Monday’s trading session. The stock touched a high,2025-07-14,0,False,,,Low ESG relevance or finance-only context,2026-10-04
SIS,Security and Intelligence Services,"RBI MPC meet: Experts pick these top 10 rate-sensitive stocks after central bank holds rates, lowers inflation forecast The Reserve Bank of India Monetary Policy Committee (RBI MPC) on August 6 has de",2025-08-06,-5,False,,"candlestick, resistance, support level, nifty, sensex",Low ESG relevance or finance-only context,2026-10-04
SIS,Security and Intelligence Services,"Tata Consultancy Services shares fall 1.55% in early trade Shares of Tata Consultancy Services declined by 1.55% to Rs 3,087.20 in early trade on Monday. The stock's decline reflects a bearish sentime",2025-07-28,0,False,,,Low ESG relevance or finance-only context,2026-10-04
SIS,Security and Intelligence Services,"Cipla share price rises 2.09% in today's trade Cipla's stock is up 2.09% to Rs 1,536.60 in today's session, showing positive movement during the trading session. The stock's performance reflects notab",2025-06-16,-1,False,inclusion,"share price, nifty",Low ESG relevance or finance-only context,2026-10-04
SIS,Security and Intelligence Services,"Bharti Airtel share price falls 0.40% in today's session Shares of Bharti Airtel were trading lower in Thursday's session, with the stock currently priced at Rs 1,936.10. The stock experienced a decli",2025-07-24,-1,False,,share price,Low ESG relevance or finance-only context,2026-10-04
SIS,Security and Intelligence Services,"Sensex gives up 81,000, Nifty below 24,600: Three key reasons behind market reversal The benchmark indices gave up early gains to trade lower on Wednesday as profit-taking in financials and FMCG share",2025-05-14,-5,False,,"brokerage, intraday, resistance, nifty, sensex",Low ESG relevance or finance-only context,2026-10-04
SIS,Security and Intelligence Services,"ITC shares fall marginally in morning trading session ITC shares were trading at Rs 416.5 on the NSE at 9:55 am, a marginal fall of of 0.17% from the previous close. The stock is part of the Nifty 50 ",2025-07-09,-1,False,,nifty,Low ESG relevance or finance-only context,2026-10-04
SIS,Security and Intelligence Services,"Hindustan Unilever shares gain 1.18% in today's session; over 1.19 lakh shares traded Hindustan Unilever shares showed positive momentum in Monday's trading session, with the stock price increasing by",2025-07-28,-2,False,,"stock price, trading volume",Low ESG relevance or finance-only context,2026-10-04
SIS,Security and Intelligence Services,"UltraTech Cement Shares Experience Slight Dip Amid High Trading Volume     During today's trading session, UltraTech Cement experienced a slight downturn, with its shares declining by 0.17% to Rs 1101",2025-06-04,-3,False,,"share price, trading volume, nifty",Low ESG relevance or finance-only context,2026-10-04
SIS,Security and Intelligence Services,"HPCL, BPCL, IOC shares in red, ONGC stock gains as crude oil prices rally amid Middle East escalations Crude oil prices bubbled following U.S. strikes on Iran nuclear sites over the weekend, leading s",2025-06-23,-3,False,,"share price, stock price, brokerage",Low ESG relevance or finance-only context,2026-10-04
SIS,Security and Intelligence Services,"ITC share price falls marginally in early trade Shares of ITC were trading at Rs 407.10 on the NSE, down 0.33% in Wednesday's session. The stock price experienced a decline of Rs 1.35 compared to its ",2025-07-30,-3,False,,"share price, stock price, nifty",Low ESG relevance or finance-only context,2026-10-04
SIS,Security and Intelligence Services,"ITC shares trade flat with negative bias in a weak market Shares of ITC have slipped into the red, giving up opening gains. The stock was trading around Rs 410 on the NSE.    ITC's consolidated financ",2025-07-25,-1,False,,nifty,Low ESG relevance or finance-only context,2026-10-04
SIS,Security and Intelligence Services,"ITC share price trades flat in early session Shares of ITC were trading at Rs 424.75 on the NSE, a marginal increase of 0.04% from the previous close, at 9:30 am on Thursday.    Financial Snapshot:   ",2025-07-17,-1,False,,share price,Low ESG relevance or finance-only context,2026-10-04
SIS,Security and Intelligence Services,"Tata Consultancy Services shares fall 0.56% in today's session; over 10.6 lakh shares traded Shares of Tata Consultancy Services were trading lower in Thursday's session, with the stock priced at Rs 3",2025-07-24,-2,False,,"stock price, trading volume",Low ESG relevance or finance-only context,2026-10-04
SIS,Security and Intelligence Services,"UltraTech Cement Shares Decline Amid High Trading Volume in Today's Session During today's trading session, shares of UltraTech Cement experienced a decline of 0.65 percent, with the current price at ",2025-06-03,-2,False,,"trading volume, nifty",Low ESG relevance or finance-only context,2026-10-04
SIS,Security and Intelligence Services,"Hindustan Unilever shares fall 0.54% in early trade Shares of Hindustan Unilever were trading lower in Friday's session, with the stock currently priced at Rs 2,424.70 on the NSE. The stock experience",2025-07-25,0,False,,,Low ESG relevance or finance-only context,2026-10-04
SIS,Security and Intelligence Services,"Tata Consultancy Services shares snap losing streak; stock among top gainers on Nifty 50 Tata Consultancy Services snaps its losing streak, emerging as one of the top gainers on Nifty 50 in Tuesday's ",2025-07-15,-1,False,,nifty,Low ESG relevance or finance-only context,2026-10-04
SIS,Security and Intelligence Services,"Experts bullish on these top 9 rate-sensitive stocks after RBI cuts repo rate, inflation forecast The Reserve Bank of India's (RBI's) monetary policy committee (MPC) on April 9 unanimously decided to ",2025-04-09,-5,False,environment,"stock price, target price, candlestick, resistance, support level, nifty",Low ESG relevance or finance-only context,2026-10-04
SIS,Security and Intelligence Services,"Sensex down nearly 700 pts, Nifty below 22,650; bank, IT stocks drag; mid-, small-cap indices fall over 1% Indian benchmark indexes Sensex and Nifty opened lower on February 24, tracking a global mark",2025-02-24,-2,False,green energy,"resistance, nifty, sensex",Low ESG relevance or finance-only context,2026-10-04
SIS,Security and Intelligence Services,"Hindustan Unilever shares gain 4.49%; hits day's high Hindustan Unilever shares were trading with a gain of 4.49% at Rs 2,546.80 in Thursday's session in the afternoon trading. The stock touched a day",2025-07-31,0,False,,,Low ESG relevance or finance-only context,2026-10-04
SIS,Security and Intelligence Services,"Bharti Airtel shares fall marginally today; over 7.5 lakh shares traded Shares of Bharti Airtel were trading flat in Wednesday's session, with the stock currently priced at Rs 1,931.30. The stock expe",2025-07-16,0,False,,,Low ESG relevance or finance-only context,2026-10-04
SIS,Security and Intelligence Services,"Trade Spotlight: How should you trade LIC, CDSL, SBI, Sun Pharma, Hindalco, Adani Green Energy, and others on April 22? The benchmark indices made a healthy start to the week, with the Nifty 50 rising",2025-04-22,-1,False,green energy,"resistance, nifty",Low ESG relevance or finance-only context,2026-10-04
SIS,Security and Intelligence Services,"Tata Steel Q1 results: PAT rises 116% to Rs 2,078 crore with safeguard duty support Metals firm Tata Steel reported a 116 percent year-on-year increase in its consolidated net profit in the April-June",2025-07-30,-1,False,,q1 results,Low ESG relevance or finance-only context,2026-10-04
SIS,Security and Intelligence Services,"Tata Consultancy Services shares trade flat after change in last 1 hour Tata Consultancy Services shares were trading at Rs 3,158.50, a marginal increase of 0.01% in Tuesday's session. According to re",2025-07-22,0,False,,,Low ESG relevance or finance-only context,2026-10-04
SIS,Security and Intelligence Services,"Hindustan Unilever shares fall 0.54% in today's session; over 3.5 lakh shares traded Shares of Hindustan Unilever were trading lower in Tuesday's session, with the stock currently priced at Rs 2,530, ",2025-08-05,0,False,,,Low ESG relevance or finance-only context,2026-10-04
SIS,Security and Intelligence Services,"Hindustan Unilever share price falls marginally in early trade Shares of Hindustan Unilever were trading at Rs 2,511.90 on the NSE, down 0.23% in Thursday's session. The stock price experienced a slig",2025-07-17,-3,False,,"share price, stock price, nifty",Low ESG relevance or finance-only context,2026-10-04
SIS,Security and Intelligence Services,Markets see wild swings amid trade war jitters; Harmonic patterns signal reversal in Nifty Auto index The storm is back — and it’s not for the faint-hearted.    Volatility surged to its highest level ,2025-04-14,-3,False,,"candlestick, support level, nifty",Low ESG relevance or finance-only context,2026-10-04
SIS,Security and Intelligence Services,"ITC shares gain in today's session; over 21.5 lakh shares traded Shares of ITC were trading at Rs 420.60 on the NSE, up 0.29% from the previous close, with over 21.5 lakh shares traded as of 10:20 am ",2025-07-15,-1,False,,trading volume,Low ESG relevance or finance-only context,2026-10-04
SIS,Security and Intelligence Services,"Bharti Airtel share price falls 0.27% in morning trade Shares of Bharti Airtel were trading at Rs 1,909.20 on Friday, a 0.27% decline from the previous close. Earlier in the session, the stock touched",2025-08-01,-2,False,,"share price, nifty",Low ESG relevance or finance-only context,2026-10-04
SIS,Security and Intelligence Services,"ITC share price falls marginally in today's session Shares of ITC slipped in Tuesday's trading session, trading at Rs 417.75 on the NSE, a 0.56% decline from the previous close, as of 12:40 pm. During",2025-07-22,-1,False,,share price,Low ESG relevance or finance-only context,2026-10-04
SIS,Security and Intelligence Services,"Sensex up 1,600 pts, Nifty above 22,900: Trump tariff relief among key factors behind market rally today Benchmark equity indices soared sharply on Friday, led by renewed optimism around a possible In",2025-04-11,-2,False,,"nifty, sensex",Low ESG relevance or finance-only context,2026-10-04
SIS,Security and Intelligence Services,"Bharti Airtel shares gain 1.48% in today's session Shares of Bharti Airtel were up 1.48% in Tuesday's session, with the stock trading at Rs 1,918.30. The stock has shown positive movement in the last ",2025-07-29,0,False,green energy,nifty,Low ESG relevance or finance-only context,2026-10-04
SIS,Security and Intelligence Services,"Bajaj Auto share price falls 2% in early trade Shares of Bajaj Auto declined by 2% in early trade. The stock is included in the Nifty 50 index. This decline reflects a bearish sentiment, with the stoc",2025-07-25,-2,False,,"share price, nifty",Low ESG relevance or finance-only context,2026-10-04
SIS,Security and Intelligence Services,"Reduce Indian Oil Corporation; target of Rs 122: Prabhudas Lilladher Prabhudas Lilladher's research report on Indian Oil Corporation  Indian Oil Corporation (IOCL) reported an EBITDA of Rs135.7bn, up ",2025-05-05,0,False,,,Low ESG relevance or finance-only context,2026-10-04
SIS,Security and Intelligence Services,"Adani Ports Q4 net profit jumps 48% to Rs 3,014 crore; revenue rises 23%, to pay Rs 7 dividend Adani Ports on Thursday reported a 48 percent jump in consolidated net profit at Rs 3,014 crore for March",2025-05-01,-1,False,,brokerage,Low ESG relevance or finance-only context,2026-10-04
SIS,Security and Intelligence Services,"Defence stocks extend losses to third day on profit-booking; GRSE, Cochin Shipyard, BDL fall up to 4% The shares of defence companies dropped in trade on July 14 as investors continued to book profits",2025-07-14,-2,False,,"share price, nifty",Low ESG relevance or finance-only context,2026-10-04
SIS,Security and Intelligence Services,"Bharti Airtel shares gain 0.79% in today's session; over 16.7 lakh shares traded Shares of Bharti Airtel were trading with a gain of 0.79% at Rs 1,933.50 on the NSE in Wednesday's session. The stock s",2025-07-30,-1,False,,trading volume,Low ESG relevance or finance-only context,2026-10-04
SIS,Security and Intelligence Services,"Titan shares rally 4% on Q4 beat; should you buy, sell, or hold? Jeweller and watchmaker Titan Company Ltd.'s shares rallied in trade on Friday, May 9, despite a muted market sentiment, as the Rekha J",2025-05-09,-2,False,,"target price, brokerage",Low ESG relevance or finance-only context,2026-10-04
SIS,Security and Intelligence Services,"Reliance Retail Q1 profit rises 28%, bets big on quick commerce and consumer brands Reliance Retail, the retail arm of Indian conglomerate Reliance Industries Ltd, said on Thursday it is expanding its",2025-07-18,0,False,,,Low ESG relevance or finance-only context,2026-10-04
SIS,Security and Intelligence Services,"Markets snap 3-day fall: Sensex up 450 points, Nifty above 24,800; value buying among key factors behind market rebound The benchmark indices rebounded strongly on Tuesday, snapping a three-session lo",2025-07-29,-3,False,,"resistance, nifty, sensex",Low ESG relevance or finance-only context,2026-10-04
SIS,Security and Intelligence Services,"Trade Spotlight: How should you trade Emami, Sarda Energy, SRF, Nestle India, InterGlobe Aviation, JSW Steel, and others on March 11? The market failed to sustain its morning rally and finished lower ",2025-03-11,-2,False,,"resistance, support level",Low ESG relevance or finance-only context,2026-10-04
SIS,Security and Intelligence Services,"Buy Axis Bank; target of Rs 1400: Emkay Global Financial Emkay Global Financial' research report on Axis Bank  We met Axis Bank’s ED Subrata Mohanty and CFO Puneet Sharma, to understand the business/p",2025-06-19,0,False,,,Low ESG relevance or finance-only context,2026-10-04
SIS,Security and Intelligence Services,"Tata Steel volume surges, share price edges up 0.22% in today's session Tata Steel's trading volume saw a significant surge during today's session, with the stock price increasing by 0.22% to Rs 157.7",2025-06-04,-4,False,,"share price, stock price, trading volume, nifty",Low ESG relevance or finance-only context,2026-10-04
SIS,Security and Intelligence Services,Tata Consultancy Services shares rise over 0.5% in Wednesday's session Shares of Tata Consultancy Services experienced a gain of 0.51% during Wednesday's trading session. This increase reflects a chan,2025-07-23,-1,False,,nifty,Low ESG relevance or finance-only context,2026-10-04
SIS,Security and Intelligence Services,Tata Steel's Q1 FY26 India Crude Steel Production at 5.26 Mn Tons; Deliveries Impacted by Maintenance   Tata Steel Limited has released its provisional production and delivery volumes for the first qu,2025-07-08,0,False,,,Low ESG relevance or finance-only context,2026-10-04
SIS,Security and Intelligence Services,"Bajaj Finance shares fall 5.31%, among top Nifty 50 losers in early trade Shares of Bajaj Finance declined by 5.31% to Rs 908.00 in early trade. The stock's movement reflects a sharp decline in the ea",2025-07-25,-1,False,,nifty,Low ESG relevance or finance-only context,2026-10-04
SIS,Security and Intelligence Services,"Shriram Finance shares experience high volume trading, decline by 1.23% During today's session, Shriram Finance shares experienced a decline of 1.23%, with the price reaching Rs 677.60. The trading vo",2025-06-12,-1,False,inclusion,"trading volume, nifty",Low ESG relevance or finance-only context,2026-10-04
SIS,Security and Intelligence Services,"Chartist Talks: These 2 stocks likely to generate significant alpha compared to broader markets Mahindra &amp;amp; Mahindra, and TVS Motor Company are likely to generate significant alpha compared to ",2025-07-20,-3,False,,"resistance, support level, nifty",Low ESG relevance or finance-only context,2026-10-04
SIS,Security and Intelligence Services,"Hindustan Unilever to announce quarterly results on July 31 The quarterly results for Hindustan Unilever are scheduled to be announced on July 31, according to an exchange filing.    Financial Perform",2025-07-29,-1,False,,nifty,Low ESG relevance or finance-only context,2026-10-04
SIS,Security and Intelligence Services,"Hindustan Unilever shares rise 0.13% in early trade Shares of Hindustan Unilever were trading higher in Monday's early session. At 09:20 am, the stock was priced at Rs 2,418.50 on the NSE, a 0.13% inc",2025-07-28,0,False,,,Low ESG relevance or finance-only context,2026-10-04
SIS,Security and Intelligence Services,"Tata Consultancy Services shares decline 1.03% in Monday's trading session Shares of Tata Consultancy Services (TCS) fell by 1.03% to Rs 3,103.40 in Monday's session. The stock's movement reflects a d",2025-07-28,0,False,,,Low ESG relevance or finance-only context,2026-10-04
SIS,Security and Intelligence Services,"HPCL, BPCL, IOC slip as Brent inches towards $77 amid escalating Iran-Israel war, ONGC shares rise The Iran-Israel conflict continued to worsen on June 19, weighing of India's oil marketing companies ",2025-06-19,0,False,,,Low ESG relevance or finance-only context,2026-10-04
SIS,Security and Intelligence Services,"Trade Spotlight: How should you trade Eternal, Cipla, Shyam Metalics, Torrent Pharma, Hubtown, Vimta Labs and others on July 28? The benchmark indices extended their downward move for the second conse",2025-07-27,-1,False,,resistance,Low ESG relevance or finance-only context,2026-10-04
SIS,Security and Intelligence Services,"Cipla shares gain in today's trading session Cipla shares rose in today's session, with the stock price reaching Rs 1,481.30, a 0.55% increase. This movement reflects ongoing activity in the pharmaceu",2025-06-04,-2,False,,"stock price, nifty",Low ESG relevance or finance-only context,2026-10-04
SIS,Security and Intelligence Services,"Chartist Talks: Bank Nifty on track to hit 60,000 milestone before Diwali, bullish on these 4 stocks, says SBI Securities' Sudeep Shah Sudeep Shah of SBI Securities believes Bank Nifty is well on trac",2025-06-29,-1,False,,nifty,Low ESG relevance or finance-only context,2026-10-04
SIS,Security and Intelligence Services,"Bajaj Finance, SBI Cards, other FinNifty shares rally up to 4% as RBI Guv says stress in unsecured loans, credit card segments has abated The shares of Bajaj Finance, SBI Cards and others non-banking ",2025-06-06,-2,False,,"share price, nifty",Low ESG relevance or finance-only context,2026-10-04
SIS,Security and Intelligence Services,"ITC shares fall moderately in today's session; over 13.8 lakh shares traded Shares of ITC were trading at Rs 420.90 on the NSE at 10:20 am, a marginal decline of 0.28% from the previous close. Over 13",2025-07-16,-1,False,,nifty,Low ESG relevance or finance-only context,2026-10-04
SIS,Security and Intelligence Services,"Trade Spotlight: How should you trade Bajaj Finserv, Muthoot Finance, SBI Card, UPL, Cholamandalam Investment, Redington, and others on February 14? Bulls seem to be getting no chance to take control ",2025-02-13,-3,False,environment,"candlestick, resistance, support level, trading volume",Low ESG relevance or finance-only context,2026-10-04
SIS,Security and Intelligence Services,"Cipla shares rise 2.09% in Monday's trading session Shares of Cipla gained 2.09% to trade at Rs 1,564.60 in Monday's session. The stock's performance is being closely watched by investors. The pharmac",2025-07-28,-1,False,,nifty,Low ESG relevance or finance-only context,2026-10-04
SIS,Security and Intelligence Services,"Chartist talk: SBI Securities' Sudeep Shah sees rally continuing in these 5 stocks next week With no clear positive cues on the domestic or global front, the market appears vulnerable to further conso",2025-07-27,-3,False,sustainable,"intraday, candlestick, resistance, nifty",Low ESG relevance or finance-only context,2026-10-04
SIS,Security and Intelligence Services,Shriram Finance shares extend losses to fall 14% in two sessions as Q4FY25 misses estimates Shares of leading vehicle finance player Shriram Finance tumbled over 8 percent on April 28 after the after ,2025-04-28,-2,False,,"target price, brokerage",Low ESG relevance or finance-only context,2026-10-04
SIS,Security and Intelligence Services,"Q4 results: Tata Steel profit jumps on cost declines, higher volumes, but pricing hurts topline Tata Steel on May 10 reported a 117 percent jump in its consolidated profit at Rs 1,200.88 crore in the ",2025-05-12,0,False,"carbon, environment","resistance, q4 results",Low ESG relevance or finance-only context,2026-10-04
SIS,Security and Intelligence Services,"Trent Q4 net profit declines 46% to Rs 350 cr, revenue up 29% Trent Ltd on Tuesday reported a decline in standalone net profit to Rs 350 crore for the fourth quarter ended March 2025, beating estimate",2025-04-29,-1,False,,brokerage,Low ESG relevance or finance-only context,2026-10-04
SIS,Security and Intelligence Services,"State Bank of India shares gain over 1%; stock among top gainers on Nifty 50 State Bank of India shares were trading higher at Rs 826.05, a gain of over a percent in Wednesday's session, making it amo",2025-07-16,-1,False,,nifty,Low ESG relevance or finance-only context,2026-10-04
SIS,Security and Intelligence Services,"Bharti Airtel shares among top gainers on Nifty 50; rise 0.43% Shares of Bharti Airtel were trading higher at Rs 1,944.40, a gain of 0.43% in Friday's session. The stock was identified among the top g",2025-07-25,-1,False,,nifty,Low ESG relevance or finance-only context,2026-10-04
SIS,Security and Intelligence Services,"Trade Spotlight: How should you trade Oracle Financial, Praj Industries, Bank of India, Trent, NMDC, Zensar Technologies and others on June 10? Bulls maintained their control over Dalal Street, drivin",2025-06-10,-3,False,,"candlestick, resistance, nifty",Low ESG relevance or finance-only context,2026-10-04
SIS,Security and Intelligence Services,"Tech Mahindra Announces Special Window for Physical Share Transfers Tech Mahindra Limited has announced a special window for re-lodgement of transfer requests of physical shares, as per a notification",2025-08-05,0,False,,,Low ESG relevance or finance-only context,2026-10-04
SIS,Security and Intelligence Services,"Trade Spotlight: How should you trade Hindalco, InterGlobe Aviation, Kotak Mahindra Bank, PFC, Crompton Greaves Consumer, and others on March 6? The benchmark indices decisively managed to snap a 10-d",2025-03-05,-1,False,,nifty,Low ESG relevance or finance-only context,2026-10-04
SIS,Security and Intelligence Services,"Tech Mahindra, Infosys, other IT stocks tumble on concerns over US' fiscal deficit The shares of IT companies tumbled on May 22, tracking Wall Street peers over concerns of possible widening of US' fe",2025-05-22,-2,False,,"nifty, sensex",Low ESG relevance or finance-only context,2026-10-04
SIS,Security and Intelligence Services,"Sensex drops 850 pts, Nifty below 22,600, hits 8-month low on US growth concerns; Nifty IT sinks nearly 3% Sensex and Nifty extended their losing streak to a fifth straight session, plunging to an eig",2025-02-24,-4,False,green energy,"target price, intraday, resistance, nifty, sensex",Low ESG relevance or finance-only context,2026-10-04
SIS,Security and Intelligence Services,"UltraTech Cement Shares Climb 2% Amid Bullish Market Sentiment During today's trading session, UltraTech Cement shares experienced a notable increase of 2%, reaching Rs 11968.00. This price appreciati",2025-06-26,-1,False,,nifty,Low ESG relevance or finance-only context,2026-10-04
SIS,Security and Intelligence Services,"Nifty gives up 23,000, Sensex crashes 700 points as Trump's tariff shock hits Dalal Street; broader markets bleed 3% Benchmark indices Nifty 50 and Sensex opened with losses during the morning deals o",2025-04-04,-3,False,,"brokerage, nifty, sensex",Low ESG relevance or finance-only context,2026-10-04
SIS,Security and Intelligence Services,Adani Group stocks trade mixed after US SEC seeks India's help in fraud probe; Adani Green down 2% Shares of Adani Group companies traded mixed on Wednesday after a Reuters news report stated that the,2025-02-19,0,False,green energy,nifty,Low ESG relevance or finance-only context,2026-10-04
SIS,Security and Intelligence Services,"SBI Q4 results: Net profit falls 10%  to Rs 18,643 crore, declares dividend of Rs 15.90 per share The country’s largest lender, State Bank of India Ltd. (SBI), on May 3, announced a 10 % fall in stand",2025-05-03,-1,False,,q4 results,Low ESG relevance or finance-only context,2026-10-04
SIS,Security and Intelligence Services,"Bajaj Finserv Q1 net profit jumps 30% on-year to Rs 2,789 crore Bajaj Finserv reported a 30.5 percent jump in it's June quarter net profit to Rs 2,789 crore. The same was reported at Rs 2,138 crore in",2025-07-25,0,False,,,Low ESG relevance or finance-only context,2026-10-04
SIS,Security and Intelligence Services,"ITC shares: Quarterly results announcement expected on August 1 As the market opens today, investors are tracking ITC shares closely as the announcement of quarterly results is expected on August 1. I",2025-07-29,-1,False,,nifty,Low ESG relevance or finance-only context,2026-10-04
SIS,Security and Intelligence Services,"Trade Spotlight: How should you trade HDFC Life Insurance, Hindalco, M&M, Swiggy, Nykaa, Indian Oil Corporation and others on July 23? The benchmark indices fell by one-tenth of a percent on July 22, ",2025-07-22,-3,False,sustainable,"candlestick, resistance, support level, nifty",Low ESG relevance or finance-only context,2026-10-04
SIS,Security and Intelligence Services,"Tech Mahindra shares rise by 2.1% in today's session Tech Mahindra's stock experienced a rise of 2.1% to reach Rs 1644.80 in today's session, driven by positive investor sentiment. This increase marks",2025-06-11,-2,False,,"stock price, nifty",Low ESG relevance or finance-only context,2026-10-04
SIS,Security and Intelligence Services,Titan shares gain as firm announces acquisition of majority 67% stake in UAE-based Damas Jewellery Titan shares gained in July 22 trading session as the country's leading branded jewellery maker compa,2025-07-22,0,False,,,Low ESG relevance or finance-only context,2026-10-04
SIS,Security and Intelligence Services,"Bajaj Auto to invest Rs 1,364 crore in Netherlands-based arm Bajaj Auto on February 21 said it will invest 150 million euros (Rs 1,364 crore) in its wholly-owned subsidiary Bajaj Auto International Ho",2025-02-21,0,False,,,Low ESG relevance or finance-only context,2026-10-04
SIS,Security and Intelligence Services,"UltraTech Cement shares hit all-time high in early trade Shares of UltraTech Cement reached an all-time high of Rs 12,591.00 on the NSE in early trading with a marginal rise from the previous close. A",2025-07-10,0,False,,,Low ESG relevance or finance-only context,2026-10-04
SIS,Security and Intelligence Services,"Tata Consultancy Services shares fall 0.47% in today's session; over 3.3 lakh shares traded Shares of Tata Consultancy Services were trading at Rs 3,022.40 on the NSE, a decrease of 0.47% from the pre",2025-08-01,-1,False,,trading volume,Low ESG relevance or finance-only context,2026-10-04
SIS,Security and Intelligence Services,"Trade Spotlight: How should you trade Infosys, BHEL, Info Edge, Birlasoft, Cyient, APL Apollo Tubes, Tata Technologies, and others on May 13? The benchmark indices made a strong start to the week, wit",2025-05-12,-4,False,,"candlestick, resistance, support level, nifty",Low ESG relevance or finance-only context,2026-10-04
SIS,Security and Intelligence Services,"Trade Spotlight: How should you trade Kotak Mahindra Bank, Bajaj Finance, GMR Airports, Chambal Fertilizers, PNB Housing, and others on April 8? The benchmark indices nosedived sharply and closed with",2025-04-08,-2,False,,"support level, nifty",Low ESG relevance or finance-only context,2026-10-04
SIS,Security and Intelligence Services,IT stocks drop up to 1.5% ahead of TCS Q1 results tomorrow The shares of IT companies declined in trade on July 9 as investors actively awaited the release of the first set to Q1 FY26 results from the,2025-07-09,-2,False,environment,"share price, q1 results, nifty",Low ESG relevance or finance-only context,2026-10-04
SIS,Security and Intelligence Services,"Bank Nifty plunges 550 pts from day's high; AU SFB, Kotak Mahindra Bank among top losers: What lies ahead? Bank Nifty index fell 574 points from day's high on May 14 and was trading in mild red. This ",2025-05-14,-1,False,penalty,"resistance, nifty",Low ESG relevance or finance-only context,2026-10-04
SIS,Security and Intelligence Services,Adani Ports and Special Economic Zone shares fall about 2% amid high traded volume today Shares of Adani Ports and Special Economic Zone experienced a decline during today's trading session. The stock,2025-06-03,-2,False,,"trading volume, nifty",Low ESG relevance or finance-only context,2026-10-04
SIS,Security and Intelligence Services,"Sensex declines 200 pts, Nifty below 24,600: RBI monetary policy among key factors behind market decline The benchmark indices Sensex and Nifty erased early gains to trade lower on Wednesday, dragged ",2025-08-06,-2,False,labor,"intraday, nifty, sensex",Low ESG relevance or finance-only context,2026-10-04
SIS,Security and Intelligence Services,"Sensex soars 1,000 pts, Nifty near 25,300: Trump claiming Israel-Iran truce among key factors behind market rally The benchmark equity indices bounced back on Tuesday on hopes of a possible de-escalat",2025-06-24,-2,False,,"nifty, sensex",Low ESG relevance or finance-only context,2026-10-04
SIS,Security and Intelligence Services,"Trade Spotlight: How should you trade Divis Labs, APL Apollo Tubes, UPL, GMR Airports, Jubilant Pharmova, Ceat and others on April 25? The equity benchmark indices closed in the red for the first time",2025-04-24,-3,False,labor,"candlestick, resistance, trading volume, nifty",Low ESG relevance or finance-only context,2026-10-04
SIS,Security and Intelligence Services,"Infosys, TechM, others up 2% as US Fed chief Powell's testimony spurs rate cut bets Shares of IT companies were higher on June 25 as market participants saw US Federal Reserve Chair Jerome Powell's te",2025-06-25,-1,False,labor,"share price, nifty",Low ESG relevance or finance-only context,2026-10-04
SIS,Security and Intelligence Services,"Investors cheer Trump's tariff pause: These are the top gaining spaces Benchmark Indian indices surged on April 11, with Sensex rising over 1,300 points and Nifty 50 up nearly 2 percent following a re",2025-04-11,-1,False,labor,"nifty, sensex",Low ESG relevance or finance-only context,2026-10-04
SIS,Security and Intelligence Services,"Sensex falls 500 pts, Nifty below 24,100: Escalating Indo-Pak tensions among key factors to spook markets Sensex and Nifty extended losses for second day on Friday to fall 0.8 percent, dragged down by",2025-04-25,-2,False,water,"intraday, nifty, sensex",Low ESG relevance or finance-only context,2026-10-04
SIS,Security and Intelligence Services,Hindustan Unilever Q1 Preview: Profit likely to remain flat as margins may see sharp contraction One of India’s largest consumer staples firm Hindustan Unilever Ltd. is set to report its earnings for ,2025-07-29,-1,False,,brokerage,Low ESG relevance or finance-only context,2026-10-04
SIS,Security and Intelligence Services,"UltraTech Cement Q1 preview: Net profit, revenue seen rising on volume growth, pricing uptick Cement major UltraTech is likely to post a strong performance in Q1FY26, driven by volume growth, improved",2025-07-18,-1,False,,brokerage,Low ESG relevance or finance-only context,2026-10-04
SIS,Security and Intelligence Services,"Coforge, HCL Tech, other IT names rise up to 3% on hopes of early Fed rate cut, Nasdaq rally The Nifty IT index is higher on June 27, tracking Wall Street peers on rising hopes of a US Fed rate cut so",2025-06-27,-1,False,,nifty,Low ESG relevance or finance-only context,2026-10-04
SIS,Security and Intelligence Services,"Tata Steel Shares Fall More Than 2% During Today's Trading Session During today's trading session, Tata Steel shares fell more than 2%. The stock is currently trading at Rs 154.75, reflecting a decrea",2025-06-06,-1,False,,nifty,Low ESG relevance or finance-only context,2026-10-04
SIS,Security and Intelligence Services,"Chartist Talks: SBI Securities' Sudeep Shah bets on these 6 stocks, believes momentum strong in Bank Nifty Sudeep Shah of SBI Securities believes the momentum in Bank Nifty remains strong, particularl",2025-06-22,-1,False,"sustainability, sustainable","intraday, resistance, nifty",Low ESG relevance or finance-only context,2026-10-04
SIS,Security and Intelligence Services,"Chartist Talks: SBI Securities' Sudeep Shah shares Nifty, Bank Nifty outlook, FIIs positioning, 2 stock picks for next week According to Sudeep Shah of SBI Securities, technical structure indicates th",2025-04-27,-1,False,sustainable,"support level, nifty",Low ESG relevance or finance-only context,2026-10-04
SIS,Security and Intelligence Services,"Bajaj Finance shares sink 6% as MSME stress, credit costs weigh; should you buy, sell, or hold shares? Bajaj Group's Bajaj Finance shares sank six percent in trade on Friday, July 25, after India's le",2025-07-25,-2,False,,"target price, brokerage",Low ESG relevance or finance-only context,2026-10-04
SIS,Security and Intelligence Services,"NTPC Shares Fall Today Amid High Volume Trading During today's trading session, NTPC experienced high trading volumes while its share price moved by -0.34%. The stock is currently trading at Rs 332.75",2025-06-02,-3,False,,"share price, trading volume, nifty",Low ESG relevance or finance-only context,2026-10-04
SIS,Security and Intelligence Services,"Trent's Q3 earnings fails to impress despite leading industry, brokerages slash targets Zudio and Westside operator Trent Ltd.'s earnings show for the quarter ended December 31, 2024, failed to impres",2025-02-07,-4,False,,"share price, target price, brokerage, intraday",Low ESG relevance or finance-only context,2026-10-04
SIS,Security and Intelligence Services,"Trade Spotlight: How should you trade Apollo Tyres, GRM Overseas, ACC, Avanti Feeds, Can Fin Homes, and others on March 10? The benchmark indices closed flat after rangebound trading on March 7, while",2025-03-09,-4,False,,"candlestick, resistance, support level, trading volume",Low ESG relevance or finance-only context,2026-10-04
SIS,Security and Intelligence Services,"Sensex falls over 600 pts, Nifty below 24,700: Trump's tariffs on India among key factors behind market decline The benchmark equity indices declined sharply on Thursday as investor sentiment weakened",2025-07-31,-1,False,penalty,"nifty, sensex",Low ESG relevance or finance-only context,2026-10-04
SIS,Security and Intelligence Services,"Tata Consultancy Services shares gain 0.26% in early trade Tata Consultancy Services shares are trading at Rs 3,241.40, up 0.26% in Thursday's early session. The stock is showing marginal positive mov",2025-07-17,-1,False,,nifty,Low ESG relevance or finance-only context,2026-10-04
SIS,Security and Intelligence Services,"Trade Spotlight: How should you trade PB Fintech, Persistent Systems, Zensar Technologies, SBI Life Insurance, Supreme Industries, and others on June 18? The benchmark indices closed lower after a day",2025-06-18,-2,False,sustainable,"candlestick, support level, nifty",Low ESG relevance or finance-only context,2026-10-04
SIS,Security and Intelligence Services,"Metal, realty stocks tumble up to 3% as US Fed's hawkish stance weighs in The shares of metal and real estate companies tumbled on June 19, as no rate cuts from the US Federal Reserve sent jitters to ",2025-06-19,-2,False,,"share price, nifty",Low ESG relevance or finance-only context,2026-10-04
SIS,Security and Intelligence Services,"Check these top 4 stocks turning bullish on charts As market volatility rattles investor sentiment, with geopolitical tremors from the Pulwama attack to tariff tensions dominating headlines, discernin",2025-04-27,0,False,governance,nifty,Low ESG relevance or finance-only context,2026-10-04
SIS,Security and Intelligence Services,"Sensex soars 1,000 pts, Nifty erases all losses for 2025; surging bank shares, other key factors behind market rally Equity benchmark indices Sensex and Nifty surged for the sixth straight session on ",2025-03-24,-4,False,,"intraday, resistance, nifty, sensex",Low ESG relevance or finance-only context,2026-10-04
SIS,Security and Intelligence Services,Buy Trent; target of Rs 6609: Sharekhan Sharekhan's research report on Trent  Trent’s Q4FY25 performance was beat our expectation on all fronts with standalone revenue/adjusted PAT rising 29%/21% y-o-,2025-05-16,0,False,,,Low ESG relevance or finance-only context,2026-10-04
SIS,Security and Intelligence Services,Tata Consultancy Services shares decline 1.17%; stock among top losers on Nifty 50 Shares of Tata Consultancy Services were among the top losers on the Nifty 50 in Monday's trading session. At 10:10 a,2025-07-28,-1,False,,nifty,Low ESG relevance or finance-only context,2026-10-04
SIS,Security and Intelligence Services,"Bharat Electronics shares decline amid high volume trading     Bharat Electronics shares declined by 0.59% to Rs 418.40 during today's session, accompanied by high trading volumes. The movement has dr",2025-06-24,-3,False,,"intraday, trading volume, nifty",Low ESG relevance or finance-only context,2026-10-04
SIS,Security and Intelligence Services,"Sensex soars 1,000 pts, Nifty tops 25,500: Positive global cues among key factors behind market rally The benchmark equity indices extended their gains for the third consecutive session on Thursday, w",2025-06-26,-2,False,,"nifty, sensex",Low ESG relevance or finance-only context,2026-10-04
SIS,Security and Intelligence Services,"Hindustan Aeronautics share price falls 2.03% Shares of Hindustan Aeronautics declined by 2.03 percent to Rs 4,692.10 on Friday. At 11:02 am, the stock experienced this movement and is part of the NIF",2025-07-18,-2,False,,"share price, nifty",Low ESG relevance or finance-only context,2026-10-04
SIS,Security and Intelligence Services,"Taking Stock: Market snaps 4-day gain; Nifty manages to close above 25,500 Indian equity indices started the week on a weak footing as the benchmarks snapped a four-day gaining streak, dragging Nifty ",2025-06-30,-6,False,,"intraday, candlestick, resistance, support level, nifty, sensex",Low ESG relevance or finance-only context,2026-10-04
SIS,Security and Intelligence Services,"Trade Spotlight: How should you trade NTPC, Hindalco, Camlin Fine Sciences, NMDC, Shriram Finance, Tata Steel, and others on February 24? The benchmark indices extended their southward journey for the",2025-02-24,-2,False,,"resistance, support level",Low ESG relevance or finance-only context,2026-10-04
SIS,Security and Intelligence Services,"Tata Elxsi shares rise 2.06% in morning trade, among top gainers on Nifty Midcap 150 Tata Elxsi shares gained 2.06% to trade at Rs 6,191 at 10:28 am. The stock's performance places it among the top ga",2025-07-14,0,False,labor,nifty,Low ESG relevance or finance-only context,2026-10-04
SIS,Security and Intelligence Services,"Lifestyle diseases striking younger in India warns Apollo Hospitals new report India is grappling with a significant and worsening health crisis driven by non-communicable diseases (NCDs), with condit",2025-04-07,0,False,,,Low ESG relevance or finance-only context,2026-10-04
SIS,Security and Intelligence Services,"Buy Tarsons Products; target of Rs 453: LKP Research LKP Research's research report on Tarsons Products  Tarsons Products Limited (TPL) reported consolidated revenue of ₹1.1 bn for Q4FY25, marking a 7",2025-06-02,-1,False,,target price,Low ESG relevance or finance-only context,2026-10-04
SIS,Security and Intelligence Services,"Trade Spotlight: How should you trade Voltas, Sonata Software, Piramal Enterprises, Tata Motors, Redington, Coromandel, Eternal and others on July 15? Indian equity benchmarks fell a third of a percen",2025-07-14,-3,False,,"candlestick, resistance, nifty",Low ESG relevance or finance-only context,2026-10-04
SIS,Security and Intelligence Services,India crossed coal production target of 1 billion tonnes in a year for the first time ever India has crossed the coal production target of 1 billion tonnes (BT) for the first time ever in the fiscal y,2025-07-28,0,False,,,Low ESG relevance or finance-only context,2026-10-04
SIS,Security and Intelligence Services,"Trade Spotlight: How should you trade Dabur India, Indian Oil, Jubilant Foodworks, L&T Finance, Can Fin Homes, JK Lakshmi Cement, and others on July 8? The equity benchmarks finished flat after a lack",2025-07-08,-2,False,,"candlestick, resistance",Low ESG relevance or finance-only context,2026-10-04
SIS,Security and Intelligence Services,"Tata Consultancy Services shares fall 0.61% in today's session; over 5.9 lakh shares traded Tata Consultancy Services shares were trading at Rs 3,232.60 on the NSE, a decline of 0.61% from the previou",2025-07-16,0,False,,,Low ESG relevance or finance-only context,2026-10-04
SIS,Security and Intelligence Services,"Sensex settles 600 pts lower, Nifty below 24,600: Trump's tariffs among key factors behind market fall Benchmark equity indices fell to their lowest levels in about two months on Friday, dragged down ",2025-08-01,-4,False,,"intraday, resistance, nifty, sensex",Low ESG relevance or finance-only context,2026-10-04
SIS,Security and Intelligence Services,"Tata Consultancy Services shares fall marginally in today's session; over 16.1 lakh shares traded Shares of Tata Consultancy Services were trading at Rs 3,165.50 on the NSE, a marginal decline of 0.76",2025-07-21,-1,False,,trading volume,Low ESG relevance or finance-only context,2026-10-04
SIS,Security and Intelligence Services,"FMCG shares fall as Colgate Palmolive declines 4% post-Q1 results; Tata Consumer top Nifty loser ahead of earnings The shares of FMCG companies dropped in trade on July 23, with Colgate Palmolive lead",2025-07-23,-2,False,,"q1 results, nifty",Low ESG relevance or finance-only context,2026-10-04
SIS,Security and Intelligence Services,"Coal India Shares Fall Over 1.2% Amid High Trading Volume in Today's Session During today's session, Coal India shares witnessed a decline of 1.25 percent to Rs 394.70. This movement was accompanied b",2025-06-03,-2,False,,"trading volume, nifty",Low ESG relevance or finance-only context,2026-10-04
SIS,Security and Intelligence Services,"Trade Spotlight: How should you trade Global Health, NTPC, Radico Khaitan, Jindal Steel, CG Power, NMDC, and others on March 7? The benchmark indices gained nearly 1 percent, extending the uptrend for",2025-03-07,-5,False,,"target price, candlestick, resistance, support level, trading volume",Low ESG relevance or finance-only context,2026-10-04
SIS,Security and Intelligence Services,"ICICI Bank shares hit all-time high of Rs 1,500 on NSE Shares of ICICI Bank reached an all-time high of Rs 1,500 on the NSE in early trade. At 9:15 am, the stock was trading at Rs 1,483.40.    The con",2025-07-25,0,False,,,Low ESG relevance or finance-only context,2026-10-04
SIS,Security and Intelligence Services,"Trade Spotlight: How should you trade TVS Motor, BSE, Aditya Birla Capital, Cholamandalam Financial, Delhivery, Eternal and others on August 8? Equity benchmark indices recouped all losses and turned ",2025-08-08,-3,False,sustainability,"candlestick, resistance, support level, nifty",Low ESG relevance or finance-only context,2026-10-04
SIS,Security and Intelligence Services,"Eternal Q1: Blinkit revenue jumps 155% YoY to Rs 2,400 crore as user base, orders surge Blinkit, the quick commerce arm of Eternal (formerly Zomato), posted a 155 percent on-year jump in revenue at Rs",2025-07-21,0,False,,,Low ESG relevance or finance-only context,2026-10-04
SIS,Security and Intelligence Services,"Bharat Heavy Electricals shares rise 2.01% in Wednesday's trading session Bharat Heavy Electricals' stock is currently trading at Rs 263.30, marking a 2.01% increase in Wednesday's trading session. Th",2025-07-09,-1,False,,nifty,Low ESG relevance or finance-only context,2026-10-04
SIS,Security and Intelligence Services,"Ambuja Cements Q4 results: Net profit falls 9% to Rs 956 crore, sluggish prices hurt margins Adani Group-owned Ambuja Cements on April 29 reported consolidated net profit of Rs 956 crore for the quart",2025-04-29,-1,False,,q4 results,Low ESG relevance or finance-only context,2026-10-04
SIS,Security and Intelligence Services,"Larsen & Toubro shares fall 0.36% in early trade Shares of Larsen &amp;amp; Toubro were trading lower in Friday's session. At 09:20 am, the stock was priced at Rs 3,465, a decline of 0.36% from the pr",2025-07-25,-1,False,,nifty,Low ESG relevance or finance-only context,2026-10-04
SIS,Security and Intelligence Services,"TCS to roll out wage hikes after announcing plans to cut 12,000 jobs. Check details Tata Consultancy Services, India’s largest IT services firm, on August 6 announced wage hike for its staff starting ",2025-08-07,0,False,,,Low ESG relevance or finance-only context,2026-10-04
SIS,Security and Intelligence Services,"Larsen & Toubro shares trade flat; touch day's high of Rs 3,662.90 Shares of Larsen &amp;amp; Toubro were trading flat in Thursday's session, with the stock currently priced near the day's high of Rs ",2025-07-31,0,False,,,Low ESG relevance or finance-only context,2026-10-04
SIS,Security and Intelligence Services,"Cautious market sentiment persists: SBI Securities’ Sudeep Shah on FII moves for coming week, bullish on 5 stocks According to Sudeep Shah of SBI Securities, FIIs continue to adopt a cautious stance a",2025-04-13,0,False,"sustainable, safety","candlestick, nifty",Low ESG relevance or finance-only context,2026-10-04
SIS,Security and Intelligence Services,"Mahindra and Mahindra Shares Gain Nearly 2% Today Amid High Volume Trading During today's session, Mahindra and Mahindra shares witnessed a surge in trading volume, accompanied by a price increase of ",2025-06-02,-2,False,,"trading volume, nifty",Low ESG relevance or finance-only context,2026-10-04
SIS,Security and Intelligence Services,"Bajaj Holdings Shares Tumble 2.50% in Today's Session During today's trading session, Bajaj Holdings  shares experienced a notable downturn, falling by 2.50% to Rs 13732.00. This decline reflects a sh",2025-06-16,-1,False,,nifty,Low ESG relevance or finance-only context,2026-10-04
SIS,Security and Intelligence Services,"Infosys shares fall marginally in early trade Shares of Infosys were trading at Rs 1,511.10 on Wednesday, down 0.17% in early trade. The stock price experienced this change compared to its previous cl",2025-07-30,-1,False,,stock price,Low ESG relevance or finance-only context,2026-10-04
SIS,Security and Intelligence Services,"Infosys share price gains over 1% in intraday trade; Q1 earnings awaited Infosys shares saw a positive movement in Wednesday's session, with the stock price increasing by 1%. This increase reflects a ",2025-07-23,-2,False,labor,"share price, stock price, intraday",Low ESG relevance or finance-only context,2026-10-04
SIS,Security and Intelligence Services,"Larsen & Toubro shares decline marginally in today's session; over 1.6 lakh shares traded Shares of Larsen &amp;amp; Toubro were trading at Rs 3,644 on the NSE at 10:20 am, a marginal decline of 0.24%",2025-08-06,-1,False,,trading volume,Low ESG relevance or finance-only context,2026-10-04
SIS,Security and Intelligence Services,Banks fear potential hit on margins amid chance of more RBI rate cuts in FY26 Bankers are assessing the potential impact of further rate cuts by the Reserve Bank of India during the rest of the year o,2025-04-21,0,False,,,Low ESG relevance or finance-only context,2026-10-04
SIS,Security and Intelligence Services,"Larsen & Toubro shares gain 1.19% in today's session Shares of Larsen &amp;amp; Toubro were up 1.19% in Monday's session, with the stock currently trading at Rs 3,506. The stock showed positive moveme",2025-07-21,-1,False,,nifty,Low ESG relevance or finance-only context,2026-10-04
SIS,Security and Intelligence Services,"Adani Green Energy Limited Shares Experience Volume Surge, Climb 2.75% Adani Green Energy Limited's stock saw a notable increase during today's trading session, climbing 2.75% to reach Rs 994.50. This",2025-05-16,-1,False,green energy,"trading volume, nifty",Low ESG relevance or finance-only context,2026-10-04
SIS,Security and Intelligence Services,"IndusInd Bank to consider raising funds in upcoming board meeting IndusInd Bank on Friday, in a regulatory filing, said that it will consider a proposal to raise funds by issuing long-term bonds at it",2025-07-18,0,False,,,Low ESG relevance or finance-only context,2026-10-04
SIS,Security and Intelligence Services,"Trent, BEL shares rally on inclusion in 30-pack Sensex; Nestle, IndusInd Bank deleted Shares of retail giant Trent Ltd. and PSU firm Bharat Electronics Ltd. (BEL) surged in trade on Friday, May 23, af",2025-05-23,-1,False,inclusion,"stock price, sensex",Low ESG relevance or finance-only context,2026-10-04
SIS,Security and Intelligence Services,"Hindustan Unilever share price falls 0.56% in early trade Shares of Hindustan Unilever were trading lower in Thursday's session, with the stock currently priced at Rs 2,521.40 on the NSE, a decline of",2025-08-07,-1,False,,share price,Low ESG relevance or finance-only context,2026-10-04
SIS,Security and Intelligence Services,"Adani Power Shares Fall by 2.8% in Today's Trading In today's trading session, Adani Power shares declined by as much as 2.8% intraday, reaching a the day's low price of Rs 536. This movement indicate",2025-06-19,-2,False,,"intraday, nifty",Low ESG relevance or finance-only context,2026-10-04
SIS,Security and Intelligence Services,"Adani Power share price falls 2.04% in morning trade Shares of Adani Power declined by 2.04% to trade at Rs 555.85 in Thursday's session. The stock price movement was recorded at 10:01 am, with the de",2025-08-07,-3,False,,"share price, stock price, nifty",Low ESG relevance or finance-only context,2026-10-04
SIS,Security and Intelligence Services,"Sensex down 800 pts, Nifty below 23,150; broader market falls up to 3% Sensex and Nifty extended early losses on February 11, dropping over half a percent by noon as global uncertainties and weak dome",2025-02-11,-5,False,,"candlestick, resistance, support level, nifty, sensex",Low ESG relevance or finance-only context,2026-10-04
SIS,Security and Intelligence Services,"Grasim Q1 net loss widens to Rs 118 crore, revenue up 34 percent at Rs 9,223 crore Aditya Birla Group-owned Grasim Industries saw its net loss widen to Rs 118 crore on a standalone basis for the June ",2025-08-08,0,False,,,Low ESG relevance or finance-only context,2026-10-04
SIS,Security and Intelligence Services,"IndusInd Bank Q1 results: Standalone net profit falls 68% to Rs 684 crore, but beats estimates Private lender IndusInd Bank on July 28 reported 68 percent decline in standalone net profit at Rs 684 cr",2025-07-28,-1,False,,q1 results,Low ESG relevance or finance-only context,2026-10-04
SIS,Security and Intelligence Services,"Larsen & Toubro shares fall 1.09% in today's session; stock among top losers on Nifty 50 Shares of Larsen &amp;amp; Toubro declined by 1.09% to settle at Rs 3,464.60 on Tuesday, with the stock featuri",2025-07-22,-1,False,,nifty,Low ESG relevance or finance-only context,2026-10-04
SIS,Security and Intelligence Services,Buy Kotak Mahindra Bank; target of Rs 2500: Sharekhan Sharekhan's research report on Kotak Mahindra Bank  Core PPoP was weak (up just ~2% y-o-y) besides higher provisions on investment book led to wea,2025-05-06,0,False,,,Low ESG relevance or finance-only context,2026-10-04
SIS,Security and Intelligence Services,"Infosys share price falls 1% in morning trade Infosys shares declined by 1% to Rs 1,422.50 in early trade on Friday. The stock's movement reflected a bearish sentiment, as per Moneycontrol analysis.  ",2025-08-08,-1,False,,share price,Low ESG relevance or finance-only context,2026-10-04
SIS,Security and Intelligence Services,"Trade Spotlight: How should you trade Bank of Baroda, BLS International, Godawari Power, ICICI Prudential, BHEL, DMart and others on August 6? Equity benchmarks corrected after a day of rally, with th",2025-08-06,-3,False,,"resistance, support level, nifty",Low ESG relevance or finance-only context,2026-10-04
SIS,Security and Intelligence Services,"Eternal shares decline 2.49% amid volume surge; stock among top losers on Nifty 50 Shares of Eternal experienced a decline of 2.49%, trading at Rs 291.40 on Thursday. The stock is among the top losers",2025-08-07,-2,False,,"trading volume, nifty",Low ESG relevance or finance-only context,2026-10-04
SIS,Security and Intelligence Services,"Maruti Suzuki Q4 Results: Net profit falls 4.3% on-year to Rs 3,711 crore; firm declares Rs 135 per share dividend Maruti Suzuki India Ltd's Q4 FY25 standalone net profit fell 4.3 percent year-on-year",2025-04-25,-2,False,,"brokerage, q4 results",Low ESG relevance or finance-only context,2026-10-04
SIS,Security and Intelligence Services,"Bharti Airtel share price falls 2.86% in early trade; stock among top losers on Nifty 50 Shares of Bharti Airtel declined 2.86% to Rs 1,867.60 in Friday's early trading session and were among the top ",2025-08-08,-2,False,,"share price, nifty",Low ESG relevance or finance-only context,2026-10-04
SIS,Security and Intelligence Services,"Eternal, Swiggy together add over Rs 30,000 crore in market cap this week amid headwinds at Zepto Food and grocery delivery companies Eternal (formerly Zomato) and Swiggy together added a whopping Rs ",2025-06-06,-2,False,,"share price, brokerage",Low ESG relevance or finance-only context,2026-10-04
SIS,Security and Intelligence Services,"Trade Spotlight: How should you trade Dr Reddys Labs, BSE, Oil India, IDFC First Bank, Voltas, Pidilite Industries, and others on July 4? The benchmark indices remained under pressure amid rangebound ",2025-07-03,-1,False,labor,"resistance, trading volume",Low ESG relevance or finance-only context,2026-10-04
SIS,Security and Intelligence Services,"Infosys share price declines marginally in intraday trade Shares of Infosys were trading at Rs 1,464.50, a decline of 0.35% in Monday's session. Earlier in the trading session, the stock touched a day",2025-08-04,-3,False,,"share price, intraday, nifty",Low ESG relevance or finance-only context,2026-10-04
SIS,Security and Intelligence Services,"In-demand ULIPs drive topline, but insurers cautious to limit over-exposure After losing steam due to regulatory clampdowns and waning investor sentiment for over three years, Unit-Linked Insurance Pl",2025-04-21,0,False,,,Low ESG relevance or finance-only context,2026-10-04
SIS,Security and Intelligence Services,"Nestle India Q1 Preview: Profit likely to remain flat despite steady sales growth Maggi noodles maker Nestle India will showcase its earnings report for the June quarter of the fiscal year on July 24,",2025-07-22,-2,False,,"stock price, brokerage",Low ESG relevance or finance-only context,2026-10-04
SIS,Security and Intelligence Services,"Bharti Airtel share price falls 2.88%, hits intraday low Shares of Bharti Airtel declined by 2.88% to Rs 1,867.30 in Friday's session. The stock, part of the Nifty 50 index, traded lower compared to i",2025-08-08,-3,False,,"share price, intraday, nifty",Low ESG relevance or finance-only context,2026-10-04
SIS,Security and Intelligence Services,"Eicher Motors Q1 results: Net profit rises 9% to Rs 1,205 crore Royal Enfield-maker Eicher Motors on July 31 reported a 9% rise in consolidated net profit at Rs 1,205 crore for the quarter ended June ",2025-07-31,-1,False,,q1 results,Low ESG relevance or finance-only context,2026-10-04
SIS,Security and Intelligence Services,"IndusInd, SBI, others rise up to 4% as momentum takes Bank Nifty higher for a fifth session Banking shares extended gains for a fifth session to push the Bank Nifty higher by a percent at around 49,70",2025-03-19,-3,False,,"share price, resistance, nifty",Low ESG relevance or finance-only context,2026-10-04
SIS,Security and Intelligence Services,"Ambuja Cements stock falls more than 1% in today's trading session During today's trading session, Ambuja Cements shares declined by 1.4% percent, reaching an intraday low of Rs 537.5. The stock is in",2025-06-19,-2,False,,"intraday, nifty",Low ESG relevance or finance-only context,2026-10-04
SIS,Security and Intelligence Services,"Dr. Reddy's Laboratories Shares Decline Amid High Trading Volume During today's trading session, Dr Reddys Laboratories experienced a decline of 0.31%, with the current price at Rs 1,358.50. The stock",2025-06-13,-1,False,labor,"trading volume, nifty",Low ESG relevance or finance-only context,2026-10-04
SIS,Security and Intelligence Services,"Bharat Heavy Electricals shares decline 4.02% amid high volume, among top midcap losers Shares of Bharat Heavy Electricals experienced a significant drop in today's session, falling 4.02% to a price o",2025-08-07,-1,False,,nifty,Low ESG relevance or finance-only context,2026-10-04
SIS,Security and Intelligence Services,"JSW Steel reports 16% jump in net profit in Q4; should you buy, sell, or hold shares? JSW Group-backed steel major JSW Steel Ltd. shares opened in the green on Monday, May 26, after the firm reported ",2025-05-26,-2,False,,"target price, brokerage",Low ESG relevance or finance-only context,2026-10-04
SIS,Security and Intelligence Services,"Buy Maruti Suzuki India; target of Rs 14,312: Deven Choksey Deven Choksey's research report on Maruti Suzuki India  Consolidated revenue from operations grew by 7.9% YoY (-5.7% QoQ) to INR 3,86,052 Mn",2025-08-05,-1,False,,target price,Low ESG relevance or finance-only context,2026-10-04
SIS,Security and Intelligence Services,"IndusInd Bank rushing to hire CFO, other top executives after crisis: Report IndusInd Bank has asked headhunters to short-list over a dozen candidates for several mid to senior level roles, Mint repor",2025-07-11,0,False,,,Low ESG relevance or finance-only context,2026-10-04
SIS,Security and Intelligence Services,"Nifty IT crashes 2% as fall in Persistent Systems, Coforge, Infosys shares weighs The Nifty IT index tumbled almost two percent in trade, dragged by midcap IT services players Persistent Systems Ltd a",2025-07-24,-2,False,,"brokerage, nifty",Low ESG relevance or finance-only context,2026-10-04
SIS,Security and Intelligence Services,"Eternal shares rise over 2% in trade; among top gainers on the Nifty 50 index Shares of Eternal were trading higher in Thursday's session. The stock is currently priced at over Rs 308, a 2% increase f",2025-07-24,-1,False,,nifty,Low ESG relevance or finance-only context,2026-10-04
SIS,Security and Intelligence Services,Reduce HCL Technologies; target of Rs 1390: ICICI Securities ICICI Securities research report on HCL Technologies  HCLT’s FY26 revenue organic guidance of 1–4% YoY CC appears optimistic at its upper e,2025-04-23,0,False,,,Low ESG relevance or finance-only context,2026-10-04
SIS,Security and Intelligence Services,"Buy Grasim Industries; target of Rs 3093: ICICI Securities ICICI Securities research report on Grasim Industries  At our recently hosted Grasim Industries’ (Grasim) Investors Meet, the management exud",2025-03-19,0,False,,,Low ESG relevance or finance-only context,2026-10-04
SIS,Security and Intelligence Services,"Chartist Talk: Rahul Ghose sees choppy August for Nifty, expects continued Bank Nifty outperformance Rahul Ghose, founder and chief executive of Octanom Tech and Hedged, expects the choppy trade for t",2025-08-03,-1,False,"environment, safety","resistance, support level, nifty",Low ESG relevance or finance-only context,2026-10-04
SIS,Security and Intelligence Services,"BHEL shares fall for a third day on concerns over arbitration impact Shares of Bharata Heavy Electricals fell over a percent for a third consecutive session on February 21, following over Rs 30 crore ",2025-02-21,0,False,,,Low ESG relevance or finance-only context,2026-10-04
SIS,Security and Intelligence Services,Nestle India Q1 net profit falls on higher costs; appoints Manish Tiwary as CMD Packaged foods maker Nestlé India Ltd's consolidated net profit fell 13.4 per cent year-on-year in the quarter ended Jun,2025-07-24,-3,False,,"share price, brokerage, nifty",Low ESG relevance or finance-only context,2026-10-04
SIS,Security and Intelligence Services,"Infosys shares fall 1.12%; stock among top losers on Nifty 50 Shares of Infosys were trading at Rs 1,444 on the NSE, a decline of 1.12% in Wednesday's session. The stock is currently among the top los",2025-08-06,-1,False,,nifty,Low ESG relevance or finance-only context,2026-10-04
SIS,Security and Intelligence Services,"ABB India share price falls 2.01% Shares of ABB India experienced a decline of 2.01% in Friday's session, with the stock price reaching Rs 5,399.50. This movement reflects a shift in investor sentimen",2025-08-01,-3,False,,"share price, stock price, nifty",Low ESG relevance or finance-only context,2026-10-04
SIS,Security and Intelligence Services,"ITC shares among top gainers on Nifty 50; up 0.44% Shares of ITC were trading higher in Thursday's session, with the stock priced at Rs 413.80, a 0.44% increase as of 10:10 am. The stock is currently ",2025-08-07,-2,False,,"stock price, nifty",Low ESG relevance or finance-only context,2026-10-04
SIS,Security and Intelligence Services,"Infosys share price falls in early trade Shares of Infosys were trading lower in Friday's session. At 9:20 am, the stock was priced at Rs 1,544, a 0.55% decrease from the previous close. The decline r",2025-07-25,-1,False,,share price,Low ESG relevance or finance-only context,2026-10-04
SIS,Security and Intelligence Services,"NTPC shares rise 2.06%; among top gainers on Nifty 50 Shares of NTPC were trading higher in Friday's session. The stock is currently priced at Rs 336.55, a 2.06% increase from its previous close. The ",2025-08-08,-1,False,,nifty,Low ESG relevance or finance-only context,2026-10-04
SIS,Security and Intelligence Services,"HCL Technologies Shares Fall More Than 2% in Today's Trading Session     During today's session, HCL Technologies shares experienced a downturn, triggered by a price fall alert. The stock declined by ",2025-06-23,0,False,inclusion,nifty,Low ESG relevance or finance-only context,2026-10-04
SIS,Security and Intelligence Services,Hold Avenue Supermarts; target of Rs 3994: Prabhudas Lilladher Prabhudas Lilladher's research report on Avenue Supermarts  D-Mart’s annual analyst call reinforced our cautious stance due to 1) Rising ,2025-08-04,0,False,,,Low ESG relevance or finance-only context,2026-10-04
SIS,Security and Intelligence Services,"Larsen & Toubro among top gainers on Nifty 50 in Friday's session today Shares of Larsen &amp;amp; Toubro were trading at Rs 3,641.50 in Friday's session, with a marginal gain of 0.1%, which pushed th",2025-08-08,-1,False,,nifty,Low ESG relevance or finance-only context,2026-10-04
SIS,Security and Intelligence Services,"Trade Spotlight: How should you trade Tata Motors, Astra Microwave Products, UPL, Solar Industries, Max Financial Services, and others on May 12? The benchmark indices corrected 1.1 percent on May 9, ",2025-05-12,-2,False,,"resistance, support level",Low ESG relevance or finance-only context,2026-10-04
SIS,Security and Intelligence Services,"Sensex crashes over 500 pts, Nifty below 25,000: US strikes on Iran among key factors behind market decline The equity benchmark indices declined sharply on Monday amid rising geopolitical tensions in",2025-06-23,-2,False,,"nifty, sensex",Low ESG relevance or finance-only context,2026-10-04
SIS,Security and Intelligence Services,"Bank Nifty crashes 1.2% as Israel strikes Iran; AU SFB, Kotak Mahindra Bank, others fall up to 2.1% Financial stocks plunged on June 13 tracking declines in Asian markets, after Israel launched milita",2025-06-13,-2,False,,"resistance, nifty",Low ESG relevance or finance-only context,2026-10-04
SIS,Security and Intelligence Services,"Avenue Supermarts-DMart Shares Surge 2.22% in Today's Trading Session During today's trading session, shares of DMart operator Avenue Supermarts, experienced a rise of 2.22%, reaching Rs 4,149.30. Thi",2025-06-18,-1,False,,nifty,Low ESG relevance or finance-only context,2026-10-04
SIS,Security and Intelligence Services,"Bank Nifty rallies to record high of 57,000 as RBI's CRR, repo rate cuts boost optimism The banking gauge Bank Nifty extended its rally to hit a fresh lifetime high in trade on Monday, June 9, claimin",2025-06-09,-2,False,,"brokerage, nifty",Low ESG relevance or finance-only context,2026-10-04
SIS,Security and Intelligence Services,"Bank of Baroda plans to scale up all subsidiaries before listing, says MD and CEO PSU lender Bank of Baroda will add scale to its subsidiaries before listing them on the stock exchanges, the managing ",2025-05-12,0,False,,,Low ESG relevance or finance-only context,2026-10-04
SIS,Security and Intelligence Services,"Grasim says Birla Opus gained share in metro cities, mid-tier segment has been slow Birla Opus, the paints business of Grasim Industries, is rapidly gaining market share in the decorative paints segme",2025-02-11,0,False,,,Low ESG relevance or finance-only context,2026-10-04
SIS,Security and Intelligence Services,"Trade Spotlight: How should you trade JSW Energy, Prestige Estates, Ingersoll Rand, Premier Energies, EID Parry, Adani Power and others on July 11? Equity benchmarks saw a consolidation breakout on th",2025-07-10,-2,False,renewable,"candlestick, resistance, trading volume",Low ESG relevance or finance-only context,2026-10-04
SIS,Security and Intelligence Services,"JSW Paints may have bought itself a lifeline with AkzoNobel India stake purchase As global giant AkzoNobel NV nears the sale of its India subsidiary, AkzoNobel India Ltd, to JSW Paints, analysts and i",2025-06-16,0,False,,,Low ESG relevance or finance-only context,2026-10-04
SIS,Security and Intelligence Services,"HCLTech says specialisation to drive fresher hiring, 'elite' cadres to get 4X higher pay India’s third largest IT services major HCLTech has tweaked its fresher hiring strategy. Not quantity, but qual",2025-07-14,0,False,,,Low ESG relevance or finance-only context,2026-10-04
SIS,Security and Intelligence Services,"Bharti Airtel share price falls 0.54% in early trade Shares of Bharti Airtel were trading at Rs 1,919.30 on the NSE, down 0.54% from the previous close, at 9:20 am. The stock is currently trading lowe",2025-08-07,-1,False,,share price,Low ESG relevance or finance-only context,2026-10-04
SIS,Security and Intelligence Services,Hold Nestle; target of Rs 2350: ICICI Securities ICICI Securities research report on Nestle  Nestle’s Q4FY25 operational performance was subdued with revenue growth of 4% YoY on a high base of 9% and ,2025-04-25,0,False,environment,target price,Low ESG relevance or finance-only context,2026-10-04
SIS,Security and Intelligence Services,"Infosys shares fall nearly 1% in early trade Shares of Infosys were trading lower by nearly 1% in Thursday's session. The stock is currently trading lower compared to its previous close of Rs 1,574.50",2025-07-24,-1,False,,nifty,Low ESG relevance or finance-only context,2026-10-04
SIS,Security and Intelligence Services,"Tata Consultancy Services shares trade flat in today's session; over 15.9 lakh shares traded Tata Consultancy Services shares were trading flat in Friday's session, with the stock currently priced at ",2025-08-08,-1,False,,nifty,Low ESG relevance or finance-only context,2026-10-04
SIS,Security and Intelligence Services,"Sensex, Nifty extend gaining streak to 6th day: Does this rally have more legs? Here's what experts say Benchmark equity indices Sensex and Nifty extended their gaining streak for the sixth consecutiv",2025-03-24,-3,False,sustainability,"resistance, support level, nifty, sensex",Low ESG relevance or finance-only context,2026-10-04
SIS,Security and Intelligence Services,"Trade Spotlight: How should you trade Coromandel International, Ceat, Elecon Engineering, Chambal Fertilisers, Max Healthcare, and others on May 7? The benchmark indices closed a rangebound session mo",2025-05-06,-1,False,sustainable,"support level, nifty",Low ESG relevance or finance-only context,2026-10-04
SIS,Security and Intelligence Services,"Eternal’s Rs 3 trillion dream divides the Street: FIIs bail, DIIs bite Even as Eternal Ltd basks in its Rs 3 lakh crore market cap — loftier than Tata Motors, ONGC or Wipro — global investors are grow",2025-07-23,0,False,,,Low ESG relevance or finance-only context,2026-10-04
SIS,Security and Intelligence Services,BHEL shares fall over 6 percent as CLSA recommends 'Underperform' after net loss doubles Shares of power plant equipment manufacturer BHEL were sharply lower by over 6 percent in early trade on August,2025-08-07,-1,False,,target price,Low ESG relevance or finance-only context,2026-10-04
SIS,Security and Intelligence Services,"Infosys share price falls nearly 1% in Friday's trading session Shares of Infosys were trading lower in Friday’s session. The stock price declined by 0.90% to Rs 1,424 at 12:00 pm. This represents a d",2025-08-08,-2,False,,"share price, stock price",Low ESG relevance or finance-only context,2026-10-04
SIS,Security and Intelligence Services,"Coforge, HCL Tech, Wipro, other IT shares jump up to 7% amid hopes of easing trade tensions The shares of IT companies strongly surged on April 23 after US President Donald Trump hinted at slashing ta",2025-04-23,-3,False,,"share price, q4 results, nifty",Low ESG relevance or finance-only context,2026-10-04
SIS,Security and Intelligence Services,Avenue Supermarts Shares Decline by 2.05% in Today's Session Avenue Supermarts' stock experienced a decline of 2.05% to Rs 4246.90 during today's trading session. This movement has drawn attention fro,2025-06-24,-1,False,,nifty,Low ESG relevance or finance-only context,2026-10-04
SIS,Security and Intelligence Services,Larsen & Toubro shares gain over 0.5% in Monday's trading session Shares of Larsen &amp;amp; Toubro were trading higher with a gain of over 0.5% from the previous close. The stock is part of the Nifty,2025-07-21,-1,False,,nifty,Low ESG relevance or finance-only context,2026-10-04
SIS,Security and Intelligence Services,"Infosys share price falls nearly 1% in morning trade Shares of Infosys declined by 0.98% to Rs 1,422.80 in Friday's morning trade on the NSE, as of 11:00 am. Infosys's financial performance shows cons",2025-08-08,-1,False,,share price,Low ESG relevance or finance-only context,2026-10-04
SIS,Security and Intelligence Services,"Adani Green Energy shares rise 2.13% in morning trade Adani Green Energy Limited's stock is currently trading at Rs 1,016.40, marking a 2.13% increase in Monday's morning session. The stock demonstrat",2025-07-14,0,False,"esg, green energy","stock price, nifty",Low ESG relevance or finance-only context,2026-10-04
SIS,Security and Intelligence Services,"HDFC Bank stock trades lower amid high volumes     During today's trading session, HDFC Bank's stock has been trading lower by 0.12% at Rs 1,948.10, accompanied by a traded volume of 2,214,608. This i",2025-06-12,-2,False,,"trading volume, nifty",Low ESG relevance or finance-only context,2026-10-04
SIS,Security and Intelligence Services,"ABB India Shares Surge 2.06% Amid Positive Market Sentiment During today's trading session, ABB India experienced a notable increase, with its shares rising by 2.06% to reach Rs 6155.50. This increase",2025-06-06,-1,False,,nifty,Low ESG relevance or finance-only context,2026-10-04
SIS,Security and Intelligence Services,"Larsen & Toubro shares decline to day's low Shares of Larsen &amp;amp; Toubro are down nearly half a percent, touching an intra-day low of Rs 3,487.    The company's board is scheduled to convene on J",2025-07-17,0,False,,,Low ESG relevance or finance-only context,2026-10-04
SIS,Security and Intelligence Services,"HDFC Bank shares trade higher; touches day's high of Rs 1,994.90 Shares of HDFC Bank were trading with positive momentum in Tuesday's session, with the stock currently priced at Rs 1,991.60, a gain of",2025-07-08,0,False,,,Low ESG relevance or finance-only context,2026-10-04
SIS,Security and Intelligence Services,"Dr Reddys Laboratories stock flat in today's session amid high volume trading Dr Reddys Laboratories experienced high trading volumes during today's session, with the stock declining slightly by 0.03%",2025-07-01,-1,False,labor,"trading volume, nifty",Low ESG relevance or finance-only context,2026-10-04
SIS,Security and Intelligence Services,"Power Grid Corporation shares decline over 1% in today's session During today's trading session, Power Grid Corporation of India experienced a decline of 2.08 percent, with its share price reaching Rs",2025-06-13,-1,False,inclusion,"share price, nifty",Low ESG relevance or finance-only context,2026-10-04
SIS,Security and Intelligence Services,"Maruti Suzuki India shares decline in today's session amid high traded volume During today's trading session, Maruti Suzuki India experienced a decline, with its shares falling by 0.63% to a price of ",2025-06-03,-1,False,inclusion,"share price, nifty",Low ESG relevance or finance-only context,2026-10-04
SIS,Security and Intelligence Services,"Coal India Allows Power Sale in Exchanges from August 1, 2025 Coal India Limited (CIL) has cleared the way for the sale of un-requisitioned surplus (URS) power generated by thermal power plants that u",2025-08-07,0,False,,,Low ESG relevance or finance-only context,2026-10-04
SIS,Security and Intelligence Services,"Buy Infosys; target of Rs 1830: Deven Choksey Deven Choksey's research report on Infosys  Revenue came in at INR 4,22,790 Mn. (+3.3% QoQ/+7.5% YoY), above our estimates by 4.0%, led by stronger growth",2025-07-24,-1,False,,target price,Low ESG relevance or finance-only context,2026-10-04
SIS,Security and Intelligence Services,"ITC shares gain 0.5% in today's session; about 20 lakh shares traded Shares of ITC were trading at Rs 414 on the NSE, a gain of 0.5% from the previous close, with nearly 20 lakh shares traded at 10:38",2025-08-07,-1,False,,nifty,Low ESG relevance or finance-only context,2026-10-04
SIS,Security and Intelligence Services,"Chartist Talks: Ashish Kyal eyes 55,000 on Bank Nifty next week; reveals post-rally Nifty 50 strategy Bank Nifty is almost near to lifetime high levels. &quot;It is best to use dips to buy as long as ",2025-04-18,-1,False,,nifty,Low ESG relevance or finance-only context,2026-10-04
SIS,Security and Intelligence Services,"Bosch shares rise 2.11% in morning trade Shares of Bosch gained 2.11% to trade at Rs 37,295.00 in Monday's session at 10:18 am. The stock is included as one of the stocks in the NIFTY NEXT 50 index.  ",2025-07-14,-1,False,,nifty,Low ESG relevance or finance-only context,2026-10-04
SIS,Security and Intelligence Services,"Broader markets shine as small and midcap indices surge 3% on hopes of tariff reprieve, sustained inflows Broader market shares moved in tandem with the benchmark Sensex and Nifty on April 15, with th",2025-04-15,-5,False,,"intraday, resistance, q4 results, nifty, sensex",Low ESG relevance or finance-only context,2026-10-04
SIS,Security and Intelligence Services,"Larsen & Toubro shares trade flat; company secures multiple orders Shares of Larsen &amp;amp; Toubro were trading flat in Monday's session, with the stock currently priced at Rs 3,418.70. Earlier in t",2025-07-28,0,False,,,Low ESG relevance or finance-only context,2026-10-04
SIS,Security and Intelligence Services,"Sensex slips 300 pts, Nifty at 25,450: US trade deal jitters among key factors behind market decline The equity benchmarks Sensex and Nifty gave up early gains and settled lower on Wednesday after US ",2025-07-02,-2,False,,"nifty, sensex",Low ESG relevance or finance-only context,2026-10-04
SIS,Security and Intelligence Services,"Kotak Mahindra Bank shares fall 5% after weak Q4 results; should you buy, sell, or hold? Shares of Kotak Mahindra Bank tumbled 5 percent to Rs 2,085 apiece on May 5, following the release of its weake",2025-05-05,-3,False,,"target price, brokerage, q4 results",Low ESG relevance or finance-only context,2026-10-04
SIS,Security and Intelligence Services,"Trade Spotlight: How should you trade Kaynes Technology, Jindal Stainless, Hero MotoCorp, CCL Products, Grasim Industries and others on August 5? The benchmark indices snapped a two-day losing streak,",2025-08-05,-4,False,,"candlestick, resistance, support level, nifty",Low ESG relevance or finance-only context,2026-10-04
SIS,Security and Intelligence Services,"Nestle India Q4 Preview: Profit likely to sink 6% amid surging inflation, muted demand; margins under pressure Maggi noodles maker Nestle India will showcase its earnings report for the fourth quarter",2025-04-22,-1,False,,brokerage,Low ESG relevance or finance-only context,2026-10-04
SIS,Security and Intelligence Services,"HDFC Life Q4 results: Net profit rises 16% to Rs 477 crore, insurer declares Rs 2.1 dividend HDFC Life Insurance on April 17 reported a net profit of Rs 477 crore for the fourth quarter of FY25, up by",2025-04-17,-1,False,,q4 results,Low ESG relevance or finance-only context,2026-10-04
SIS,Security and Intelligence Services,"Infosys share price falls 1.07% in morning trade Shares of Infosys experienced a decline of 1.07% to trade at Rs 1,557.70 on Thursday. During the session, the stock reached a high of Rs 1,582 and a lo",2025-07-24,-1,False,,share price,Low ESG relevance or finance-only context,2026-10-04
SIS,Security and Intelligence Services,Hold Avenue Supermarts; target of Rs 3975: Prabhudas Lilladher Prabhudas Lilladher's research report on Avenue Supermarts  We cut FY26/FY27 EPS estimates by 2.4/1.6% (earlier est lower by 11/14% than ,2025-05-05,-1,False,,target price,Low ESG relevance or finance-only context,2026-10-04
SIS,Security and Intelligence Services,"Sensex falls 200 pts, Nifty below 25,500 amid caution ahead of India-US trade deal, Q1 earnings announcement; metal, IT stocks decline The equity benchmark indices closed lower on Wednesday as investo",2025-07-09,-2,False,,"nifty, sensex",Low ESG relevance or finance-only context,2026-10-04
SIS,Security and Intelligence Services,"Trade Spotlight: How should you trade Indian Bank, Zee Entertainment, Ceat, Aditya Birla Capital, Max Financial, Engineers India, and others on April 17? The benchmark indices continued to gain despit",2025-04-17,-3,False,,"candlestick, resistance, nifty",Low ESG relevance or finance-only context,2026-10-04
SIS,Security and Intelligence Services,"Infosys share price falls 0.60% in morning trade Shares of Infosys were trading at Rs 1,506.90 on the NSE, a decline of 0.60% from the previous close, at 11:30 am on Tuesday. Earlier in the session, t",2025-07-29,-2,False,,"share price, intraday",Low ESG relevance or finance-only context,2026-10-04
SIS,Security and Intelligence Services,"Pharma, IT stocks tumble up to 4% as Trump tariffs take effect The shares of pharma and IT companies tumbled on March 4 as US President Donald Trump's tariffs on Canada and Mexico came into effect, wh",2025-03-04,-1,False,labor,"share price, nifty",Low ESG relevance or finance-only context,2026-10-04
SIS,Security and Intelligence Services,"Accumulate Adani Power target of Rs 680: Asit C Mehta Asit C Mehta report on Adani Power  Adani Power Ltd (APL) is India’s largest private thermal power producer, renowned for its critical role in mee",2025-05-27,-1,False,,target price,Low ESG relevance or finance-only context,2026-10-04
SIS,Security and Intelligence Services,"Sensex slips over 1,000 pts, Nifty below 24,500: Rising US bond yields among key factors behind market sell-off The benchmark equity indices tumbled over 1 percent on Thursday, tracking a sharp sell-o",2025-05-22,0,False,"sustainability, sustainable","nifty, sensex",Low ESG relevance or finance-only context,2026-10-04
SIS,Security and Intelligence Services,"Avenue Supermarts shares rise 0.52% amid volume surge Avenue Supermarts stock was trading at Rs 4,032.10 in the early afternoon session, marking a gain of 0.52%. There has been a notable surge in volu",2025-07-15,-1,False,,nifty,Low ESG relevance or finance-only context,2026-10-04
SIS,Security and Intelligence Services,"Q4 Review: Motilal Oswal sees broad-based beat, Nomura hikes Nifty FY26 target to 26,140 With India Inc.'s earnings season for the quarter and full year ended March 31, 2025 done and dusted, brokerage",2025-06-02,-2,False,,"brokerage, nifty",Low ESG relevance or finance-only context,2026-10-04
SIS,Security and Intelligence Services,"Bajaj Holdings shares jump 2.33% amid high trading volume     Shares of Bajaj Holdings  witnessed a notable increase today, rising by 2.33% to reach Rs 13773.00. The surge was accompanied by high trad",2025-06-24,-3,False,,"share price, trading volume, nifty",Low ESG relevance or finance-only context,2026-10-04
SIS,Security and Intelligence Services,"Sensex plunges over 600 pts, Nifty below 23,400: Trump tariff concerns among key factors weighing on markets Equity benchmark indices extended their losing streak for the fourth consecutive session on",2025-02-10,-4,False,,"resistance, support level, nifty, sensex",Low ESG relevance or finance-only context,2026-10-04
SIS,Security and Intelligence Services,"Jio Financial invests Rs 1,000 crore in arm Jio Finance via equity Jio Financial Services Ltd (JFSL), a subsidiary of Reliance Industries Ltd, on March 27 invested Rs 1,000 crore in its subsidiary Jio",2025-03-27,0,False,,,Low ESG relevance or finance-only context,2026-10-04
SIS,Security and Intelligence Services,"Nifty PSU Bank rallies over 2% as HDFC Securities flags 'secular turnaround' Strong buying interest drove the Nifty PSU Bank to rally over two percent in trade on Tuesday, June 24, as investors piled ",2025-06-24,-1,False,"sustainability, governance","target price, brokerage, nifty",Low ESG relevance or finance-only context,2026-10-04
SIS,Security and Intelligence Services,"Bosch shares hit all-time high in early trade, pare gains to slip into red Shares of Bosch hit an all-time high of Rs 40,250.00 on the NSE in Wednesday's early trading session, rising 0.84% from the p",2025-07-30,0,False,,,Low ESG relevance or finance-only context,2026-10-04
SIS,Security and Intelligence Services,"Bosch shares hit 52-week high of Rs 40,985 on NSE Shares of Bosch touched a 52-week high of Rs 40,985.00 on the NSE in Monday's session. At 10:52 am, the stock was trading at Rs 40,345.00, a marginal ",2025-08-04,-1,False,,nifty,Low ESG relevance or finance-only context,2026-10-04
SIS,Security and Intelligence Services,Buy HDFC Life Insurance Company; target of Rs 870: Sharekhan Sharekhan's research report on HDFC Life Insurance Company  Management is of the view that it falls within the stipulated limits based on n,2025-03-05,0,False,,,Low ESG relevance or finance-only context,2026-10-04
SIS,Security and Intelligence Services,Adani Green Energy shares fall 2.08% in Friday's trading session Shares of Adani Green Energy Limited experienced a decline of 2.08% to trade at Rs 999.50 in Friday's session. The stock is currently t,2025-07-25,0,False,green energy,nifty,Low ESG relevance or finance-only context,2026-10-04
SIS,Security and Intelligence Services,Buy Hindalco Industries; target of Rs 770: ICICI Securities ICICI Securitie`s research report on Hindalco Industries  Novelis’ Q4FY25 performance was in line with our estimates. Key points: 1) Operati,2025-05-16,0,False,,,Low ESG relevance or finance-only context,2026-10-04
SIS,Security and Intelligence Services,"Bharti Airtel share price falls 2.7% in early trade Shares of Bharti Airtel declined 2.7% to Rs 1,870.70 in Friday's trading session. The stock is currently trading lower compared to its previous clos",2025-08-08,-1,False,,share price,Low ESG relevance or finance-only context,2026-10-04
SIS,Security and Intelligence Services,"Hold Avenue Supermarts; target of Rs 3923: Prabhudas Lilladher Prabhudas Lilladher's research report on Avenue Supermarts  We cut our FY26/FY27 EPS estimates by 1.0%/1.9%, respectively, as we expect m",2025-07-14,-1,False,environment,"target price, q1 results",Low ESG relevance or finance-only context,2026-10-04
SIS,Security and Intelligence Services,"DMart rallies 6 percent on ambitious store addition plan, plays down quick commerce threat Value-retailing major Avenue Supermarts, or DMart, told analysts during an investor call on July 30 that the ",2025-07-30,0,False,,,Low ESG relevance or finance-only context,2026-10-04
SIS,Security and Intelligence Services,"L&T Secures Large EPC Contract  worth Rs 2,000-5,000 crore from Hindustan Zinc Larsen &amp;amp; Toubro (L&amp;amp;T) has secured a large engineering, procurement, and construction (EPC) contract for i",2025-08-01,0,False,,,Low ESG relevance or finance-only context,2026-10-04
SIS,Security and Intelligence Services,"Larsen & Toubro shares trade flat; hits intraday high of Rs 3,649 Shares of Larsen &amp;amp; Toubro were trading flat in Thursday's session, with the stock currently priced at Rs 3,636.50, a 0.22% inc",2025-08-07,-1,False,,intraday,Low ESG relevance or finance-only context,2026-10-04
SIS,Security and Intelligence Services,"Dr Reddy's shares rise marginally as Q4 net profit jumps 22%; brokerages give mixed views Dr Reddy's Laboratories shares are in focus on May 12 post-strong March quarter results, announced in the post",2025-05-12,-1,False,labor,"target price, brokerage",Low ESG relevance or finance-only context,2026-10-04
SIS,Security and Intelligence Services,"Ather Energy's top investors Tiger Global, GIC and founders set to ride home with multi-bagger returns Promoters and early investors in the IPO-bound electric two-wheeler manufacturer Ather Energy are",2025-04-24,0,False,,,Low ESG relevance or finance-only context,2026-10-04
SIS,Security and Intelligence Services,"Canara Bank shares rise over 3% in today's session Shares of Canara Bank gained over 3% in Thursday's session, staging a solid recovery from day's low. The bank reported its Q1 earnings with net profi",2025-07-24,-1,False,,nifty,Low ESG relevance or finance-only context,2026-10-04
SIS,Security and Intelligence Services,"Maruti Suzuki Q1 results: Net profit rises 2% to Rs 3,712 crore, beats estimates Maruti Suzuki on July 31 reported 2% rise in net profit at Rs 3,712 crore for the quarter ended June 30, 2025. It repor",2025-07-31,-1,False,environment,"brokerage, q1 results",Low ESG relevance or finance-only context,2026-10-04
SIS,Security and Intelligence Services,"Adani Power shares jump 2.21% in today's session Shares of Adani Power experienced an increase of 2.21% during today's trading session, with the price reaching Rs 559.75. This movement reflects a nota",2025-06-06,-1,False,,nifty,Low ESG relevance or finance-only context,2026-10-04
SIS,Security and Intelligence Services,"Larsen & Toubro shares fall 1.08% in Tuesday's trading session Shares of Larsen &amp;amp; Toubro declined by 1.08% to Rs 3,465 in Tuesday's session. The stock is currently trading on the NSE. The decl",2025-07-22,0,False,,,Low ESG relevance or finance-only context,2026-10-04
SIS,Security and Intelligence Services,"Nifty Bank drops 1%, extends losses for 3rd day as IndusInd, HDFC Bank shares lead decline The Nifty Bank index dropped over 1 percent (nearly 530 points) to stand at 48,452 on February 24. This comes",2025-02-24,-2,False,,"target price, nifty",Low ESG relevance or finance-only context,2026-10-04
SIS,Security and Intelligence Services,"Larsen &Toubro shares gain 1.13% in today's session; over 10.8 lakh shares traded Larsen &amp;amp; Toubro shares traded at Rs 3,504 in Monday's session, a gain of 1.13% from the previous close. The st",2025-07-21,-1,False,,trading volume,Low ESG relevance or finance-only context,2026-10-04
SIS,Security and Intelligence Services,"Chartist Talks: Nifty likely to trade between 24,400–25,200 this week, says JM Financial's Rahul Sharma The Nifty 50 is likely to stay confined within its six-week trading band of 24,400 to 25,200 thi",2025-06-23,-5,False,,"intraday, technical chart, resistance, support level, nifty",Low ESG relevance or finance-only context,2026-10-04
SIS,Security and Intelligence Services,"ICICI Bank stock rallies following beat on NIMs, positive Q1 show; should you buy, sell, or hold? Shares of ICICI Bank Ltd, India's second-largest private lender, gained in trade on Monday, July 21, a",2025-07-21,-1,False,,brokerage,Low ESG relevance or finance-only context,2026-10-04
SIS,Security and Intelligence Services,"Copper stocks rise amid Trump's tariff threat on copper imports US President Donald Trump suggested that the country would impose tariffs on copper imports within several weeks, earlier than the timel",2025-03-26,0,False,,,Low ESG relevance or finance-only context,2026-10-04
SIS,Security and Intelligence Services,"Trade Spotlight: How should you trade Mazagon Dock, Waaree Energies, Glenmark Pharma, Quess Corp, HPCL, and others on March 24? The benchmark indices maintained their upward journey for the fifth cons",2025-03-24,-3,False,,"candlestick, resistance, support level",Low ESG relevance or finance-only context,2026-10-04
SIS,Security and Intelligence Services,"Sensex surges 800 pts, Nifty above 24,850: Rate-cut optimism, other factors behind market rise The equity benchmark indices rallied on Thursday as investors cheered firm global cues, expectations of a",2025-06-05,-1,False,labor,"nifty, sensex",Low ESG relevance or finance-only context,2026-10-04
SIS,Security and Intelligence Services,"Chartist Talks: Sudeep Shah sees breakout in Bank Nifty, northward journey in Nifty 50; bets on these 2 stocks for next week Sudeep Shah of SBI Securities, in an interview with Moneycontrol, said that",2025-05-24,-1,False,sustainable,"resistance, nifty",Low ESG relevance or finance-only context,2026-10-04
SIS,Security and Intelligence Services,"Hero MotoCorp shares rise as strong Q4, rural demand and EV plans boost sentiment Two-wheeler maker Hero MotoCorp’s shares were higher by over 2 percent in early trade on May 15, as investors responde",2025-05-15,0,False,,,Low ESG relevance or finance-only context,2026-10-04
SIS,Security and Intelligence Services,"Ambuja Cements shares gain 1.60% amid volume surge Ambuja Cements shares demonstrated positive momentum in Tuesday's trading session, gaining 1.60%. The stock price reached Rs 623.05 amid volume surge",2025-07-22,-2,False,,"stock price, nifty",Low ESG relevance or finance-only context,2026-10-04
SIS,Security and Intelligence Services,"Tata Consultancy Services share price trades flat; hits intraday high of Rs 3,059.80 Tata Consultancy Services shares were trading flat in Friday's session, with the stock currently priced at Rs 3,041",2025-08-08,-2,False,,"share price, intraday",Low ESG relevance or finance-only context,2026-10-04
SIS,Security and Intelligence Services,"Infosys share price declines 1.22% in intraday trade Shares of Infosys were trading lower in Tuesday’s session, with the stock currently priced at Rs 1,462.40 on the NSE, a 1.22% decline from the prev",2025-08-05,-2,False,,"share price, intraday",Low ESG relevance or finance-only context,2026-10-04
SIS,Security and Intelligence Services,"Bharti Airtel shares fall 0.95%, stock among top losers on Nifty 50 Shares of Bharti Airtel were trading lower in Thursday's session, with the stock priced at Rs 1,911.40, a 0.95% decline. The stock i",2025-08-07,-2,False,,"stock price, nifty",Low ESG relevance or finance-only context,2026-10-04
SIS,Security and Intelligence Services,"Adani Power shares rise 2.04% in Thursday's session Shares of Adani Power gained 2.04% to trade at Rs 579.05 in Thursday's session. The stock displayed positive movement, reflecting a rise from its pr",2025-08-07,-1,False,,nifty,Low ESG relevance or finance-only context,2026-10-04
SIS,Security and Intelligence Services,"Chartist Talks: SBI Securities' Sudeep Shah bullish on these 6 stocks; says good time to accumulate, though market may consolidate Going ahead, the current chart structure indicates that the Nifty 50 ",2025-03-30,-1,False,,nifty,Low ESG relevance or finance-only context,2026-10-04
SIS,Security and Intelligence Services,"ICICI Bank Q1 Results: Net profit jumps 15% on-year to Rs 12,768 crore, beats Street estimate ICICI Bank, India’s second-largest private sector lender, on Saturday reported a 15 percent year-on-year i",2025-07-19,-1,False,,q1 results,Low ESG relevance or finance-only context,2026-10-04
SIS,Security and Intelligence Services,"Adani Total Gas share price falls 2.02%, stock among top losers on Nifty Midcap 150 Shares of Adani Total Gas declined by 2.02% to Rs 631.70 in Friday's session, making it one of the top losers on the",2025-07-25,-1,False,esg,"share price, nifty",Low ESG relevance or finance-only context,2026-10-04
SIS,Security and Intelligence Services,"Larsen & Toubro shares fall 0.47%, stock among top losers on Nifty 50 Shares of Larsen &amp;amp; Toubro were trading down by 0.47% at Rs 3,426.80 in Monday's session, positioning it among the top lose",2025-07-28,-1,False,,nifty,Low ESG relevance or finance-only context,2026-10-04
SIS,Security and Intelligence Services,Canara Bank’s current account deposits fell sharply in Q1FY26 as 4-5 key PSUs deployed funds The current account deposits of Canara Bank saw a sharp reduction during the April–June quarter due to the ,2025-07-24,0,False,,,Low ESG relevance or finance-only context,2026-10-04
SIS,Security and Intelligence Services,"Infosys shares fall 1.30% in today's session; over 87 lakh shares traded Shares of Infosys declined by 1.30% to Rs 1,554.00 in Thursday's session. A total of over 87.28 lakh shares were traded. The st",2025-07-24,-1,False,,nifty,Low ESG relevance or finance-only context,2026-10-04
SIS,Security and Intelligence Services,Hold BHEL; target of Rs 237: Prabhudas Lilladher Prabhudas Lilladher's research report on BHEL  We revise our FY26/27E EPS estimate by -31.6%/-12.7% accounting for lagging execution pace. BHEL deliver,2025-05-20,0,False,,,Low ESG relevance or finance-only context,2026-10-04
SIS,Security and Intelligence Services,"Bosch shares rise 2.06% in morning trade; stock among top gainers on Nifty Next 50 Shares of Bosch gained 2.06% to trade at Rs 36,940.00 in Friday's session. At 10:29 am, the stock is trading among th",2025-07-11,0,False,sustainability,nifty,Low ESG relevance or finance-only context,2026-10-04
SIS,Security and Intelligence Services,"Trade Spotlight: How should you trade CDSL, Manappuram Finance, Wockhardt, HDFC Life Insurance, GSK Pharma and others on June 2? The Nifty 50 index wiped out the previous day's gains, closing 83 point",2025-06-01,-2,False,,"resistance, nifty",Low ESG relevance or finance-only context,2026-10-04
SIS,Security and Intelligence Services,"Hindalco Industries Shares Fall More Than 1.1% in Today's Trading Session Shares of Hindalco Industries experienced a downturn today, with the stock price decreasing by 1.12% to Rs 626.40. Hindalco In",2025-06-02,-3,False,,"share price, stock price, nifty",Low ESG relevance or finance-only context,2026-10-04
SIS,Security and Intelligence Services,"Eicher Motors shares rise 2.13% in early trade Shares of Eicher Motors gained 2.13% to trade at Rs 5,585 in early trade. This increase reflects a positive movement from the previous day's closing pric",2025-08-01,0,False,,,Low ESG relevance or finance-only context,2026-10-04
SIS,Security and Intelligence Services,"Chartist Talks: Market still not out of woods, but these 2 stocks can see strong momentum, says Ashish Kyal &quot;The market is still not out of the woods. The current rise can be a short-term pullbac",2025-03-17,-2,False,,"resistance, nifty",Low ESG relevance or finance-only context,2026-10-04
SIS,Security and Intelligence Services,"Hold Nestle India: target of Rs 2400: ICICI Securities ICICI Securities's research report on Nestle India  Over the last three decades, Suresh Narayanan’s tenure (ten years) as CMD of Nestlé India has",2025-08-05,0,False,environment,target price,Low ESG relevance or finance-only context,2026-10-04
SIS,Security and Intelligence Services,"Avenue Supermarts share price rises 2.02% Shares of Avenue Supermarts gained 2.02% in Wednesday's trading session, with the stock currently trading at Rs 4,108. The stock is part of the NIFTY NEXT 50 ",2025-07-16,-2,False,,"share price, nifty",Low ESG relevance or finance-only context,2026-10-04
SIS,Security and Intelligence Services,"HDFC Life Q1 Results: Net profit jumps 14% to Rs 546 crore, APE rise 12% YoY HDFC Life reported a 14 percent jump in its net profit to Rs 546 crore for the June quarter of fiscal year 2026. The compan",2025-07-15,-1,False,,q1 results,Low ESG relevance or finance-only context,2026-10-04
SIS,Security and Intelligence Services,"Chartist Talks: Elliott Wave signals strong, fast Nifty rally ahead; Ashish Kyal recommends 2 picks for July The Nifty is in 3rd wave which can be strong and fast as per the Elliott Wave, Ashish Kyal ",2025-06-28,0,False,sustainable,nifty,Low ESG relevance or finance-only context,2026-10-04
SIS,Security and Intelligence Services,"Market looks shaky, but these 2 stocks shine: SBI Securities’ Sudeep Shah picks his weekly winners Considering the current chart structure, weak momentum, and cautious global sentiment, it seems the b",2025-04-05,-1,False,,nifty,Low ESG relevance or finance-only context,2026-10-04
SIS,Security and Intelligence Services,"Dr Reddy's Laboratories rise 2.5% amid high volume Shares of Dr Reddys Laboratories were trading at Rs 1,278.60, up by 2.50% in Thursday's session amid high volume. The stock is showing signs of posit",2025-07-24,0,False,labor,trading volume,Low ESG relevance or finance-only context,2026-10-04
SIS,Security and Intelligence Services,"Shriram Finance, Cholamandalam, other BFSI stocks gain up to 6% on hopes of RBI rate cut tomorrow Shriram Finance, Cholamandalam Investment were among BFSI stocks that gained up to 6 percent in Tuesda",2025-04-08,-1,False,,nifty,Low ESG relevance or finance-only context,2026-10-04
SIS,Security and Intelligence Services,"Power Grid Corp may see a modest Q4 profit growth but summer demand is strong, capex seen on track State-run Power Grid Corporation (PGCIL) will announce its fourth-quarter earnings on May 19, and a p",2025-05-16,-1,False,renewable,"stock price, brokerage",Low ESG relevance or finance-only context,2026-10-04
SIS,Security and Intelligence Services,"Trade Spotlight: How should you trade Bharti Airtel, Bajaj Finance, Chambal Fertilisers, Ashok Leyland, Nestle India, and others on February 27? The benchmark indices finished the rangebound trading f",2025-02-27,-4,False,,"target price, resistance, support level, nifty",Low ESG relevance or finance-only context,2026-10-04
SIS,Security and Intelligence Services,"Infosys share price falls 1.45% in early trade Shares of Infosys were trading lower in Friday's session, with the stock priced at Rs 1,530. At 10:00 am, the stock showed a decline of 1.45% from its pr",2025-07-25,-2,False,,"share price, stock price",Low ESG relevance or finance-only context,2026-10-04
SIS,Security and Intelligence Services,"ICICI Bank, HDFC Bank help Nifty Bank surge past 49,000 on a day of broad-based rally Heavyweight banking stocks recorded strong gains of up to 3 percent on a day of across-the-board rally, taking Nif",2025-03-18,-3,False,,"share price, resistance, nifty",Low ESG relevance or finance-only context,2026-10-04
SIS,Security and Intelligence Services,"Sensex soars over 400 pts, Nifty above 25,000: Buying in ICICI, HDFC Bank among key factors behind market rise The domestic benchmark indices Sensex surged by 442 points while Nifty closed above the 2",2025-07-21,-4,False,,"intraday, q1 results, nifty, sensex",Low ESG relevance or finance-only context,2026-10-04
SIS,Security and Intelligence Services,"Trade Spotlight: How should you trade Power Grid Corporation, ICICI Prudential Life, Ceat, Apollo Tyres, Dabur, Bandhan Bank and others on July 10? Equity benchmarks closed 0.2 percent lower after a c",2025-07-09,-1,False,,resistance,Low ESG relevance or finance-only context,2026-10-04
SIS,Security and Intelligence Services,"Titan shares surge 2%, top Nifty gainer as brokerages remain bullish on strong Q1 results Titan shares climbed 2 percent to Rs 3,478 apiece on August 8 after the company delivered a strong set of Apri",2025-08-08,-4,False,,"target price, brokerage, q1 results, nifty",Low ESG relevance or finance-only context,2026-10-04
SIS,Security and Intelligence Services,"Nestle India shares fall 2.04% on Nifty 50 Shares of Nestle India declined by 2.04%, trading at Rs 1,094.50 on Friday. This downturn positions the stock among the top losers on the Nifty 50 index. The",2025-08-08,-1,False,,nifty,Low ESG relevance or finance-only context,2026-10-04
SIS,Security and Intelligence Services,"BoB, PNB lead as PSU banking shares rise to support benchmarks, a day after key bill sails through Shares of public sector banks were seeing high buying investor on March 27, pushing the Nifty PSU Ban",2025-03-27,-3,False,,"resistance, nifty, sensex",Low ESG relevance or finance-only context,2026-10-04
SIS,Security and Intelligence Services,"Avenue Supermarts-DMart share price falls 2.52% in early trade Shares of Avenue Supermarts (DMart) declined by 2.52% to Rs 3,961.90 in early trade on Monday. The stock is a constituent of the NIFTY NE",2025-07-14,-2,False,,"share price, nifty",Low ESG relevance or finance-only context,2026-10-04
SIS,Security and Intelligence Services,"Trade Spotlight: How should you trade Bharti Airtel, HDFC Life, Cholamandalam Investment, DLF, Godfrey Phillips, and others on February 13? The market maintained its southward journey for the sixth st",2025-02-12,-1,False,,nifty,Low ESG relevance or finance-only context,2026-10-04
SIS,Security and Intelligence Services,"Hindustan Unilever share price falls 0.73% in Thursday's session Hindustan Unilever shares experienced a decline of 0.73% in Thursday's trading session, with the stock price at Rs 2,517.20. The stock'",2025-08-07,-3,False,,"share price, stock price, nifty",Low ESG relevance or finance-only context,2026-10-04
SIS,Security and Intelligence Services,"HCL Technologies shares fall 2.01% in early trade Shares of HCL Technologies declined by 2.01% to Rs 1,587.20 in early trade on Tuesday. The stock's performance is in comparison to its previous close,",2025-07-15,-1,False,,nifty,Low ESG relevance or finance-only context,2026-10-04
SIS,Security and Intelligence Services,"Nestle India Q4 results: Net profit falls 5% to Rs 885 crore, FMCG firm declares Rs 10 dividend FMCG major Nestle India Ltd on April 24 reported 5% decline in standalone net profit at Rs 885 crore for",2025-04-24,-2,False,,"brokerage, q4 results",Low ESG relevance or finance-only context,2026-10-04
SIS,Security and Intelligence Services,"Have full control over Bhushan Power and Steel, 'strong grounds' for legal remedies: JSW Steel Metals major JSW Steel's management told investors that it retains control over its subsidiary Bhushan Po",2025-05-23,0,False,,,Low ESG relevance or finance-only context,2026-10-04
SIS,Security and Intelligence Services,"Larsen & Toubro shares fall marginally in today's session; over 10.8 lakh shares traded Shares of Larsen &amp;amp; Toubro were trading at Rs 3,477.50 on Thursday, a marginal decline of 0.21% on the NS",2025-07-24,0,False,,,Low ESG relevance or finance-only context,2026-10-04
SIS,Security and Intelligence Services,"ITC shares among top gainers on Nifty 50 in Friday's session; stock rises 0.23% Shares of ITC were trading higher at Rs 414.55 in Friday's session, a 0.23% gain, and were among the top gainers on Nift",2025-08-08,-1,False,,nifty,Low ESG relevance or finance-only context,2026-10-04
SIS,Security and Intelligence Services,"HDFC Bank shares gain as profit grows 12%, but NIMs slip; should you buy, sell, or hold? India's largest private lender HDFC Bank's shares were in the green on Monday, July 21, after reporting a 12 pe",2025-07-21,-3,False,,"target price, brokerage, earnings beat",Low ESG relevance or finance-only context,2026-10-04
SIS,Security and Intelligence Services,"Grasim Industries Shares Surge 4.55% Amid High Volume Trading During today's trading session, Grasim Industries experienced a significant surge, with its shares climbing by 4.55% to reach Rs 2727.30. ",2025-06-10,-2,False,,"trading volume, nifty",Low ESG relevance or finance-only context,2026-10-04
SIS,Security and Intelligence Services,Hold BHEL; target of Rs 215: Prabhudas Lilladher Prabhudas Lilladher's research report on BHEL  We revise our FY26/27E EPS estimate by -30.8%/-9.5% factoring in weaker pace of execution and higher oth,2025-08-08,0,False,,,Low ESG relevance or finance-only context,2026-10-04
SIS,Security and Intelligence Services,"Adani Total Gas, Granules, IRB Infra among 8 stocks to be deleted from NSE's F&O segment from Aug series The National Stock Exchange has excluded eight stocks from the derivatives segment, and no cont",2025-06-24,0,False,inclusion,trading volume,Low ESG relevance or finance-only context,2026-10-04
SIS,Security and Intelligence Services,"Hindustan Unilever share price trades down marginally in today's session Shares of Hindustan Unilever were trading down marginally in Friday's session, with the stock currently priced at Rs 2,511.90. ",2025-08-08,-1,False,,share price,Low ESG relevance or finance-only context,2026-10-04
SIS,Security and Intelligence Services,"Jio BlackRock to disrupt India's funds sector with low-cost strategy: Reuters report Jio BlackRock Asset Management plans to introduce nearly a dozen equity and debt funds in India by the year-end, fo",2025-07-08,0,False,,,Low ESG relevance or finance-only context,2026-10-04
SIS,Security and Intelligence Services,"Sensex drops over 800 pts, Nifty below 23,500: Lack of US tariff clarity among key factors behind market decline Equity benchmark indices Sensex and Nifty declined over 1 percent on Wednesday after a ",2025-03-26,-4,False,labor,"intraday, resistance, support level, nifty, sensex",Low ESG relevance or finance-only context,2026-10-04
SIS,Security and Intelligence Services,"Grasim Industries shares gain 1.23% amid volume surge in today's session Grasim Industries shares are trading with a gain of 1.23% at Rs 2,796.00 in Monday's session, with high volume. The stock is am",2025-07-14,-1,False,compliance,"trading volume, nifty",Low ESG relevance or finance-only context,2026-10-04
SIS,Security and Intelligence Services,"Hindalco, Nalco, Vedanta other metal stocks fall for 2nd day after 5-session rise; what should investors do? Hindalco, Nalco, Vedanta were among other metal stocks that declined in trade for the secon",2025-02-25,-2,False,,"intraday, nifty",Low ESG relevance or finance-only context,2026-10-04
SIS,Security and Intelligence Services,"Bosch shares rise 0.61% amid volume surge Bosch shares are trading higher in today's session, with the stock price at Rs 36,150, a 0.61% increase from the previous close. The stock is experiencing hig",2025-07-07,-1,False,,stock price,Low ESG relevance or finance-only context,2026-10-04
SIS,Security and Intelligence Services,"Bulls tighten grip as Sensex, Nifty surge over 2% on Trump's tariff pause, all sectors in green; Vix down 11% Equity benchmarks rallied sharply on Friday, with the Sensex and Nifty surging over 2 perc",2025-04-11,-2,False,environment,"resistance, nifty, sensex",Low ESG relevance or finance-only context,2026-10-04
SIS,Security and Intelligence Services,"Infosys shares trade flat in today's trading session Infosys shares were trading flat at Rs 1,437.00 on Thursday, a marginal increase of 0.02% from the previous close, as of 10:00 am. The stock is par",2025-08-07,-1,False,,nifty,Low ESG relevance or finance-only context,2026-10-04
SIS,Security and Intelligence Services,"Trade Spotlight: How should you trade Tata Communications, Prestige Estates, BHEL, Nykaa, HDFC Life, Paradeep Phosphates, and others on April 16? The market extended its robust run for another session",2025-04-16,-3,False,,"resistance, support level, nifty",Low ESG relevance or finance-only context,2026-10-04
SIS,Security and Intelligence Services,"Adani Green Energy shares fall 2.07% in morning trade Shares of Adani Green Energy Limited declined by 2.07% to Rs 937.75 in Thursday's session. At 10:18 am, the stock is trading lower compared to its",2025-08-07,0,False,green energy,nifty,Low ESG relevance or finance-only context,2026-10-04
SIS,Security and Intelligence Services,"Is Bank Nifty getting ready for a new Bull run? The bulls are back in action on Dalal Street; this time, they have found their favourite playground - the banking sector. With the Reserve Bank of India",2025-06-08,-1,False,,nifty,Low ESG relevance or finance-only context,2026-10-04
SIS,Security and Intelligence Services,Buy Avenue Supermarts; target of Rs 4350: Motilal Oswal Motilal Oswal's research report on Avenue Supermarts  Avenue Supermarts (DMART) posted weak results in 4QFY25 as standalone EBITDA inched up 4% ,2025-05-05,0,False,,,Low ESG relevance or finance-only context,2026-10-04
SIS,Security and Intelligence Services,"Infosys share price falls marginally in today's session Shares of Infosys were trading at Rs 1,466.40 on Monday, showing a decline of 0.22% in today's session. The stock price experienced a slight dip",2025-08-04,-2,False,,"share price, stock price",Low ESG relevance or finance-only context,2026-10-04
SIS,Security and Intelligence Services,"JSW Steel Shares Climb 2.03% Amidst Market Fluctuations In today's trading session, JSW Steel's stock price increased by 2.03%, reaching Rs 1027.45. This upward movement reflects notable activity in t",2025-06-25,-2,False,,"stock price, nifty",Low ESG relevance or finance-only context,2026-10-04
SIS,Security and Intelligence Services,"Mahindra and Mahindra shares fall 2.09% in early trade Shares of Mahindra and Mahindra declined by 2.09% to Rs 3,136.00 in early trade on Friday on the NSE. This decline reflects a shift in investor s",2025-08-01,0,False,,,Low ESG relevance or finance-only context,2026-10-04
SIS,Security and Intelligence Services,"Larsen & Toubro shares gain 0.59% in morning trade; over 1.8 lakh shares traded Shares of Larsen &amp;amp; Toubro were trading with gains in Monday's session. At 10:20 am, the stock was priced at Rs 3",2025-08-04,0,False,,,Low ESG relevance or finance-only context,2026-10-04
SIS,Security and Intelligence Services,"Sensex drops nearly 400 pts, Nifty below 25,000: Muted global cues among key factors behind market decline The equity benchmarks came under pressure on Friday as profit-booking and weak global cues dr",2025-05-16,-4,False,,"intraday, resistance, nifty, sensex",Low ESG relevance or finance-only context,2026-10-04
SIS,Security and Intelligence Services,"Larsen & Toubro shares trade flat; over 4.1 lakh shares traded Shares of Larsen &amp;amp; Toubro were trading flat in Wednesday's session. At 12:20 pm, the stock was priced at Rs 3,641.80 on the NSE, ",2025-08-06,0,False,,,Low ESG relevance or finance-only context,2026-10-04
SIS,Security and Intelligence Services,"Trade Spotlight: How should you trade IndiGo, Asian Paints, Waaree Energies, Jindal Stainless, CSB Bank, Bajaj Finance and others on August 7? The benchmark indices remained under pressure for the sec",2025-08-07,-3,False,,"resistance, support level, nifty",Low ESG relevance or finance-only context,2026-10-04
SIS,Security and Intelligence Services,"Kotak Mahindra Bank shares sink 7% on muted Q1 show; should you buy, sell, or hold? Shares of private lender Kotak Mahindra Bank cracked over seven percent in trade on Monday, July 28, following the b",2025-07-28,-1,False,environment,"target price, brokerage",Low ESG relevance or finance-only context,2026-10-04
SIS,Security and Intelligence Services,"HCL Technologies shares fall 4% on weaker-than-expected Q1 show; should you buy, sell, or hold? IT services player HCL Technologies Ltd shares slipped on Tuesday, July 15, after the information techno",2025-07-15,-2,False,,"target price, brokerage",Low ESG relevance or finance-only context,2026-10-04
SIS,Security and Intelligence Services,"Adani Power shares rise 2.06% in morning trade, among top gainers on Nifty Next 50 Shares of Adani Power gained 2.06% to trade at Rs 616.40 in Monday's session, driven by positive investor sentiment. ",2025-07-14,-1,False,,nifty,Low ESG relevance or finance-only context,2026-10-04
SIS,Security and Intelligence Services,"Grasim Industries stock declines nearly 1% in today's trade Grasim Industries' stock experienced a downturn, declining by 0.97% to Rs 2,521.20 in today's session. This movement reflects a slight beari",2025-06-02,-1,False,,nifty,Low ESG relevance or finance-only context,2026-10-04
SIS,Security and Intelligence Services,"Hindustan Unilever share price falls 0.62% in morning trade Shares of Hindustan Unilever were trading down by 0.62 percent at Rs 2,501.80 on the NSE at 11:00 am on Friday. The stock is part of the Nif",2025-08-08,-2,False,,"share price, nifty",Low ESG relevance or finance-only context,2026-10-04
SIS,Security and Intelligence Services,"Infosys shares fall 0.74% in today's session; over 23.4 lakh shares traded Shares of Infosys were trading lower in Monday's session, with the stock priced at Rs 1,504.50, a decline of 0.74% from the p",2025-07-28,-2,False,,"stock price, nifty",Low ESG relevance or finance-only context,2026-10-04
SIS,Security and Intelligence Services,"Chartist Talks: Ashish Kyal bets on these 2 stocks as Nifty seems to be moving toward 25,000 According to Ashish Kyal of Waves Strategy Advisors, overall Nifty outlook remains positive for a move even",2025-05-01,-2,False,,"resistance, nifty",Low ESG relevance or finance-only context,2026-10-04
SIS,Security and Intelligence Services,"Larsen & Toubro shares trade flat in Thursday's trading session Shares of Larsen &amp;amp; Toubro were trading flat, showing a decline of 0.2% in Thursday's session. The stock's movement is relative t",2025-07-24,0,False,,,Low ESG relevance or finance-only context,2026-10-04
SIS,Security and Intelligence Services,"Bharti Airtel shares fall 2.78%; stock among top losers on Nifty 50 Shares of Bharti Airtel were trading down by 2.78 percent at Rs 1,869.20, making it among the top losers on Nifty 50 in Friday's ses",2025-08-08,0,False,environment,nifty,Low ESG relevance or finance-only context,2026-10-04
SIS,Security and Intelligence Services,"March vehicle sales: M&M reports 23% growth YoY, Eicher Motors 34% Mahindra &amp;amp; Mahindra and Eicher Motors on April 1 reported strong March vehicle sales by rising 23% and 34% on an annual basis",2025-04-01,0,False,,,Low ESG relevance or finance-only context,2026-10-04
SIS,Security and Intelligence Services,"Trade Spotlight: How should you trade Oberoi Realty, Canara Bank, Delhivery, Kajaria Ceramics, Swiggy, Lodha Developers, and others on June 25? Equity benchmarks erased significant gains in the second",2025-06-25,-1,False,sustainable,"resistance, nifty",Low ESG relevance or finance-only context,2026-10-04
SIS,Security and Intelligence Services,"Nestle India shares rise 2.13% on Nifty 50 Shares of Nestle India gained 2.13% to trade at Rs 2,467.70 on Wednesday. This increase reflects a positive movement from the previous close, with the stock ",2025-07-16,-1,False,,nifty,Low ESG relevance or finance-only context,2026-10-04
SIS,Security and Intelligence Services,"Avenue Supermarts share price falls 2.11% in Friday's session; stock among top losers on Nifty Next 50 Shares of Avenue Supermarts declined by 2.11% to Rs 4,173.60 in Friday's session at 3:03 pm, maki",2025-08-08,-2,False,,"share price, nifty",Low ESG relevance or finance-only context,2026-10-04
SIS,Security and Intelligence Services,"Larsen & Toubro shares fall 0.55% in today's session; over 18.8 lakh shares traded Shares of Larsen &amp;amp; Toubro were trading at Rs 3,424.10 in Monday's session, a 0.55% decline from the previous ",2025-07-28,0,False,,,Low ESG relevance or finance-only context,2026-10-04
SIS,Security and Intelligence Services,"Check these 3 PSU banks breaking out on charts in current banking rally Wohoo! There’s a wave of excitement sweeping through Dalal Street as the Bank Nifty sprints towards its all-time high of 54,467 ",2025-04-20,-2,False,,"resistance, nifty",Low ESG relevance or finance-only context,2026-10-04
SIS,Security and Intelligence Services,"Nestle India share price falls over 2% in early trade Shares of Nestle India declined by 2.06% to Rs 2,274.30 in Friday's early trading session. This decline reflects a negative shift in investor sent",2025-07-25,-2,False,,"share price, nifty",Low ESG relevance or finance-only context,2026-10-04
SIS,Security and Intelligence Services,"JSW Steel share price falls 2% in Friday's trading session Shares of JSW Steel declined by 2% to trade at Rs 1,043.50 in Friday's session. This represents a 2% decrease compared to its previous closin",2025-08-08,-2,False,,"share price, nifty",Low ESG relevance or finance-only context,2026-10-04
SIS,Security and Intelligence Services,"Infosys shares fall marginally in today's session; over 9.3 lakh shares traded Shares of Infosys were trading lower in Wednesday's session. The stock is currently priced at Rs 1,511.70 on the NSE, a d",2025-07-30,-1,False,,trading volume,Low ESG relevance or finance-only context,2026-10-04
SIS,Security and Intelligence Services,"Larsen & Toubro shares gain 1.11%, among top gainers on Nifty 50 Shares of Larsen &amp;amp; Toubro were trading higher at Rs 3,503.10, a gain of 1.11% in Monday's session. The stock was identified amo",2025-07-21,-1,False,,nifty,Low ESG relevance or finance-only context,2026-10-04
SIS,Security and Intelligence Services,"JSW Steel Shares Fall 1.7% in Today's Trading Session During today's session, JSW Steel experienced a downturn, with its stock price decreasing by 1.68% to Rs 976.80. This movement reflects ongoing tr",2025-06-02,-2,False,,"stock price, nifty",Low ESG relevance or finance-only context,2026-10-04
SIS,Security and Intelligence Services,"Nifty, Sensex give up gains to trade flat while smallcaps outshine amid cooling volatility The domestic equity markets opened on a positive note buoyed by favourable global cues on Tuesday, July 22, a",2025-07-22,-3,False,inclusion,"resistance, support level, nifty, sensex",Low ESG relevance or finance-only context,2026-10-04
SIS,Security and Intelligence Services,"Trade Spotlight: How should you trade Fortis Healthcare, Sumitomo Chemical, Ramco Cements, HDFC Life, Hindustan Zinc, and others on April 1? The benchmark indices recorded a third of a percent loss on",2025-04-01,-3,False,,"resistance, support level, trading volume",Low ESG relevance or finance-only context,2026-10-04
SIS,Security and Intelligence Services,"M&M Finance shares fall 3% after Q1 net profit declines 6% QoQ: Should you buy, sell or hold? Mahindra &amp;amp; Mahindra Finance shares dropped nearly 3 percent on July 23, a day after the company re",2025-07-23,-1,False,sustainable,"target price, brokerage",Low ESG relevance or finance-only context,2026-10-04
SIS,Security and Intelligence Services,"ITC, HUL, other FMCG stocks rise as defensives gain traction; here's what brokerages say The Nifty FMCG index remained in the green for the second consecutive session on February 25. The index rose 0.",2025-02-25,-1,False,environment,"brokerage, nifty",Low ESG relevance or finance-only context,2026-10-04
SIS,Security and Intelligence Services,"Eternal-Zomato Shares Climb 2.10% in Today's Trading During today's trading session, Eternal experienced a price increase of 2.10%, reaching Rs 252.43. This rise positions Eternal among the gainers, r",2025-06-19,0,False,inclusion,nifty,Low ESG relevance or finance-only context,2026-10-04
SIS,Security and Intelligence Services,"Infosys Q1 preview: 5 key factors to watch for As Infosys gets ready to announce its first quarter results on July 23, investors will be closely tracking signs of a turnaround at India’s second-larges",2025-07-22,0,False,environment,brokerage,Low ESG relevance or finance-only context,2026-10-04
SIS,Security and Intelligence Services,"SBI regains home loan crown, outpaces HDFC Bank by Rs 8,000 crore to top the housing segment India's largest lender State Bank of India (SBI) has reclaimed its position as the top home loan lender, su",2025-08-08,0,False,,,Low ESG relevance or finance-only context,2026-10-04
SIS,Security and Intelligence Services,"Infosys shares fall 0.81% in Thursday's trading session Shares of Infosys were trading at Rs 1,425 on the NSE, a decline of 0.81% from the previous close, at 12:00 pm. The stock is currently trading l",2025-08-07,0,False,,,Low ESG relevance or finance-only context,2026-10-04
SIS,Security and Intelligence Services,"NBFCs speeding up IPO plans, likely to raise over Rs 30,000 crore in FY26: Report Non banking financial companies are expected to speed up their initial public offering (IPO) processes to benefit from",2025-06-27,0,False,,,Low ESG relevance or finance-only context,2026-10-04
SIS,Security and Intelligence Services,"Eternal shares surge 9% amid high volume in Tuesday's session; stock is the top gainer on Nifty 50 Shares of Eternal surged 9%  in Tuesday's session, experiencing a significant jump in volume. The sto",2025-07-22,-1,False,,nifty,Low ESG relevance or finance-only context,2026-10-04
SIS,Security and Intelligence Services,Dr Reddy’s Q1FY26 preview: US headwinds may weigh on margins but revenue may see double-digit growth Analysts expect a strong top-line performance supported by India and emerging markets (EMs) when Dr,2025-07-22,-1,False,,brokerage,Low ESG relevance or finance-only context,2026-10-04
SIS,Security and Intelligence Services,"Chartist Talks: These 2 stocks likely to outperform benchmark index in March, says Rahul Ghose of Hedged &quot;One can expect HDFC Bank and Hindalco Industries to outperform Nifty &amp;amp; trade with",2025-03-03,-3,False,,"brokerage, resistance, nifty",Low ESG relevance or finance-only context,2026-10-04
SIS,Security and Intelligence Services,"Reduce Nestle India; target of Rs 2300: Emkay Global Financial Emkay Global Financial's research report on Nestle India  We see demand stress persisting in a major part of the portfolio, with demand f",2025-04-25,0,False,,,Low ESG relevance or finance-only context,2026-10-04
SIS,Security and Intelligence Services,Hero Motocorp share price falls over 2% in trade Shares of Hero Motocorp declined by over 2% in Friday's session. This decline comes amid a broader fall in shares of 2-wheeler makers. Other players li,2025-07-25,-1,False,,share price,Low ESG relevance or finance-only context,2026-10-04
SIS,Security and Intelligence Services,"Avenue Supermarts Shares Fall 3.4% Amid High Volume Trading in Today's Session Avenue Supermarts experienced a notable downturn during today's session, with its shares declining by 3.41% to Rs 4242.00",2025-07-03,-2,False,,"trading volume, nifty",Low ESG relevance or finance-only context,2026-10-04
SIS,Security and Intelligence Services,"Bosch stock falls marginally amid high volume in today's session Shares of Bosch were down by 0.51% to Rs 35860.00 in Tuesday's session amid volume surge. The stock is part of the NIFTY NEXT 50 index,",2025-07-08,-1,False,,nifty,Low ESG relevance or finance-only context,2026-10-04
SIS,Security and Intelligence Services,Larsen & Toubro quarterly results announcement scheduled for July 29 The quarterly results for Larsen &amp;amp; Toubro are scheduled to be announced on July 29.    Financial Performance    The followi,2025-07-25,0,False,,,Low ESG relevance or finance-only context,2026-10-04
SIS,Security and Intelligence Services,"Sensex falls 600 pts, Nifty below 24,600: Tariff tensions, other key factors behind market decline The benchmark equity indices fell sharply on Monday, with the BSE Sensex tumbling nearly 600 points a",2025-06-02,-2,False,,"nifty, sensex",Low ESG relevance or finance-only context,2026-10-04
SIS,Security and Intelligence Services,"Infosys shares down nearly 1.5% in Friday's trading session Shares of Infosys were trading lower on Friday, with the stock declining nearly 1.5%. Shares are extending losses along with other IT majors",2025-07-25,0,False,,,Low ESG relevance or finance-only context,2026-10-04
SIS,Security and Intelligence Services,"Adani Enterprises share price falls 2.12% in early trade Shares of Adani Enterprises declined by 2.12% to Rs 2,202.20 in early trade on Friday. The stock's movement reflects a decrease from its previo",2025-08-08,-1,False,,share price,Low ESG relevance or finance-only context,2026-10-04
SIS,Security and Intelligence Services,"ICICI Bank delivers blockbuster Q4 despite macro headwinds, brokerage upgrades pour in; shares end flat India's second largest private sector lender ICICI Bank's shares trimmed their intraday gains on",2025-04-21,-2,False,environment,"target price, brokerage, intraday",Low ESG relevance or finance-only context,2026-10-04
SIS,Security and Intelligence Services,"Eternal shares rise over 2%; among top Nifty gainers Eternal shares jump over 2% to trade near day's high. The stock is among the top Nifty gainers, reflecting positive investor sentiment.    Financia",2025-07-14,0,False,compliance,nifty,Low ESG relevance or finance-only context,2026-10-04
SIS,Security and Intelligence Services,"Chartist Talks: June breakout on the cards? Sudeep Shah bets on these 2 stocks for next week According to Sudeep Shah of SBI Securities, the market is possibly gearing up for a directional breakout in",2025-06-01,-2,False,sustainable,"technical chart, resistance, nifty",Low ESG relevance or finance-only context,2026-10-04
SIS,Security and Intelligence Services,Hindalco Industries shares drop amid weakness in metal index Shares of Hindalco Industries declined by over 2% amid a broader fall in metal shares. The metal index is under pressure as Trump threatens,2025-07-09,0,False,,,Low ESG relevance or finance-only context,2026-10-04
SIS,Security and Intelligence Services,"Larsen &Toubro share price falls 0.73% in early trade Shares of Larsen &amp;amp; Toubro were trading at Rs 3,452 in Friday's session, a decline of 0.73% from the previous close, as of 10:40 am. The st",2025-07-25,-1,False,,share price,Low ESG relevance or finance-only context,2026-10-04
SIS,Security and Intelligence Services,"Small, midcap indices jump over 1%, outperform benchmarks: Here are the top gainers The shares of several smallcap and midcap indices recorded strong gains on June 9, pushing the broader market indice",2025-06-09,0,False,"sustainable, safety","nifty, sensex",Low ESG relevance or finance-only context,2026-10-04
SIS,Security and Intelligence Services,"ITC shares gain marginally; over 54 lakh shares traded Shares of ITC saw marginal gains in Friday's session, trading at Rs 414.05 on the NSE, a 0.11% increase from the previous close. Over 54.26 lakh ",2025-08-08,0,False,,,Low ESG relevance or finance-only context,2026-10-04
SIS,Security and Intelligence Services,"SBI Q1 results: Net profit rises 12% to Rs 19,160 crore, beats estimates State Bank of India Ltd on August 8 reported 12% rise in net profit at Rs 19,160 crore for the June quarter as compared to Rs 1",2025-08-08,-1,False,,q1 results,Low ESG relevance or finance-only context,2026-10-04
SIS,Security and Intelligence Services,"Avenue Supermarts shares rise 2.23% in Wednesday's session Shares of Avenue Supermarts were trading higher at Rs 4,088 in Wednesday's session, marking a 2.23% increase. The stock's positive movement p",2025-07-30,-1,False,,nifty,Low ESG relevance or finance-only context,2026-10-04
SIS,Security and Intelligence Services,"Sensex erases morning gains, Nifty tumbles under 25,500; PSU banks, realty stocks lag Dalal Street wiped off all its morning gains in trade on Wednesday, July 2, after opening mildly in the green, as ",2025-07-02,-5,False,,"target price, brokerage, resistance, nifty, sensex",Low ESG relevance or finance-only context,2026-10-04
SIS,Security and Intelligence Services,"Infosys share price falls 1.63% in today's session Shares of Infosys were trading lower in Thursday's session, with the stock currently priced at Rs 1,548.80, a 1.63% decrease. The stock touched a day",2025-07-24,-2,False,,"share price, nifty",Low ESG relevance or finance-only context,2026-10-04
SIS,Security and Intelligence Services,"Bajaj Finance shares trade flat after hitting day's high, day's low Shares of Bajaj Finance were trading at Rs 879.10, a gain of 0.28% in Thursday's session. The stock touched a day's high of Rs 882.0",2025-08-07,0,False,,,Low ESG relevance or finance-only context,2026-10-04
SIS,Security and Intelligence Services,"Tata Consultancy Services shares see moderate fall in Thursday's session Shares of Tata Consultancy Services were trading at Rs 3,020.30 on the NSE, a decline of 0.40% in Thursday's session. The stock",2025-08-07,0,False,,,Low ESG relevance or finance-only context,2026-10-04
SIS,Security and Intelligence Services,"Sensex crashes 600 pts from day's high, Nifty below 24,750: Fed minutes, other key factors behind market decline The benchmark equity indices erased early gains and slipped into the red by mid-session",2025-05-29,-2,False,,"nifty, sensex",Low ESG relevance or finance-only context,2026-10-04
SIS,Security and Intelligence Services,"Maruti Suzuki India Shares Rise by Over 2%     During today's session, Maruti Suzuki India shares experienced a rise of 2.14%, with the price reaching Rs 12385.00. This increase reflects a notable shi",2025-06-06,-2,False,,"share price, nifty",Low ESG relevance or finance-only context,2026-10-04
SIS,Security and Intelligence Services,"ABB India shares decline 1.36% amid high volume in Wednesday's session ABB India's stock experienced a decline of 1.36% to Rs 5,532.00 in Wednesday's trading session, accompanied by a surge in volume.",2025-07-16,-1,False,,nifty,Low ESG relevance or finance-only context,2026-10-04
SIS,Security and Intelligence Services,"Rapido food delivery foray: New entrants been unsuccessful; expect minimal impact on Zomato, Swiggy duopoly, say analysts Rapido’s entry into food delivery is unlikely to disrupt the Zomato-Swiggy duo",2025-06-11,-1,False,,target price,Low ESG relevance or finance-only context,2026-10-04
SIS,Security and Intelligence Services,"Private banks more successful than PSU banks in attracting deposits this fiscal Private banks have been more successful in attracting deposits compared to state-run lenders so far this fiscal, an IIFL",2025-03-03,0,False,,,Low ESG relevance or finance-only context,2026-10-04
SIS,Security and Intelligence Services,"Tata Consultancy Services shares fall marginally; over 11.7 lakh shares traded Tata Consultancy Services shares traded at Rs 3,043.10, a marginal decline of 0.13% in Friday's session. A total of 1,174",2025-08-08,-2,False,,"trading volume, nifty",Low ESG relevance or finance-only context,2026-10-04
SIS,Security and Intelligence Services,"Larsen & Toubro shares trade flat in Tuesday's session Shares of Larsen &amp;amp; Toubro were trading at Rs 3,629.80 in Tuesday's session, a marginal decline of 0.04% from the previous close, as of 11",2025-08-05,0,False,,,Low ESG relevance or finance-only context,2026-10-04
SIS,Security and Intelligence Services,"HDFC Bank cuts interest rates on select FD, savings accounts post-RBI rate cut: Check the latest rates here HDFC Bank has revised its interest rates on fixed deposits and savings accounts effectively ",2025-06-10,0,False,,,Low ESG relevance or finance-only context,2026-10-04
SIS,Security and Intelligence Services,"Bank Nifty rises for 8th day: Index surges 2%; Kotak Mahindra Bank shares hit three-year high Bank stocks recorded significant gains on March 24, pushing the Nifty Bank index higher in the green terri",2025-03-24,-6,False,,"share price, target price, brokerage, resistance, nifty, sensex",Low ESG relevance or finance-only context,2026-10-04
SIS,Security and Intelligence Services,"Buy Power Grid Corporation of India; target of Rs 345: Motilal Oswal Motilal Oswal's research report on Power Grid Corporation of India  In 1QFY26, Power Grid Corporation (PWGR) reported a standalone ",2025-08-05,0,False,,,Low ESG relevance or finance-only context,2026-10-04
SIS,Security and Intelligence Services,"Adani Total Gas Shares Decline by 2.03% in Today's Trading Session During today's trading session, Adani Total Gas shares experienced a decline of 2.03%, reaching a price of Rs 645.40. This movement p",2025-06-16,-1,False,,nifty,Low ESG relevance or finance-only context,2026-10-04
SIS,Security and Intelligence Services,"Larsen & Toubro shares fall 0.91% in early trade Shares of Larsen &amp;amp; Toubro were trading lower in Friday's session, with the stock currently priced at Rs 3,603.40, a decline of 0.91% from the p",2025-08-01,-1,False,,nifty,Low ESG relevance or finance-only context,2026-10-04
SIS,Security and Intelligence Services,"Dr Reddys Laboratories Shares Rise in Today's Trading Session During today's trading session, Dr Reddys Laboratories experienced a marginal increase, with its shares rising by 0.56% to Rs 1,255.30. Th",2025-06-04,-1,False,labor,"share price, nifty",Low ESG relevance or finance-only context,2026-10-04
SIS,Security and Intelligence Services,"Hindalco Q4 standalone net profit rises 10% to Rs 1,561 crore; firm declares Rs 5 dividend Hindalco Industries Ltd on May 20 reported a 10 percent  year-on-year (YoY) rise in standalone net profit to ",2025-05-20,0,False,,,Low ESG relevance or finance-only context,2026-10-04
SIS,Security and Intelligence Services,"Stocks to Watch Today: Eternal, Hero MotoCorp, Trent, Bharat Forge, BHEL, Lumax Ind, Fortis Healthcare, Datamatics Global, Bajaj Holdings in focus on 7 August Let's catch up on the latest news from th",2025-08-07,0,False,,,Low ESG relevance or finance-only context,2026-10-04
SIS,Security and Intelligence Services,"Larsen & Toubro shares fall 0.62% in morning trade Shares of Larsen &amp;amp; Toubro were trading lower at Rs 3,421.70 on Monday, a 0.62% decrease from the previous close, as of 10:50 am.    On July 2",2025-07-28,0,False,,,Low ESG relevance or finance-only context,2026-10-04
SIS,Security and Intelligence Services,"Sensex falls over 700 pts, Nifty slips below 24,350: Higher tariffs by Trump among key factors behind market fall The benchmark equity indices extended declined for third straight day on Thursday as i",2025-08-07,-2,False,,"nifty, sensex",Low ESG relevance or finance-only context,2026-10-04
SIS,Security and Intelligence Services,Buy Avenue Supermarts; target of Rs 4500: Motilal Oswal Motilal Oswal's research report on Avenue Supermarts  Avenue Supermarts (DMART) posted another weak set in 1QFY26 as standalone EBITDA grew 8% Y,2025-07-14,0,False,,,Low ESG relevance or finance-only context,2026-10-04
SIS,Security and Intelligence Services,Zomato-parent Eternal's shares rally over 7% despite 90% plunge in Q1 net profit: Here's why Online delivery firm Eternal's shares sharply rallied 7.5 percent to close at Rs 276.50 apiece on NSE. This,2025-07-21,0,False,,,Low ESG relevance or finance-only context,2026-10-04
SIS,Security and Intelligence Services,"IndusInd Bank shares trade 1.5% lower ahead of Q4 results Shares of IndusInd Bank were trading 1.5 percent lower on May 21 ahead of the lender's March quarter results, scheduled to be released later i",2025-05-21,-3,False,,"brokerage, q4 results, nifty",Low ESG relevance or finance-only context,2026-10-04
SIS,Security and Intelligence Services,"Kotak Mahindra Bank Q1 Results: Net profit declines 7% to Rs 3,282 crore Kotak Mahindra Bank, on July 26, reported a standalone net profit of Rs 3,282 crore during Q1 FY26, registering a 7 percent yea",2025-07-26,-1,False,,q1 results,Low ESG relevance or finance-only context,2026-10-04
SIS,Security and Intelligence Services,"Avenue Supermarts shares surge 3.40% amid high trading volume During today's session, Avenue Supermarts experienced a notable surge in trading activity, with its shares climbing 3.40% to reach Rs 4197",2025-06-18,-2,False,,"trading volume, nifty",Low ESG relevance or finance-only context,2026-10-04
SIS,Security and Intelligence Services,Ambuja Cements shares fall 2.19% in afternoon trade Shares of Ambuja Cements declined by 2.19% to Rs 604.30 in Thursday's session. The stock is a constituent of the Nifty Next 50 index. The stock's mo,2025-07-31,0,False,esg,nifty,Low ESG relevance or finance-only context,2026-10-04
SIS,Security and Intelligence Services,"HCL Technologies shares fall 2.70% amid high volume in early trade Shares of HCL Technologies declined by 2.70% to Rs 1,576 in early trade on Tuesday. The stock experienced a jump in volume and is cur",2025-07-15,-1,False,,nifty,Low ESG relevance or finance-only context,2026-10-04
SIS,Security and Intelligence Services,"Mid, smallcap indices surge over 4% on India-Pak ceasefire, Sino-US deal on trade The shares of midcap and smallcap companies strongly surged on May 12, pushing the Nifty Midcap and Nifty Smallcap ind",2025-05-12,-1,False,renewable,"nifty, sensex",Low ESG relevance or finance-only context,2026-10-04
SIS,Security and Intelligence Services,"Trade Spotlight: How should you trade Maruti Suzuki, Apollo Tyres, HDFC Life Insurance, Max Financial Services, Power Grid, and others on May 2? The benchmark indices remained rangebound for another s",2025-05-02,-1,False,labor,"candlestick, resistance",Low ESG relevance or finance-only context,2026-10-04
SIS,Security and Intelligence Services,"Sensex snaps 2-day winning streak, Nifty holds 22,500 after volatile session amid US tariff concerns; IT, realty drag Sensex ended marginally lower on Friday after a choppy session as concerns over gl",2025-03-07,-4,False,,"intraday, resistance, nifty, sensex",Low ESG relevance or finance-only context,2026-10-04
SIS,Security and Intelligence Services,"Markets fall for 5th day: Sensex plunges 1,000 pts, Nifty below 23,100; Rs 9 lakh crore m-cap wiped out The market bloodbath continued for the fifth straight session as Sensex and Nifty 50 plunged 1.5",2025-02-11,-4,False,,"support level, q3 results, nifty, sensex",Low ESG relevance or finance-only context,2026-10-04
SIS,Security and Intelligence Services,Market likely to be directionless but experts bet on these 8 stocks for next week The market retreated some of the gains from the previous week and closed 0.7 percent lower amid rangebound trading for,2025-03-15,-4,False,,"resistance, support level, trading volume, nifty",Low ESG relevance or finance-only context,2026-10-04
SIS,Security and Intelligence Services,"Q1FY26 earnings: HDFC Life, ICICI Prudential rebalance product mix, inch towards protection-led growth In the first quarter of FY26, India’s top private life insurers, HDFC Life and ICICI Prudential L",2025-07-16,0,False,,,Low ESG relevance or finance-only context,2026-10-04
SIS,Security and Intelligence Services,"ABB India shares decline 3.17% amid volume surge Shares of ABB India experienced a decline of 3.17% to trade at Rs 5,216.50 on Monday. The stock's movement was marked by high trading volume and a volu",2025-08-04,-2,False,,"trading volume, nifty",Low ESG relevance or finance-only context,2026-10-04
SIS,Security and Intelligence Services,"Infosys shares fall 0.96% in early trade Shares of Infosys were trading at Rs 1,501.50 on the NSE, down by 0.96% in Tuesday's early session. The stock price movement reflects a decrease of Rs 14.50 fr",2025-07-29,-1,False,labor,"stock price, nifty",Low ESG relevance or finance-only context,2026-10-04
SIS,Security and Intelligence Services,"Hindustan Unilever shares fall marginally in early trade Shares of Hindustan Unilever were trading at Rs 2,529.40 on the NSE, down by 0.24% in early trade. This slight decrease reflects a change of Rs",2025-08-07,-1,False,,nifty,Low ESG relevance or finance-only context,2026-10-04
SIS,Security and Intelligence Services,"Larsen & Toubro shares rise 1.19% in Monday's trading session Shares of Larsen &amp;amp; Toubro were up 1.19% at Rs 3,630 in Monday's trading session. Earlier in the session, the stock had touched an ",2025-08-04,-1,False,,intraday,Low ESG relevance or finance-only context,2026-10-04
SIS,Security and Intelligence Services,"Sensex falls 800 pts, goes below 80k, Nifty at 24,400: Tariff jitters among key factors behind market fall The equity benchmark indices Sensex and Nifty gave up previous session’s gains to settle 1 pe",2025-08-08,-4,False,,"intraday, resistance, nifty, sensex",Low ESG relevance or finance-only context,2026-10-04
SIS,Security and Intelligence Services,"Infosys share price falls 1.13% in early trade Shares of Infosys declined by 1.13% to Rs 1,498.60 in early trade on Monday. This decline reflects a decrease from its previous close, with the stock cur",2025-07-28,-2,False,,"share price, nifty",Low ESG relevance or finance-only context,2026-10-04
SIS,Security and Intelligence Services,"Eternal stock hits 52-week high, share price gains over 3% Shares of Eternal hit a 52-week high of Rs 311.70 on the NSE in Thursday's session. The stock was trading higher by nearly  3% from its previ",2025-07-24,-1,False,,share price,Low ESG relevance or finance-only context,2026-10-04
SIS,Security and Intelligence Services,"Larsen & Toubro shares fall 0.85% in today's session; over 17.8 lakh shares traded Larsen &amp;amp; Toubro shares experienced a decline of 0.85% to Rs 3,473.90 in Thursday's trading session, as of 2:2",2025-07-17,-2,False,,"trading volume, nifty",Low ESG relevance or finance-only context,2026-10-04
SIS,Security and Intelligence Services,"Bosch shares rise 2.01% in early trade Bosch shares experienced a rise of 2.01% in Tuesday's early trading session, with the stock price reaching Rs 38,605. The stock is currently trading on the NIFTY",2025-07-15,-2,False,,"stock price, nifty",Low ESG relevance or finance-only context,2026-10-04
SIS,Security and Intelligence Services,"JSW Steel shares hit all-time high of Rs 1,074.90 on NSE Shares of JSW Steel reached an all-time high of Rs 1,074.90 on the NSE in Thursday's session, before closing at Rs 1,070.80. This represents a ",2025-08-07,-1,False,,nifty,Low ESG relevance or finance-only context,2026-10-04
SIS,Security and Intelligence Services,"April may be the best month for stocks, February the bleakest: Here’s why Wall Street often kicks off the year with a 'January effect' when shares rise more than any other month, but back home, an 'Ap",2025-05-30,0,False,,,Low ESG relevance or finance-only context,2026-10-04
SIS,Security and Intelligence Services,"Trade Spotlight: How should you trade HDFC Bank, ITC, Godrej Properties, Rail Vikas Nigam, Pennar Industries, BHEL, Inox Wind and others on May 27? Equity benchmark indices continued their upward jour",2025-05-27,-1,False,,nifty,Low ESG relevance or finance-only context,2026-10-04
SIS,Security and Intelligence Services,"ABB India shares shoot up 3% as Motilal Oswal reiterates ‘buy’ on growth prospects In its recent annual report, ABB India Ltd. stressed upon its emphasis towards its potential high-growth segments, ex",2025-04-16,-1,False,water,"target price, brokerage",Low ESG relevance or finance-only context,2026-10-04
SIS,Security and Intelligence Services,"Jio Financial Services approves Rs 15,825 crore capital raise via preferential warrants to promoters The board of financial services major and Nifty 50 company Jio Financial Services (JFSL) has approv",2025-07-31,-1,False,,nifty,Low ESG relevance or finance-only context,2026-10-04
SIS,Security and Intelligence Services,"Hero Motocorp shares decline by 2.07% in today's session Shares of Hero Motocorp experienced a decline of 2.07% during today's trading session, with the price reaching Rs 4220.20. This movement reflec",2025-06-02,-1,False,,nifty,Low ESG relevance or finance-only context,2026-10-04
SIS,Security and Intelligence Services,"Eternal Shares Climb 0.74%, Experience Surge in Trading Volume in Today's Session     Eternal's stock saw a notable increase in trading volume during today's session, with shares climbing 0.74% to rea",2025-06-04,-2,False,,"trading volume, nifty",Low ESG relevance or finance-only context,2026-10-04
SIS,Security and Intelligence Services,"ICICI Bank Q4 Results: Net profit up 18% YoY at Rs 12,630 crore, beats estimate; Rs 11 dividend declared India's second largest private sector lender ICICI Bank reported its financial results for the ",2025-04-19,-1,False,,q4 results,Low ESG relevance or finance-only context,2026-10-04
SIS,Security and Intelligence Services,"Sensex, Nifty down as bank, auto stocks under pressure; mid-, small-cap indices fall over 1% India’s benchmark indices, Sensex and Nifty, were down on February 11, extending their losing streak to the",2025-02-11,-4,False,,"target price, resistance, nifty, sensex",Low ESG relevance or finance-only context,2026-10-04
SIS,Security and Intelligence Services,"Infosys shares among top losers on Nifty 50, decline 0.39% Shares of Infosys were trading down on Tuesday, with the stock priced at Rs 1,510.10 on the NSE at 1:10 pm. The stock is among the top losers",2025-07-29,-2,False,,"stock price, nifty",Low ESG relevance or finance-only context,2026-10-04
SIS,Security and Intelligence Services,"Mahindra and Mahindra shares fall 2.04% in morning trade Shares of Mahindra and Mahindra declined by 2.04% to Rs 3,097.90 in Friday's session. The stock's movement reflects a decrease from its previou",2025-07-11,-1,False,,nifty,Low ESG relevance or finance-only context,2026-10-04
SIS,Security and Intelligence Services,"Vedanta Q4 net profit rises 154% on-year to Rs 3,483 crore Vedanta on Wednesday reported a 154 percent rise in consolidated net profit to Rs 3,483 crore for the quarter ended March 31, 2025 driven by ",2025-04-30,0,False,,,Low ESG relevance or finance-only context,2026-10-04
SIS,Security and Intelligence Services,"Glenmark Pharma share price falls 2.01% in Wednesday's trading session Shares of Glenmark Pharma declined by 2.01% to trade at Rs 2,011.30 on Wednesday. The stock is a constituent of the Nifty Midcap ",2025-08-06,-2,False,,"share price, nifty",Low ESG relevance or finance-only context,2026-10-04
SIS,Security and Intelligence Services,Chartist Talks: These two stocks that can brighten your portfolio according to SBI Securities' Sudeep Shah Sudeep Shah of SBI Securities bullish on Kotak Mahindra Bank and Chennai Petroleum Corporatio,2025-03-14,-3,False,,"candlestick, resistance, nifty",Low ESG relevance or finance-only context,2026-10-04
SIS,Security and Intelligence Services,"Hindustan Zinc shares fall 2.26%, stock among top Midcap losers in today's session Shares of Hindustan Zinc experienced a downturn during today's trading session, falling by 2.26%. The stock is curren",2025-06-04,-2,False,,"share price, nifty",Low ESG relevance or finance-only context,2026-10-04
SIS,Security and Intelligence Services,"Lloyds Metals and Energy Hits All-Time High of Rs 1,551.70 on BSE During today's trading session, Lloyds Metals and Energy reached an all-time high of Rs 1,551.70 on the Bombay Stock Exchange (BSE). A",2025-06-26,-1,False,,nifty,Low ESG relevance or finance-only context,2026-10-04
SIS,Security and Intelligence Services,Trump tariffs set to wipe out nearly $2 trillion from US stocks Roughly $1.7 trillion is set to be erased from the S&amp;amp;P 500 Index when trading opens Thursday amid worries that President Donald ,2025-04-03,0,False,,,Low ESG relevance or finance-only context,2026-10-04
SIS,Security and Intelligence Services,"Glenmark Pharma share price falls 2.1% in today's session; stock among top losers on Nifty Midcap 150 Shares of Glenmark Pharma declined by 2.1% to Rs 2,019.50 in Friday's session, making it one of th",2025-08-08,-2,False,,"share price, nifty",Low ESG relevance or finance-only context,2026-10-04
SIS,Security and Intelligence Services,"Glenmark Pharma shares rise 2.05% on Nifty Midcap 150 Shares of Glenmark Pharma gained 2.05% to trade at Rs 2,225.80 in Monday's session. The stock is among the top gainers on the Nifty Midcap 150 ind",2025-07-14,-1,False,,nifty,Low ESG relevance or finance-only context,2026-10-04
SIS,Security and Intelligence Services,"Mankind Pharma Shares Rise 2.24% in Today's Trading Amid Very Bearish Sentiment During today's trading session, Mankind Pharma experienced a notable price increase of 2.24%, with the stock price reach",2025-06-12,-2,False,,"stock price, nifty",Low ESG relevance or finance-only context,2026-10-04
SIS,Security and Intelligence Services,Glenmark arm IGI licenses cancer drug to AbbVie for upfront $700 mn with $1.22 bn in milestone payment Glenmark Pharmaceuticals Ltd on July 10 said its step-down wholly-owned subsidiary Ichnos Glenmar,2025-07-10,-1,False,,resistance,Low ESG relevance or finance-only context,2026-10-04
SIS,Security and Intelligence Services,"Samvardhana Motherson International Shares Decline by 2.05% in Today's Trading Session During today's trading session, Samvardhana Motherson International experienced a decline of 2.05%, bringing the ",2025-06-16,0,False,inclusion,nifty,Low ESG relevance or finance-only context,2026-10-04
SIS,Security and Intelligence Services,"Domestic manufacturers eye JVs with South Korean, Japanese firms to avoid China: Report Top domestic contract manufacturers are avoiding Chinese firms for joint ventures and technical partnerships and",2025-07-08,0,False,,,Low ESG relevance or finance-only context,2026-10-04
SIS,Security and Intelligence Services,"Ajanta Pharma Promoter Pledges 2.6 Lakh Shares for Lender Change       Aayush Agrawal, in his capacity as Trustee of Aayush Agrawal Trust and a member of the promoter group of Ajanta Pharma Limited, h",2025-06-17,0,False,compliance,share price,Low ESG relevance or finance-only context,2026-10-04
SIS,Security and Intelligence Services,Indian Renewable Energy Development Agency-IREDA shares fall 2.01% in today's session Shares of Indian Renewable Energy Development Agency (IREDA) experienced a decline of 2.01% during today's session,2025-06-19,0,False,renewable,nifty,Low ESG relevance or finance-only context,2026-10-04
SIS,Security and Intelligence Services,"Brokerages remain bullish on NMDC despite 22% sequential fall in profit, see 20% upside Shares of public-owned NMDC shares gained in trade on Thursday, May 29, after brokerages and experts rolled out ",2025-05-29,-2,False,,"target price, brokerage",Low ESG relevance or finance-only context,2026-10-04
SIS,Security and Intelligence Services,"US reciprocal tariffs could weigh on Indian specialty chemical firms, warns Citi The Indian specialty chemicals sector could see an impact on profitability when U.S. President Donald Trump's reciproca",2025-02-19,0,False,environment,brokerage,Low ESG relevance or finance-only context,2026-10-04
SIS,Security and Intelligence Services,"Morgan Stanley turns constructive on chemicals, upgrades PI Industries, Navin Fluorine Chemical players PI Industries Ltd and Navin Fluorine Ltd bagged a rating upgrade from international brokerage Mo",2025-06-16,-2,False,,"target price, brokerage",Low ESG relevance or finance-only context,2026-10-04
SIS,Security and Intelligence Services,"YES BANK Gets ₹78 Cr from Trust in Security Receipts Portfolio       YES BANK Limited announced on Tuesday, June 17, 2025, that it has received INR 78 crores from a single trust within its Security Re",2025-06-17,0,False,compliance,stock price,Low ESG relevance or finance-only context,2026-10-04
SIS,Security and Intelligence Services,"Deepak Nitrite shares extend fall amid midcap risk aversion, but DAM and Morgan Stanley have bullish targets Select brokerage notes are turning positive on Deepak Nitrite after the shares had a massiv",2025-02-18,-2,False,,"buy call, brokerage",Low ESG relevance or finance-only context,2026-10-04
SIS,Security and Intelligence Services,"Cochin Shipyard shares fall 2% in Tuesday's session Shares of Cochin Shipyard experienced a decline of 2% to trade at Rs 2,010.60 in Tuesday's session, according to a recent market alert. This movemen",2025-07-08,-1,False,,nifty,Low ESG relevance or finance-only context,2026-10-04
SIS,Security and Intelligence Services,"Data Patterns, Cochin Shipyard, Zen Technologies shares see profit booking after tearaway rally in last one month Data Patterns, Cochin Shipyard, Zen Technologies shares fell up to 3.6% after optimism",2025-06-09,-2,False,,"share price, nifty",Low ESG relevance or finance-only context,2026-10-04
SIS,Security and Intelligence Services,"Lupin shares rise 2.03% in early trade Shares of Lupin gained 2.03% in Thursday's session, with the stock currently trading at Rs 1,889.40. This increase comes as the broader market is showing some po",2025-08-07,0,False,,,Low ESG relevance or finance-only context,2026-10-04
SIS,Security and Intelligence Services,"Analysts mixed on steel duties; EBITDA/tonne may rise, but price hike window limited After the Union government's Directorate General of Trade Remedies (DGTR) recommended a 12 percent safeguard duty o",2025-03-20,-1,False,,brokerage,Low ESG relevance or finance-only context,2026-10-04
SIS,Security and Intelligence Services,"Deepak Nitrite shares fall 2.04% in today's session Shares of Deepak Nitrite traded at Rs 1,850.00, declining by 2.04% in today's session as of 1:59 pm. The stock's hourly movement reflects a bearish ",2025-07-31,-1,False,,nifty,Low ESG relevance or finance-only context,2026-10-04
SIS,Security and Intelligence Services,"Trade Spotlight: How should you trade Gujarat Pipavav Port, RCF, Swan Energy, Jindal Steel, Shyam Metalics, Dixon Technologies, REC and others on July 25? The frontline indices could not sustain their",2025-07-24,-1,False,sustainability,"technical chart, resistance",Low ESG relevance or finance-only context,2026-10-04
SIS,Security and Intelligence Services,"Glenmark Pharma share price falls 2.06% in today's session Shares of Glenmark Pharma declined by 2.06% to Rs 2,032.10 in Tuesday's trading session. The stock's movement reflects a decrease from its pr",2025-08-05,-2,False,,"share price, nifty",Low ESG relevance or finance-only context,2026-10-04
SIS,Security and Intelligence Services,"Vodafone Idea troubles to persist despite 4G gains; Airtel to see modest Q4 growth Vodafone Idea’s March quarter revenue is expected to decline sequentially as it continues to lose subscribers, even a",2025-04-11,-1,False,,brokerage,Low ESG relevance or finance-only context,2026-10-04
SIS,Security and Intelligence Services,"Glenmark Pharma stock hits all-time high in early session, trading up 1.1% Shares of Glenmark Pharma hit an all-time high of Rs 1,854.9 on the NSE in early trade. At 10.50 am, the stock was trading at",2025-07-07,0,False,,,Low ESG relevance or finance-only context,2026-10-04
SIS,Security and Intelligence Services,"Vedanta shares fall 2.67% in Wednesday's trading session, among top large-cap losers Vedanta shares experienced a decline of 2.67% to trade at Rs 444.10 on Wednesday. This movement positions the stock",2025-07-09,-1,False,,nifty,Low ESG relevance or finance-only context,2026-10-04
SIS,Security and Intelligence Services,Mazagon Dock Shipbuilders shares fall 5.71% during today's session     Shares of Mazagon Dock Shipbuilders declined by 5.71% to reach Rs 3537.00 during today's trading session. The stock is listed on ,2025-05-30,-1,False,,nifty,Low ESG relevance or finance-only context,2026-10-04
SIS,Security and Intelligence Services,"Trade Spotlight: How should you trade Ajanta Pharma, Hyundai Motor India, Max Healthcare Institute, Nelcast, Cera Sanitaryware and others on June 13? The benchmark indices corrected sharply after six ",2025-06-13,-1,False,sustainability,"resistance, trading volume",Low ESG relevance or finance-only context,2026-10-04
SIS,Security and Intelligence Services,"Tube Investments of India shares rise 2% in morning trade Shares of Tube Investments of India Ltd were trading at Rs 2,926 in Wednesday's session, up 2% from the previous close. At 10:02 am, the stock",2025-07-30,-1,False,,nifty,Low ESG relevance or finance-only context,2026-10-04
SIS,Security and Intelligence Services,"Q4 result impact: Pidilite Industries shares surge 2% after net profit surges 41%; Zee, Sula Vineyards shares trade flat Pidilite Industries shares jumped nearly 2 percent on May 9 after the company r",2025-05-09,0,False,environment,q4 results,Low ESG relevance or finance-only context,2026-10-04
SIS,Security and Intelligence Services,Buy Marico; target of Rs 800: Motilal Oswal Motilal Oswal's research report on Marico  Marico (MRCO) reported consol. revenue growth of 20% YoY (in line) in 4QFY25. Domestic revenue growth was 23% YoY,2025-05-05,0,False,,,Low ESG relevance or finance-only context,2026-10-04
SIS,Security and Intelligence Services,"Accumulate Laxmi Organic Industries; target of Rs 206: Deven Choksey Deven Choksey's research report on Laxmi Organic Industries  Laxmi Organic’s revenue came in at INR 7,097 Mn., down by 10.4% YoY (-",2025-05-28,-1,False,,target price,Low ESG relevance or finance-only context,2026-10-04
SIS,Security and Intelligence Services,"Marico jumps over 4% as strong Q1 update lifts investor sentiment FMCG player Marico Ltd's shares rallied over four percent despite a muted market sentiment on Friday, July 4, as its business update f",2025-07-04,-1,False,"sustainable, environment","target price, brokerage, intraday",Low ESG relevance or finance-only context,2026-10-04
SIS,Security and Intelligence Services,"Solar Industries India stock hits 52-week high on NSE, up 0.63% in today's trade Shares of Solar Industries India touched a 52-week high of Rs 17,138.00 on the NSE during today's session, according to",2025-06-17,-1,False,,nifty,Low ESG relevance or finance-only context,2026-10-04
SIS,Security and Intelligence Services,"Max Healthcare Institute shares rise 2.02% in today's trading During today's session, Max Healthcare Institute Limited saw its shares increase by 2.02%, reaching a price of Rs 1211.10. This movement p",2025-06-12,-1,False,,nifty,Low ESG relevance or finance-only context,2026-10-04
SIS,Security and Intelligence Services,"Trade Spotlight: How should you trade V-Guard, Mahindra Holidays, Prestige Estates, Zydus Wellness, Welspun Corp, Blue Star and others on July 18? Equity benchmarks reversed most of the gains seen in ",2025-07-17,-2,False,,"resistance, support level",Low ESG relevance or finance-only context,2026-10-04
SIS,Security and Intelligence Services,"NHPC shares surge 2.68%, among top gainers on Nifty Midcap 150 amid high volume in today's session NHPC shares demonstrated significant activity in Tuesday's trading session, rising by 2.68% to reach ",2025-07-08,-1,False,,nifty,Low ESG relevance or finance-only context,2026-10-04
SIS,Security and Intelligence Services,"Trade Spotlight: How should you trade SCI, Narayana Hrudayalaya, Manappuram Finance, Max Healthcare Institute, Sigachi Industries and others on June 16? The benchmark indices fell seven-tenths of a pe",2025-06-16,-2,False,,"candlestick, trading volume",Low ESG relevance or finance-only context,2026-10-04
SIS,Security and Intelligence Services,"Mankind Pharma shares jump 4.93% amid volume surge; stock among top gainers on Nifty Midcap 150 Shares of Mankind Pharma gained 4.93% to trade at Rs 2,669.50 in Friday's session, showing significant p",2025-07-11,-1,False,,nifty,Low ESG relevance or finance-only context,2026-10-04
SIS,Security and Intelligence Services,"Glenmark Pharma shares rise 2.10% in early trade Glenmark Pharma's stock is trading at Rs 1,857.00, up by 2.10% in early trade, according to recent market data. This increase reflects a positive movem",2025-07-10,-1,False,,nifty,Low ESG relevance or finance-only context,2026-10-04
SIS,Security and Intelligence Services,"Chartist Talks: FII long-short ratio signals limited Nifty downside, these 3 stocks likely to continue northward journey, says Sudeep Shah of SBI Securities The FII long-short ratio has slipped to jus",2025-07-19,-2,False,,"q1 results, nifty",Low ESG relevance or finance-only context,2026-10-04
SIS,Security and Intelligence Services,"Samvardhana Motherson, Sona BLW shares slip as Trump's tariffs come into force Shares of auto forgings manufacturer Samvardhana Motherson and Sona BLW, slipped over 2 percent on March 4 after the Trum",2025-03-04,-1,False,,brokerage,Low ESG relevance or finance-only context,2026-10-04
SIS,Security and Intelligence Services,Accumulate Pidilite Industries; target of Rs 3318: Prabhudas Lilladher Prabhudas Lilladher's research report on Pidilite Industries  PIDI analysts meet reinforced its vision to consistently deliver do,2025-03-19,-1,False,,target price,Low ESG relevance or finance-only context,2026-10-04
SIS,Security and Intelligence Services,"Voltas share price drops 2.07% in today's session Shares of Voltas declined by 2.07% to Rs 1,314.00 in Tuesday's session, according to the last update at 2:55 pm. The stock is part of the NIFTY MIDCAP",2025-08-05,-2,False,,"share price, nifty",Low ESG relevance or finance-only context,2026-10-04
SIS,Security and Intelligence Services,"Mazagon Dock Shipbuilders shares rise 2.70% Mazagon Dock Shipbuilders' stock price experienced a rise of 2.70%, reaching Rs 2,708.00 in Monday's session. At 10:25 am, the stock demonstrated positive m",2025-08-11,-2,False,,"stock price, nifty",Low ESG relevance or finance-only context,2026-10-04
SIS,Security and Intelligence Services,"Ajanta Pharma shares gain 2.16%; among top gainers on Nifty Midcap 150 At 12:35 pm on Monday, shares of Ajanta Pharma rose 2.16% to Rs 2,683.30, making it one of the top gainers on the Nifty Midcap 15",2025-07-14,-1,False,,nifty,Low ESG relevance or finance-only context,2026-10-04
SIS,Security and Intelligence Services,"Glenmark Pharma share price falls 2.02% in early trade Shares of Glenmark Pharma declined by 2.02% to Rs 2,091.00 in early trade on Friday. At 09:28 am, the stock experienced a price fall compared to ",2025-08-01,-1,False,,share price,Low ESG relevance or finance-only context,2026-10-04
SIS,Security and Intelligence Services,"Cochin Shipyard shares fall 2.12% in morning trade Shares of Cochin Shipyard declined 2.12% to Rs 1,872.10 in Friday's morning session. The stock is currently trading on the NSE, showing a decrease fr",2025-07-18,-1,False,,nifty,Low ESG relevance or finance-only context,2026-10-04
SIS,Security and Intelligence Services,"Nifty, Sensex trade flat, as investors cautious amid tariff tremors; IT, auto stocks tumble Indian equity markets saw a muted start on April 16, capping a strong two-day rally, as tariff jitters conti",2025-04-16,-3,False,environment,"intraday, resistance, nifty, sensex",Low ESG relevance or finance-only context,2026-10-04
SIS,Security and Intelligence Services,"Max Healthcare Institute shares fall 2.26%; among top losers on Nifty Midcap 150 Shares of Max Healthcare Institute Limited declined by 2.26% to Rs 1,251.50 in Monday's session, with the stock featuri",2025-07-28,-1,False,,nifty,Low ESG relevance or finance-only context,2026-10-04
SIS,Security and Intelligence Services,"Max Healthcare Institute Shares Surge 2.36% Amid High Trading Volume Shares of Max Healthcare Institute Limited experienced a notable surge in trading volume during today's session, accompanied by a 2",2025-06-12,-3,False,,"intraday, trading volume, nifty",Low ESG relevance or finance-only context,2026-10-04
SIS,Security and Intelligence Services,"Ajanta Pharma shares gain after Jefferies initiates coverage with 'Buy' call, sees 11% upside Shares of Ajanta Pharma Ltd. shares gained about 2 percent in early trading on April 15 after global broke",2025-04-15,-3,False,,"stock price, target price, brokerage",Low ESG relevance or finance-only context,2026-10-04
SIS,Security and Intelligence Services,"Sensex plunges 1,400 pts, Nifty ends below 22,150 on fresh tariff concerns; markets lose Rs 8.8 lakh crore in m-cap Sensex and Nifty tumbled almost 2 percent on February 28, caught in a wave of broad-",2025-02-28,-2,False,,"nifty, sensex",Low ESG relevance or finance-only context,2026-10-04
SIS,Security and Intelligence Services,"NTPC Green Energy shares rise 2.05%, among top midcap gainers in morning trade NTPC Green Energy shares gained 2.05% to trade at Rs 110.46 in Friday's session, driven by positive investor sentiment. T",2025-07-11,0,False,green energy,nifty,Low ESG relevance or finance-only context,2026-10-04
SIS,Security and Intelligence Services,"Markets turn to US-India trade deal for next set of cues as India-Pakistan tensions cool Over the past week, the Nifty 50 and Sensex have largely been range-bound, with the benchmarks slipping in the ",2025-05-12,-2,False,,"nifty, sensex",Low ESG relevance or finance-only context,2026-10-04
SIS,Security and Intelligence Services,"Trade Spotlight: How should you trade Grindwell Norton, Morepen Labs, Astral, Aditya Birla Capital, Pfizer, Clean Science and others on May 23? The benchmark indices extended their lower-high formatio",2025-05-22,-3,False,"sustainable, labor","intraday, resistance, support level, trading volume, nifty",Low ESG relevance or finance-only context,2026-10-04
SIS,Security and Intelligence Services,"Mankind Pharma net drops 17.4% YoY to Rs 445 crore in Q1FY26 Mankind Pharma on Thursday reported a 17.4% year-on-year decline in net profit for the quarter ended June 30, 2025, despite a robust 24.5% ",2025-07-31,0,False,,,Low ESG relevance or finance-only context,2026-10-04
SIS,Security and Intelligence Services,"Ajanta Pharma shares rise by 2.21% in today's session During today's session, Ajanta Pharma shares moved up by 2.21 percent, with the price reaching Rs 2,705.20 apiece. This increase positions Ajanta ",2025-06-12,-1,False,,nifty,Low ESG relevance or finance-only context,2026-10-04
SIS,Security and Intelligence Services,"Shareholders reject board seat to Warburg-backed investor in IDFC FIRST Bank In a first instance of resistance, shareholders of IDFC FIRST Bank have rejected the proposal to allow one board seat to gl",2025-05-19,-1,False,,resistance,Low ESG relevance or finance-only context,2026-10-04
SIS,Security and Intelligence Services,"Mankind Pharma shares jump 3.39% amid high volume trading; stock among top gainers on Nifty Midcap 150 Shares of Mankind Pharma were trading with a gain of 3.39% at Rs 2,665.80 in Monday afternoon's s",2025-07-14,-2,False,,"trading volume, nifty",Low ESG relevance or finance-only context,2026-10-04
SIS,Security and Intelligence Services,"Small, midcap indices' combined mcap surges by over Rs 5 lakh crore in 7 sessions: Here's what analysts say The shares of several smallcap and midcap companies recorded notable gains on June 30, pushi",2025-06-30,-3,False,,"stock price, nifty, sensex",Low ESG relevance or finance-only context,2026-10-04
SIS,Security and Intelligence Services,"Trade Spotlight: How should you trade Tech Mahindra, Zomato, Ajanta Pharma, IndiGo, JSW Steel, and others on February 19? The benchmark indices closed the rangebound session with a marginal loss on Fe",2025-02-18,-2,False,,"candlestick, resistance",Low ESG relevance or finance-only context,2026-10-04
SIS,Security and Intelligence Services,US Congresswoman cites 'supply chain disturbances' to move PILLS Act for production of generic medicines US Congresswoman Claudia Tenney has reintroduced an act to encourage and restore domestic produ,2025-02-24,-1,False,,nifty,Low ESG relevance or finance-only context,2026-10-04
SIS,Security and Intelligence Services,"Select small and midcaps jump up to 15% as broader markets extend recovery: Here are the movers The shares of small and midcap companies extended gains on March 6, with the broader market indices outp",2025-03-06,-3,False,,"share price, nifty, sensex",Low ESG relevance or finance-only context,2026-10-04
SIS,Security and Intelligence Services,"Trade Spotlight: How should you trade Sanghvi Movers, Kajaria Ceramics, TVS Motor, Tech Mahindra, Medanta, Pidilite Industries, and others on August 11? The benchmark saw a nearly 1 percent correction",2025-08-11,-1,False,sustainability,"intraday, resistance",Low ESG relevance or finance-only context,2026-10-04
SIS,Security and Intelligence Services,"Vodafone Idea shares rise by 2.01% in today's session During today's trading session, Vodafone Idea's stock experienced a rise of 2.01%, with the price reaching Rs 7.11. This increase marks a notable ",2025-06-11,-1,False,,nifty,Low ESG relevance or finance-only context,2026-10-04
SIS,Security and Intelligence Services,"TCS, Wipro shares fall up to 4% after Jefferies' IT downgrade citing tariff hit on US growth Top IT shares were among the leading laggards on the benchmark Sensex, with Trump's reciprocal tariffs kick",2025-04-09,-4,False,,"target price, buy call, brokerage, sensex",Low ESG relevance or finance-only context,2026-10-04
SIS,Security and Intelligence Services,"Tube Investments of India shares rise 0.91% amid high volume in today's session Tube Investments of India Ltd shares are trading at Rs 3,028 in today's session, up by 0.91%. The stock experienced high",2025-08-12,0,False,,,Low ESG relevance or finance-only context,2026-10-04
SIS,Security and Intelligence Services,"Japan's MUFG nears deal to acquire Yes Bank's stake from SBI, others: Report Japan’s MUFG Bank is close to agreeing a deal to acquire a stake in Yes Bank, a report by The Hindu Businessline said on Ap",2025-04-07,0,False,,,Low ESG relevance or finance-only context,2026-10-04
SIS,Security and Intelligence Services,"Gujarat Fluorochemicals shares surge 2.02%, among top midcap gainers with high volume in today's session Gujarat Fluorochemicals Limited shares demonstrated notable activity in Wednesday's trading ses",2025-08-06,-2,False,,"stock price, nifty",Low ESG relevance or finance-only context,2026-10-04
SIS,Security and Intelligence Services,"Trade Spotlight: How should you trade Valor Estate, Cholamandalam Financial, ITC, Clean Science, Deepak Fertilisers, Gujarat Gas, and others on April 15? The benchmark indices staged a strong comeback",2025-04-15,-4,False,,"candlestick, resistance, trading volume, nifty",Low ESG relevance or finance-only context,2026-10-04
SIS,Security and Intelligence Services,"Trade Spotlight: How should you trade CCL Products, Chennai Petroleum, SRM Contractors, ICICI Prudential Life, City Union Bank and others on May 21? The benchmark indices fell more than 1 percent on M",2025-05-20,-1,False,sustainable,"resistance, support level",Low ESG relevance or finance-only context,2026-10-04
SIS,Security and Intelligence Services,"Vedanta, Hind Zinc shares down 3 percent to lead selloff on metal index a day after major corporate action Shares of Vedanta and Hindustan Zinc are sharply lower by close to 3 percent in trade on June",2025-06-19,-1,False,,nifty,Low ESG relevance or finance-only context,2026-10-04
SIS,Security and Intelligence Services,"Jindal Stainless share price falls 2.02%, stock among top losers on Nifty Midcap 150 Shares of Jindal Stainless declined by 2.02% to Rs 675 in Wednesday's trading session, making it one of the top los",2025-07-23,-2,False,,"share price, nifty",Low ESG relevance or finance-only context,2026-10-04
SIS,Security and Intelligence Services,"Top gainers and losers today: Stocks that moved the most on May 19 Benchmark indinces tumbled on May 19 tracking weak global cues, a selloff in IT shares and rising market volatility following Moody's",2025-05-19,-2,False,labor,"share price, nifty, sensex",Low ESG relevance or finance-only context,2026-10-04
SIS,Security and Intelligence Services,"Trade Spotlight: How should you trade Deepak Fertilisers, Hindustan Copper, NBCC, Jindal Steel, IRCON International, and others on May 15? The market rebounded after a day of sharp correction, with th",2025-05-14,-7,False,,"stock price, buy call, candlestick, resistance, support level, trading volume, nifty",Low ESG relevance or finance-only context,2026-10-04
SIS,Security and Intelligence Services,"SAIL, Tata Steel, other metal stocks rally on easing retail inflation in India, US Metal shares rallied on May 14 amid softer retail inflation in the US and India. Trade truce between US and China als",2025-05-14,-3,False,,"brokerage, q4 results, nifty",Low ESG relevance or finance-only context,2026-10-04
SIS,Security and Intelligence Services,"Jindal Stainless share price falls 2%; among top losers on Nifty Midcap 150 Shares of Jindal Stainless declined by 2%  in Thursday's session, making it among the top losers on the Nifty Midcap 150. Th",2025-07-24,-2,False,,"share price, nifty",Low ESG relevance or finance-only context,2026-10-04
SIS,Security and Intelligence Services,"IDFC First Bank stock slips as net profit tumbles 32%, brokerages remain neutral Shares of private lender IDFC First Bank opened in the red in trade on Monday, July 28, after the bank reported a sharp",2025-07-28,-1,False,,brokerage,Low ESG relevance or finance-only context,2026-10-04
SIS,Security and Intelligence Services,"Cochin Shipyard share price falls over 2%, stock among top midcap losers in today's trading session Cochin Shipyard stock is trading lower in today's session, with its shares declining by 2.31% to Rs ",2025-06-16,-2,False,,"share price, nifty",Low ESG relevance or finance-only context,2026-10-04
SIS,Security and Intelligence Services,"Buy PCBL Chemical; target of Rs 474: Prabhudas Lilladher Prabhudas Lilladher's research report on PCBL Chemical  PCBL reported consolidated revenue of Rs21.1bn in Q1FY26, remaining largely flat both o",2025-07-24,-1,False,,target price,Low ESG relevance or finance-only context,2026-10-04
SIS,Security and Intelligence Services,"Hindustan Zinc share price falls 2.22% in Wednesday's session, among top midcap losers Shares of Hindustan Zinc declined by 2.22% to Rs 426.50 in Wednesday's session, reflecting a downward trend. The ",2025-07-09,-2,False,,"share price, nifty",Low ESG relevance or finance-only context,2026-10-04
SIS,Security and Intelligence Services,"Steel Authority of India shares fall 2.02% Shares of Steel Authority of India declined by 2.02% to Rs 120.87 in Friday's session, according to the last update at 3:02 pm. This decline positions the st",2025-08-08,-1,False,,nifty,Low ESG relevance or finance-only context,2026-10-04
SIS,Security and Intelligence Services,"Defence shares fall for 4th time in 5 sessions amid profit booking; Mazagon Dock, GRSE, others fall up to 3% Defence shares faced selling pressure for the fourth time out of five days as profit bookin",2025-06-12,0,False,,,Low ESG relevance or finance-only context,2026-10-04
SIS,Security and Intelligence Services,"Hindustan Zinc shares rise 2.14% in early trade, among top midcap gainers today Shares of Hindustan Zinc gained 2.14% to trade at Rs 434 in Monday's early session. Hindustan Zinc is included as one of",2025-07-14,-1,False,,nifty,Low ESG relevance or finance-only context,2026-10-04
SIS,Security and Intelligence Services,"Hindustan Zinc Shares Rise by 2.46% in Today's Session During today's trading session, Hindustan Zinc experienced a notable increase, with its shares rising by 2.46% to Rs 503.70. This movement has dr",2025-06-06,-1,False,,nifty,Low ESG relevance or finance-only context,2026-10-04
SIS,Security and Intelligence Services,"Abbott India Shares Hit All-Time High of Rs 32,330 on NSE During today's trading session, Abbott India shares reached an all-time high of Rs 32,330.00 on the National Stock Exchange (NSE). As of 10:10",2025-06-26,-1,False,,nifty,Low ESG relevance or finance-only context,2026-10-04
SIS,Security and Intelligence Services,"Cochin Shipyard shares surge 5.55% amid high volume Shares of Cochin Shipyard experienced a significant surge during today's trading session, climbing 5.55% to reach Rs 2,147.70. The increase was mark",2025-06-04,-2,False,,"trading volume, nifty",Low ESG relevance or finance-only context,2026-10-04
SIS,Security and Intelligence Services,"Paras Defence shares zoom 10% ahead of Q4 results, likely announcement on dividend, stock split Paras Defence shares extended gains to third straight session to rise nearly 10 percent on Wednesday ahe",2025-04-30,-2,False,,"intraday, q4 results",Low ESG relevance or finance-only context,2026-10-04
SIS,Security and Intelligence Services,"Solar Industries India shares rise 2.13% on Nifty Midcap 150 Solar Industries India shares gained 2.13% in Monday's trading session, with the stock price reaching Rs 14,770. The stock showed positive ",2025-08-11,-2,False,,"stock price, nifty",Low ESG relevance or finance-only context,2026-10-04
SIS,Security and Intelligence Services,"Smallcap, midcap stocks rise up to 15%, broader market indices extend gains for second day; check top gainers The shares of several smallcap and midcap companies strongly surged on May 26, pushing the",2025-05-26,-3,False,,"share price, nifty, sensex",Low ESG relevance or finance-only context,2026-10-04
SIS,Security and Intelligence Services,Piramal Pharma’s Nandini Piramal eyes FY30 milestone amid muted FY26 outlook Piramal Pharma expects a muted FY26 due to uncertainties around the revival of biotech funding and customers in wait-and-wa,2025-05-16,0,False,,,Low ESG relevance or finance-only context,2026-10-04
SIS,Security and Intelligence Services,"Ajanta Pharma shares rise 2.37% in early trade; stock among top gainers on Nifty Midcap 150 Shares of Ajanta Pharma gained 2.37% to trade at Rs 2,854.00 in Thursday's session. The stock is among the t",2025-07-17,-1,False,,nifty,Low ESG relevance or finance-only context,2026-10-04
SIS,Security and Intelligence Services,"IndusInd Bank, HDFC Bank shares gain up to 5%, Bank Nifty trades in green after 2 days Bank stocks recorded strong gains on March 12, pushing the Nifty Bank into green. The bank index has now broken i",2025-03-12,-4,False,,"share price, resistance, nifty, sensex",Low ESG relevance or finance-only context,2026-10-04
SIS,Security and Intelligence Services,"Hyped IPOs, hurting portfolio: Why Hyundai, Swiggy, Ola and NTPC Green are bleeding investors and what you should do Last year’s IPO party continues to feel like a morning-after hangover. Of the 10 bi",2025-05-26,0,False,"renewable, green energy","stock price, target price",Low ESG relevance or finance-only context,2026-10-04
SIS,Security and Intelligence Services,"Glenmark Pharma shares hit all-time high; stock rises 3.28% At 11:10 am on Thursday, Glenmark Pharma shares reached an all-time high of Rs 1,883.00 on the NSE, currently trading at Rs 1,878.40, a gain",2025-07-10,-1,False,,nifty,Low ESG relevance or finance-only context,2026-10-04
SIS,Security and Intelligence Services,"Voltas shares fall 6% amid volume surge; stock among top losers on Nifty Midcap 150 today Shares of Voltas experienced a sharp decline in early trade, falling 5.90% to Rs 1,227.90. The stock is curren",2025-08-11,-1,False,,nifty,Low ESG relevance or finance-only context,2026-10-04
SIS,Security and Intelligence Services,"IREDA Q4 Results: Net profit surges 49% to Rs 502 crore, revenue up 37% Indian Renewable Energy Development Agency (IREDA) on April 15 reported a net profit of Rs 501.55 crore for the fourth quarter o",2025-04-15,0,False,renewable,q4 results,Low ESG relevance or finance-only context,2026-10-04
SIS,Security and Intelligence Services,"Zydus Life board greenlights acquisition of 85.6% stake in Amplitude Surgical for €256.8 million The board of Zydus Lifesciences, on March 11, approved the acquisition of an 85.6 percent stake in Fran",2025-03-11,0,False,,,Low ESG relevance or finance-only context,2026-10-04
SIS,Security and Intelligence Services,"Cochin Shipyard shares rise 2.05% amid bullish market sentiment During today's trading session, Cochin Shipyard's stock experienced a notable increase, rising by 2.05% to reach Rs 2239.90. This moveme",2025-06-12,-2,False,,"stock price, nifty",Low ESG relevance or finance-only context,2026-10-04
SIS,Security and Intelligence Services,Glenmark Pharma shares rally 15% to record high after mega licensing deal for its cancer drug The shares of Glenmark Pharma jumped 15 percent to hit a fresh 52-week high record on July 11. This comes ,2025-07-11,-3,False,,"target price, brokerage, resistance",Low ESG relevance or finance-only context,2026-10-04
SIS,Security and Intelligence Services,"Max Healthcare Stock Hits All-Time High on BSE, Trading in Green in Today's Session During today's trading session, Max Healthcare Institute Limited achieved an all-time high of Rs 1,262.55 on the BSE",2025-06-26,0,False,inclusion,nifty,Low ESG relevance or finance-only context,2026-10-04
SIS,Security and Intelligence Services,Accumulate Balaji Amines; target of Rs 1640: KR Choksey KR Choksey's research report on Balaji Amines  Balaji Amines’ revenue missed our estimates due to weak demand. EBITDA missed our estimates due t,2025-02-17,-1,False,,target price,Low ESG relevance or finance-only context,2026-10-04
SIS,Security and Intelligence Services,"Max Healthcare Shares Reach 52-Week High in Today's Session During today's session, Max Healthcare Institute Limited shares touched a 52-week high of Rs 1,255.10 on the NSE. The stock is currently tra",2025-06-17,-1,False,,nifty,Low ESG relevance or finance-only context,2026-10-04
SIS,Security and Intelligence Services,"Small, midcap indices extend gains for a sixth session on continued buying The shares of small and midcap companies saw continued buying on March 24, pushing broader market indices higher for a sixth ",2025-03-24,-3,False,,"share price, nifty, sensex",Low ESG relevance or finance-only context,2026-10-04
SIS,Security and Intelligence Services,"Trade Spotlight: How should you trade DLF, Info Edge, Fortis Healthcare, L&T Finance, Hindustan Zinc, Power Grid Corporation and others on June 6? The benchmark indices maintained an upward bias with ",2025-06-05,-1,False,,resistance,Low ESG relevance or finance-only context,2026-10-04
SIS,Security and Intelligence Services,"Midcap, smallcap stocks tumble up to 6%: BSE, Angel One, Lupin among top losers Broader markets recorded a notable decline on July 8, underperforming benchmark indices. The midcap and smallcap indices",2025-07-08,-4,False,,"target price, brokerage, nifty, sensex",Low ESG relevance or finance-only context,2026-10-04
SIS,Security and Intelligence Services,"YES Bank shares off highs after rising on Japan's SMBC's talks with SBI for stake acquisition Private lender YES Bank Ltd.'s shares galloped over nine percent intraday on Tuesday, May 6, but settled 1",2025-05-06,-1,False,,intraday,Low ESG relevance or finance-only context,2026-10-04
SIS,Security and Intelligence Services,"Samvardhana Motherson International shares rise 2.22% in today's session     During today's trading session, Samvardhana Motherson International experienced a price increase of 2.22 percent, with the ",2025-06-04,-1,False,,nifty,Low ESG relevance or finance-only context,2026-10-04
SIS,Security and Intelligence Services,"Yes Bank Q1 net profit jumps 59% on-year to Rs 801 crore; other income, stable asset quality boost earnings Yes Bank's fiscal first quarter net profit jumped 59.4 percent year-on-year to Rs 801 crore,",2025-07-19,0,False,,,Low ESG relevance or finance-only context,2026-10-04
SIS,Security and Intelligence Services,"Max Healthcare Q4FY25 net profit rises 21% on higher patient volumes; expansion plans in focus Max Healthcare Institute, one of India’s largest private hospital chains, reported a 21% year-on-year (Yo",2025-05-20,0,False,,,Low ESG relevance or finance-only context,2026-10-04
SIS,Security and Intelligence Services,"Trade Spotlight: How should you trade SRF, Berger Paints, Narayana Hrudayalaya, SBI Card, Bajaj Finance, and others on February 28? The benchmark indices remained consolidative for another session on ",2025-02-28,-3,False,,"resistance, support level, trading volume",Low ESG relevance or finance-only context,2026-10-04
SIS,Security and Intelligence Services,"Sensex, Nifty end flat for 3rd session; heavyweights offset pharma losses; broader market rise up to 2% Sensex and Nifty ended flat for the third session in a row ahead of the FOMC meeting minutes, se",2025-02-19,-2,False,,"nifty, sensex",Low ESG relevance or finance-only context,2026-10-04
SIS,Security and Intelligence Services,"Glenmark Pharma shares fall 2.03%; stock among top losers on Nifty Midcap 150 Shares of Glenmark Pharma declined by 2.03 percent to trade at Rs 1,793.30 in Wednesday's session. The stock is among the ",2025-07-09,-1,False,,nifty,Low ESG relevance or finance-only context,2026-10-04
SIS,Security and Intelligence Services,"Jindal Stainless shares rise 2.14% in early trade Shares of Jindal Stainless gained 2.14% to trade at Rs 691 in early trade. At 9:29 am, the stock showcased positive movement compared to its previous ",2025-07-21,-1,False,,nifty,Low ESG relevance or finance-only context,2026-10-04
SIS,Security and Intelligence Services,"Marico shares hit all-time high on NSE; gains in early trading Marico shares reached an all-time high of Rs 745.00 on the NSE in early trade. At 9:15 am, the stock was trading at Rs 740.20. Marico, a ",2025-07-16,-1,False,,nifty,Low ESG relevance or finance-only context,2026-10-04
SIS,Security and Intelligence Services,"Solar Industries India Stock Hits All-Time High of Rs 17,149 on NSE, Gains 0.85% Today During today's trading session, Solar Industries India reached an all-time high of Rs 17,149.00 on the NSE. The s",2025-06-17,-1,False,,nifty,Low ESG relevance or finance-only context,2026-10-04
SIS,Security and Intelligence Services,"Buy Marico; target of Rs 850: Anand Rathi Anand Rathi's research report on Marico  With a 9% rise in domestic volumes (vs. the Street’s 8%) and a 20.1% EBITDA margin (vs. 20.3% est.), Marico posted go",2025-08-06,0,False,,,Low ESG relevance or finance-only context,2026-10-04
SIS,Security and Intelligence Services,"Mazagon Dock Shipbuilders Shares Surge by 2.10% in Today's Trading Session During today's trading session, shares of Mazagon Dock Shipbuilders experienced a notable increase of 2.10%, reaching a price",2025-06-17,-1,False,inclusion,"stock price, nifty",Low ESG relevance or finance-only context,2026-10-04
SIS,Security and Intelligence Services,"Cochin Shipyard Shares Surge 5.63% Amid High Trading Volume During today's trading session, Cochin Shipyard experienced a notable increase in trading volume, with its shares surging by 5.63%. The stoc",2025-06-06,-2,False,inclusion,"share price, trading volume, nifty",Low ESG relevance or finance-only context,2026-10-04
SIS,Security and Intelligence Services,"Mankind Pharma shares rise 2.10% in Wednesday's trading session Mankind Pharma shares gained 2.10% to trade at Rs 2,482.80 in Wednesday's session. At 10:21 am, the stock showcased positive movement on",2025-07-09,-1,False,,nifty,Low ESG relevance or finance-only context,2026-10-04
SIS,Security and Intelligence Services,"Cochin Shipyard shares fall 2.02% on Nifty Midcap 150 Shares of Cochin Shipyard experienced a decline of 2.02%, trading at Rs 1,771.90 during Monday's session. This movement reflects a notable shift i",2025-07-28,0,False,compliance,nifty,Low ESG relevance or finance-only context,2026-10-04
SIS,Security and Intelligence Services,"Abbott India Shares Hit All-Time High on BSE During Today's Session During today's trading session, Abbott India marked a significant milestone by hitting an all-time high of Rs 31,999.35 on the Bomba",2025-06-06,-1,False,,nifty,Low ESG relevance or finance-only context,2026-10-04
SIS,Security and Intelligence Services,Zydus Lifesciences shares rise 3% on USFDA approval for Dasatinib tablets Zydus Lifesciences share price gained more than 3 percent in the early trade on March 6 after the company received final appro,2025-03-06,-2,False,,"share price, resistance",Low ESG relevance or finance-only context,2026-10-04
SIS,Security and Intelligence Services,"Mazagon Dock Shipbuilders shares fall 2.57% in early trade Shares of Mazagon Dock Shipbuilders declined by 2.57% to Rs 3,093.00 in early trade on Monday. The stock is currently trading on the Nifty Mi",2025-07-14,-1,False,,nifty,Low ESG relevance or finance-only context,2026-10-04
SIS,Security and Intelligence Services,"Data Patterns AGM to be held on August 8, 2025; Annual Report released     Data Patterns (India) Limited has announced the release of its Annual Report for the financial year ended March 31, 2025, alo",2025-07-15,0,False,,,Low ESG relevance or finance-only context,2026-10-04
SIS,Security and Intelligence Services,"Nifty Metal falls 1.6% after 5 straight sessions of rise; National Aluminium, SAIL, Vedanta among top losers Nifty Metal index came under selling pressure on Monday, falling 1.6 percent after gaining ",2025-02-24,-1,False,environment,"intraday, nifty",Low ESG relevance or finance-only context,2026-10-04
SIS,Security and Intelligence Services,"Bank Nifty falls for 7th time in 9 sessions; PNB, IndusInd, SBI decline up to 2% Banking shares came under selling pressure on Tuesday, dragging the Bank Nifty index lower for the seventh time in nine",2025-05-06,-1,False,,nifty,Low ESG relevance or finance-only context,2026-10-04
SIS,Security and Intelligence Services,"Trade Spotlight: How should you trade Marico, Cholamandalam Investment, City Union Bank, MOIL, Granules, Supreme Ind, Inox Wind and others on May 28? The benchmark indices reversed the previous day's ",2025-05-27,-2,False,sustainable,"resistance, support level, nifty",Low ESG relevance or finance-only context,2026-10-04
SIS,Security and Intelligence Services,"Sensex, Nifty steady after Modi-Trump plan talks on tariff; small-, mid-caps drop over 1% Sensex and Nifty opened higher on February 14, buoyed by easing Russia-Ukraine war tensions, a delay in U.S. t",2025-02-14,-3,False,,"resistance, nifty, sensex",Low ESG relevance or finance-only context,2026-10-04
SIS,Security and Intelligence Services,"Small, midcap indices extend gaining streak to 7 days; here are the top gainers The shares of smallcap and midcap companies continued to gain sharply on April 23, pushing the smallcap and midcap indic",2025-04-23,-1,False,labor,"share price, nifty",Low ESG relevance or finance-only context,2026-10-04
SIS,Security and Intelligence Services,"Samvardhana Motherson International Shares Rise by 2.06% Shares of Samvardhana Motherson International experienced a rise of 2.06% during today's session, with the price reaching Rs 155.85. This incre",2025-06-05,-1,False,,nifty,Low ESG relevance or finance-only context,2026-10-04
SIS,Security and Intelligence Services,Buy Piramal Pharma; target of Rs 240: Motilal Oswal Motilal Oswal's research report on Piramal Pharma  Piramal Pharma (PIRPHARM) exhibited lower-than-expected financial performance in 1QFY26. Lower CD,2025-07-30,0,False,,,Low ESG relevance or finance-only context,2026-10-04
SIS,Security and Intelligence Services,"Trade Spotlight: How should you trade Voltas, Force Motors, Cummins India, Bharat Dynamics, Blue Star, Fortis Healthcare, and others on March 5? The benchmark indices closed off their day's low amid r",2025-03-05,-2,False,,"candlestick, resistance",Low ESG relevance or finance-only context,2026-10-04
SIS,Security and Intelligence Services,"Defence PSUs outperformed private peers in Q3, says Choice Broking; here's a list of stocks with 'BUY' rating Analysts at Choice Broking believe that defence PSU companies outperformed their private p",2025-02-24,-3,False,,"target price, brokerage, nifty",Low ESG relevance or finance-only context,2026-10-04
SIS,Security and Intelligence Services,"NMDC Shares Rise by 2.01% in Today's Session During today's trading session, NMDC shares experienced a notable increase, rising by 2.01% to reach Rs 73.95. This movement has placed NMDC among the top ",2025-06-09,0,False,inclusion,nifty,Low ESG relevance or finance-only context,2026-10-04
SIS,Security and Intelligence Services,"Lloyds Metals and Energy stock gains over 2.5%, hits 52-week high on BSE today Lloyds Metals and Energy's stock reached a 52-week high of Rs 1,485.00 on the BSE during today's trading session. The sto",2025-06-04,-2,False,,"stock price, nifty",Low ESG relevance or finance-only context,2026-10-04
SIS,Security and Intelligence Services,Accumulate Jindal Stainless; target of Rs 715: Prabhudas Lilladher Prabhudas Lilladher's research report on Jindal Stainless  We met the management of Jindal Stainless (JDSL) to get an update on curre,2025-03-24,0,False,,,Low ESG relevance or finance-only context,2026-10-04
SIS,Security and Intelligence Services,"Gujarat Fluorochemicals shares rise 2.14% in Monday's trading session; stock among top gainers on Nifty Midcap 150 Shares of Gujarat Fluorochemicals Limited increased by 2.14% to trade at Rs 3,455.80 ",2025-07-14,-1,False,,nifty,Low ESG relevance or finance-only context,2026-10-04
SIS,Security and Intelligence Services,"Hindustan Zinc Shares Decline by 2.31% in Today's Trading Session During today's trading session, shares of Hindustan Zinc experienced a decline of 2.31%, reaching a price of Rs 501.10. This downturn ",2025-06-17,-1,False,,nifty,Low ESG relevance or finance-only context,2026-10-04
SIS,Security and Intelligence Services,Alkem Labs sees Rs 300 crore worth equity change hands in large deal Shares of Alkem Labortories fell in opening trade on February 21 after a large deal worth Rs 300 crore took place on the exchanges.,2025-02-21,0,False,labor,brokerage,Low ESG relevance or finance-only context,2026-10-04
SIS,Security and Intelligence Services,"Clean Science & Tech shares fall 8% after Q1 results, stake sale plans weigh on sentiment Shares of Clean Science and Technology fell 8 percent to Rs 1,330 apiece on July 18 after the company reported",2025-07-18,-3,False,,"target price, brokerage, q1 results",Low ESG relevance or finance-only context,2026-10-04
SIS,Security and Intelligence Services,"Tube Investments of India shares trade flat amid high volume Shares of Tube Investments of India Ltd were trading at Rs 2,945.20 in Tuesday's session, a marginal rise of 0.20 percent. The stock experi",2025-07-22,0,False,compliance,nifty,Low ESG relevance or finance-only context,2026-10-04
SIS,Security and Intelligence Services,Buy Archean Chemical Industries; target of Rs 621: KR Choksey KR Choksey's research report on Archean Chemical Industries  Archean chemical missed our estimates on all front as volume pick-up continue,2025-02-13,0,False,carbon,target price,Low ESG relevance or finance-only context,2026-10-04
SIS,Security and Intelligence Services,"Max Healthcare Institute shares decline 2.64% amid volume surge; stock among top losers on Nifty Midcap 150 Max Healthcare Institute Limited shares experienced a decline of 2.64%, trading at Rs 1,218.",2025-07-11,-1,False,sustainability,"trading volume, nifty",Low ESG relevance or finance-only context,2026-10-04
SIS,Security and Intelligence Services,"Jindal Stainless shares fall 6.15% in early trade; stock among top losers on Nifty Midcap 150 Shares of Jindal Stainless declined sharply in early trade, with the stock falling 6.15% to Rs 688.85. The",2025-08-07,-2,False,,"stock price, nifty",Low ESG relevance or finance-only context,2026-10-04
SIS,Security and Intelligence Services,"SJVN shares rise 2.04% in morning trade on Nifty Midcap 150 Shares of SJVN gained 2.04% to trade at Rs 93.98 in Monday's session. At 10:23 am, the stock showed positive movement, reflecting an increas",2025-08-11,-1,False,,nifty,Low ESG relevance or finance-only context,2026-10-04
SIS,Security and Intelligence Services,Hindustan Copper shares gain on MoU with RITES to strengthen supply chain Hindustan Copper share price extended gains on fourth day on June 9 following the company singed MoU with RITES to strengthen ,2025-06-09,0,False,sustainable,share price,Low ESG relevance or finance-only context,2026-10-04
SIS,Security and Intelligence Services,"Defence shares fall for 4th day amid profit booking, Paras Defence's weak Q1 results; all eyes on BEL, MDL June qtr numbers Defence shares continued to decline for fourth straight day on July 28 amid ",2025-07-28,-2,False,,"q1 results, nifty",Low ESG relevance or finance-only context,2026-10-04
SIS,Security and Intelligence Services,"Reduce Aarti Industries; target of Rs 420: Prabhudas Lilladher Prabhudas Lilladher's research report on Aarti Industries  Aarti Industries demonstrated a volume growth of 17% in FY25, however realizat",2025-07-03,-1,False,,target price,Low ESG relevance or finance-only context,2026-10-04
SIS,Security and Intelligence Services,"NMDC shifts toward Platts-like index to streamline pricing To respond better to price volatility and streamline its growing portfolio of blended and stockyard-based products, state miner NMDC Ltd, for",2025-06-03,0,False,,,Low ESG relevance or finance-only context,2026-10-04
SIS,Security and Intelligence Services,"Sensex sinks 400 pts, Nifty slips below 22,900; small-, mid-cap indices tumble up to 3% Sensex and Nifty lost steam around noon on February 14, slipping half a percent as financials, oil &amp;amp; gas",2025-02-14,-3,False,,"resistance, nifty, sensex",Low ESG relevance or finance-only context,2026-10-04
SIS,Security and Intelligence Services,IDFC First Bank shares gain 6% after Investec upgrades stock to 'Buy' IDFC First Bank shares jumped nearly 6 percent on July 1 as investors cheered a positive brokerage note by Investec. The shares of,2025-07-01,-3,False,,"target price, brokerage, intraday",Low ESG relevance or finance-only context,2026-10-04
SIS,Security and Intelligence Services,"Gujarat Fluorochemicals share price falls 2.24% in Tuesday's session Shares of Gujarat Fluorochemicals Limited declined by 2.24% to Rs 3,433.30 in Tuesday's session, as investor sentiment turned beari",2025-07-08,-2,False,,"share price, nifty",Low ESG relevance or finance-only context,2026-10-04
SIS,Security and Intelligence Services,"Max Healthcare Institute shares fall 2.12%; stock among top losers on Nifty Midcap 150 Shares of Max Healthcare Institute Limited were trading lower at Rs 1,268.20 at 11:04 am on Wednesday, a decline ",2025-07-09,-1,False,,nifty,Low ESG relevance or finance-only context,2026-10-04
SIS,Security and Intelligence Services,Pidilite Industries Announces ₹10/Share Special Interim Dividend &amp;nbsp;    Pidilite Industries Limited has declared a special interim dividend of ₹10 per equity share for the financial year 2025-2,2025-08-08,0,False,,,Low ESG relevance or finance-only context,2026-10-04
SIS,Security and Intelligence Services,"Indus Towers Shares Rise by 2.04% in Today's Trading Session During today's session, shares of INDUS TOWERS saw a gain of 2.04%, reaching a price of Rs 388.10. This increase has positioned INDUS TOWER",2025-06-16,-2,False,,"share price, nifty",Low ESG relevance or finance-only context,2026-10-04
SIS,Security and Intelligence Services,"Trade Spotlight: How should you trade Phoenix Mills, Jubilant Foodworks, Oberoi Realty, Chennai Petroleum Corporation, NCC, and others on March 12? The market showed a significant recovery from the da",2025-03-12,-4,False,,"stock price, candlestick, resistance, nifty",Low ESG relevance or finance-only context,2026-10-04
SIS,Security and Intelligence Services,"Aurobindo Pharma share price falls 2.22% in early trade Shares of Aurobindo Pharma declined by 2.22% to trade at Rs 1,114.50 in early trade. At 09:22 am, the stock is trading lower compared to its pre",2025-08-01,-2,False,,"share price, nifty",Low ESG relevance or finance-only context,2026-10-04
SIS,Security and Intelligence Services,"Chartist Talks: Nifty may hold 21,900-22,000; bullish on Prestige Estates and Paytm, says Gemstone's Milan Vaishnav Milan Vaishnav, Founder of Gemstone Equity Research &amp;amp; Advisory Services, exp",2025-03-20,-2,False,,"resistance, nifty",Low ESG relevance or finance-only context,2026-10-04
SIS,Security and Intelligence Services,"Samvardhana Motherson shares gain 2% on Q4 show; should you buy, sell, or hold? Auto ancillary player Samvardhana Motherson International Ltd (SAMIL) shares gained in trade on Friday, May 30, after th",2025-05-30,-3,False,,"target price, brokerage, q4 results",Low ESG relevance or finance-only context,2026-10-04
SIS,Security and Intelligence Services,"Trade Spotlight: How should you trade Steel Strips Wheels, Honasa Consumer, Bharat Electronics, UPL, GSK Pharma, and others on May 5? The market closed flat for the third consecutive session following",2025-05-04,-1,False,,resistance,Low ESG relevance or finance-only context,2026-10-04
SIS,Security and Intelligence Services,"Vodafone Idea shares decline by 2.38% in today's session Vodafone Idea's stock experienced a downturn in today's session, declining by 2.38% to a price of Rs 6.97. This movement reflects notable marke",2025-05-30,-1,False,,nifty,Low ESG relevance or finance-only context,2026-10-04
SIS,Security and Intelligence Services,"Small, midcap indices fall for second day as profit booking continues: What lies ahead? The shares of smallcap and midcap companies strongly tumbled, pushing the broader market indices into the red fo",2025-06-12,-2,False,sustainable,"stock price, nifty, sensex",Low ESG relevance or finance-only context,2026-10-04
SIS,Security and Intelligence Services,"NTPC Green Energy shares rise 2.24% in morning trade NTPC Green Energy shares gained 2.24% to trade at Rs 108.15 in Monday's session, driven by positive investor sentiment. The stock is a constituent ",2025-07-28,0,False,green energy,nifty,Low ESG relevance or finance-only context,2026-10-04
SIS,Security and Intelligence Services,"Gland Pharma shares trade flat amid high volume Shares of Gland Pharma were trading flat in Monday's session, with the stock currently priced at Rs 2,001.40. There was a jump in volume and volume surg",2025-07-21,-1,False,,nifty,Low ESG relevance or finance-only context,2026-10-04
SIS,Security and Intelligence Services,"Max Healthcare Institute shares rise 1.54% amid high volume Shares of Max Healthcare Institute Limited gained 1.54% to trade at Rs 1,276.80 in Tuesday's session, witnessing a surge in volume. This inc",2025-07-29,0,False,,,Low ESG relevance or finance-only context,2026-10-04
SIS,Security and Intelligence Services,Bulk deals: Envestcom Holding sells 1.83% stake in Adani Energy Solutions Foreign portfolio investor Envestcom Holding RSC has sold 1.83 percent stake in Adani Energy Solutions via open market purchas,2025-08-06,0,False,,,Low ESG relevance or finance-only context,2026-10-04
SIS,Security and Intelligence Services,"Voltas Shares Rise by 2.04% in Today's Trading Session During today's trading session, Voltas shares experienced a price rise of 2.04%, with its current price at Rs 1297.00. The movement has drawn att",2025-06-09,-2,False,,"share price, nifty",Low ESG relevance or finance-only context,2026-10-04
SIS,Security and Intelligence Services,"Max Healthcare Institute shares fall 2.30% amid high volume Shares of Max Healthcare Institute Limited experienced a decline of 2.30% to trade at Rs 1,215.00 in Friday's session. There was a volume su",2025-07-18,0,False,compliance,nifty,Low ESG relevance or finance-only context,2026-10-04
SIS,Security and Intelligence Services,"Mazagon Dock Shipbuilders shares fall 2.01% in morning trade Shares of Mazagon Dock Shipbuilders declined by 2.01% to Rs 2,729.10 in Friday's session on the NSE. Mazagon Dock Shipbuilders has demonstr",2025-08-08,0,False,,,Low ESG relevance or finance-only context,2026-10-04
SIS,Security and Intelligence Services,More than half of top 500 stocks saw over 20 percent fall in m-cap since September More than half of the top 500 companies by market capitalisation has fallen more than 20 percent from their September,2025-02-24,-1,False,,stock price,Low ESG relevance or finance-only context,2026-10-04
SIS,Security and Intelligence Services,"Gujarat Fluorochemicals shares fall 0.68% amid high volume in today's session Shares of Gujarat Fluorochemicals Limited declined by 0.68% to Rs 3,497.90 in Monday's session, experiencing volatility am",2025-07-07,-1,False,compliance,"trading volume, nifty",Low ESG relevance or finance-only context,2026-10-04
SIS,Security and Intelligence Services,"Mankind Pharma shares rise 2.07% in early trade; stock among top gainers on Nifty Midcap 150 Shares of Mankind Pharma gained 2.07% to trade at Rs 2,631.70 in Monday's session. The stock is among the t",2025-07-14,-1,False,,nifty,Low ESG relevance or finance-only context,2026-10-04
SIS,Security and Intelligence Services,"Marico shares rise 2.01% on Nifty Midcap 150 Marico shares gained 2.01% to trade at Rs 707.90 in Monday's session. At 10:27 am, the stock showed positive movement compared to its previous close, drive",2025-07-28,-1,False,,nifty,Low ESG relevance or finance-only context,2026-10-04
SIS,Security and Intelligence Services,"Vodafone Idea shares surge nearly 6%, among top midcap gainers today with high volume trading Vodafone Idea's stock experienced a significant surge during today's session, climbing by 5.80% to reach R",2025-06-24,-2,False,inclusion,"stock price, trading volume, nifty",Low ESG relevance or finance-only context,2026-10-04
SIS,Security and Intelligence Services,"Aurobindo Pharma shares fall 2%; stock among top losers on Nifty Midcap 150 Shares of Aurobindo Pharma declined by over 2% in Tuesday's trading session, with the stock listed among the top losers on t",2025-07-22,-1,False,,nifty,Low ESG relevance or finance-only context,2026-10-04
SIS,Security and Intelligence Services,"Jindal Stainless shares decline 5.04% amid volume surge; stock among top losers on Nifty Midcap 150 Shares of Jindal Stainless fell 5.04% to Rs 688.05 in Friday's session, witnessing high volume and a",2025-08-08,-1,False,,nifty,Low ESG relevance or finance-only context,2026-10-04
SIS,Security and Intelligence Services,"Hold Aarti Industries; target of Rs 420: Prabhudas Lilladher Prabhudas Lilladher's research report on Aarti Industries  ARTO reported a topline of Rs16.8bn, reflecting a decline of 10% YoY and 14% QoQ",2025-08-04,0,False,,,Low ESG relevance or finance-only context,2026-10-04
SIS,Security and Intelligence Services,"Buy Mankind Pharma; target of Rs 2910: Motilal Oswal Motilal Oswal's research report on Mankind Pharma  Mankind Pharma (Mankind) delivered in-line revenue in 4QFY25; however, EBITDA/PAT came in 14%/12",2025-05-22,0,False,,,Low ESG relevance or finance-only context,2026-10-04
SIS,Security and Intelligence Services,"Voltas shares slump 8% after Q1 results miss Street estimates, brokerages remain cautious Shares of Voltas fell 8 percent to Rs 1,202 per share on August 11 after its June-quarter (Q1FY26) results mis",2025-08-11,-4,False,,"target price, brokerage, q1 results, nifty",Low ESG relevance or finance-only context,2026-10-04
SIS,Security and Intelligence Services,"Max Healthcare Institute shares decline 2.02% in today's session During today's session, Max Healthcare Institute Limited shares experienced a decline of 2.02%, with the price reaching Rs 1202.00. Thi",2025-06-18,-1,False,,nifty,Low ESG relevance or finance-only context,2026-10-04
SIS,Security and Intelligence Services,"Max Healthcare Institute shares rise 2.02% in early trade Max Healthcare Institute Limited's stock is currently trading at Rs 1,243.80, marking a 2.02% increase in Monday's early trading session. The ",2025-07-14,-1,False,,nifty,Low ESG relevance or finance-only context,2026-10-04
SIS,Security and Intelligence Services,"Gland Pharma shares surge 3.35% amid high volume in Wednesday's session Shares of Gland Pharma gained 3.35% to trade at Rs 1,959.40 in Wednesday's session, driven by high volume and unusual trading ac",2025-07-16,0,False,,,Low ESG relevance or finance-only context,2026-10-04
SIS,Security and Intelligence Services,"Sensex, Nifty flat ahead of FOMC minutes; mid-, small-cap indices drop up to 2% Sensex and Nifty flattened by midday on February 19 after opening lower, as investors remained cautious about stretched ",2025-02-19,-2,False,,"nifty, sensex",Low ESG relevance or finance-only context,2026-10-04
SIS,Security and Intelligence Services,"NMDC Shares Surge 2.26% Amid High Volume Trading During today's trading session, NMDC experienced a notable surge in trading activity, with its shares climbing by 2.26% to Rs 69.54. The increase was m",2025-06-24,-3,False,,"share price, trading volume, nifty",Low ESG relevance or finance-only context,2026-10-04
SIS,Security and Intelligence Services,"Buy Marico; target of Rs 810: Emkay Global Financial Emkay Global Financial' research report on Marico  However, the company’s near-term performance is likely to be impacted by the inflationary copra ",2025-07-18,0,False,,,Low ESG relevance or finance-only context,2026-10-04
SIS,Security and Intelligence Services,"Mankind Pharma Shares Rise by 2% During today's trading session, Mankind Pharma experienced a price increase of 2%, with the stock price reaching Rs 2511.10. This movement places Mankind Pharma among ",2025-05-30,-2,False,,"stock price, nifty",Low ESG relevance or finance-only context,2026-10-04
SIS,Security and Intelligence Services,"Gland Pharma Shares Surge 2.25% in Today's Trading Session In today's trading session, Gland Pharma shares demonstrated a positive trend, increasing by 2.25% to reach Rs 1810.70 at 09:18 am during the",2025-06-17,-1,False,,nifty,Low ESG relevance or finance-only context,2026-10-04
SIS,Security and Intelligence Services,Railtel Corp shares surge 12% on strong earnings show in Q4FY25 Railtel Corporation's shares rose over 12 percent following its March-quarter earnings that saw the Navratna railway PSU deliver a stron,2025-05-02,0,False,,,Low ESG relevance or finance-only context,2026-10-04
SIS,Security and Intelligence Services,"Voltas Q1 FY26 Net Profit Declines 58% YoY to ₹140.61 Crore Voltas Limited reported a consolidated net profit of ₹140.61 crore for the quarter ended June 30, 2025, a decline of 58.03% compared to ₹335",2025-08-08,0,False,,,Low ESG relevance or finance-only context,2026-10-04
SIS,Security and Intelligence Services,"Ajanta Pharma share price falls 2% on Nifty Midcap 150 Shares of Ajanta Pharma declined by 2% to trade at Rs 2,728.60 in Monday's session. At 12:07 pm, the stock experienced this fall, reflecting a no",2025-07-28,-2,False,,"share price, nifty",Low ESG relevance or finance-only context,2026-10-04
SIS,Security and Intelligence Services,"Sensex, Nifty close lower for 8th session; all 13 sectoral indices in red, broader markets crash up to 3% Sensex and Nifty fell for the eighth session for the first time in two years on February 14, a",2025-02-14,-4,False,,"resistance, support level, nifty, sensex",Low ESG relevance or finance-only context,2026-10-04
SIS,Security and Intelligence Services,"Tube Investments of India shares trade flat amid volume surge Shares of Tube Investments of India Ltd were trading at Rs 2,869.20 in Wednesday's session, a marginal increase of 0.02% from the previous",2025-07-30,-1,False,,trading volume,Low ESG relevance or finance-only context,2026-10-04
SIS,Security and Intelligence Services,"Cochin Shipyard Shares Rise by Over 2% in Today's Trading Session During today's trading session, Cochin Shipyard shares experienced an increase of 2.13%, reaching a price of Rs 2,207.60. This movemen",2025-06-16,-1,False,,nifty,Low ESG relevance or finance-only context,2026-10-04
SIS,Security and Intelligence Services,"Nifty Midcap extends rally for a fifth session to gain 8% this week, strength likely to continue Shares of midcap companies extended their rally on March 21 to push the Nifty Midcap index up by over a",2025-03-21,-3,False,,"stock price, trading volume, nifty",Low ESG relevance or finance-only context,2026-10-04
SIS,Security and Intelligence Services,"Vodafone Idea shares fall 2.05% in morning trade; stock among top losers on Nifty Midcap 150 Shares of Vodafone Idea declined by 2.05% to Rs 7.18 in Friday's morning session, making it one of the top ",2025-07-11,-1,False,,nifty,Low ESG relevance or finance-only context,2026-10-04
SIS,Security and Intelligence Services,"Gland Pharma share price falls 2.27% in early trade; stock among top midcap losers Shares of Gland Pharma declined by 2.27% to Rs 2,018.00 in early trade on Friday. The stock's decline reflects a nota",2025-08-01,-2,False,,"share price, nifty",Low ESG relevance or finance-only context,2026-10-04
SIS,Security and Intelligence Services,"CLSA sees NHPC shares doubling in four years, helped by projects on fast-track after Indus treaty suspension Shares of Mini Ratna PSU and hydroelectric power generation company NHPC - part of CLSA's h",2025-06-23,0,False,"water, renewable","share price, brokerage",Low ESG relevance or finance-only context,2026-10-04
SIS,Security and Intelligence Services,"Ajanta Pharma shares trade flat amid high volume in today's session Shares of Ajanta Pharma were trading flat in Monday's session, with the stock currently priced at Rs 2,628.30, a marginal increase o",2025-07-14,-1,False,,trading volume,Low ESG relevance or finance-only context,2026-10-04
SIS,Security and Intelligence Services,"Ajanta Pharma shares rise 2.10% in today's trading session Ajanta Pharma shares gained 2.10%, trading at Rs 2,645.60 on Friday morning. The stock's performance places it among the gainers on the Nifty",2025-07-11,-1,False,,nifty,Low ESG relevance or finance-only context,2026-10-04
SIS,Security and Intelligence Services,"Marico Q4 results: Net profit rises 8% to Rs 343 crore, firm declares Rs 7 dividend FMCG-major Marico Ltd on May 2 reported 8% increase in net profit at Rs 343 crore for the quarter ended March 31, 20",2025-05-02,-1,False,,q4 results,Low ESG relevance or finance-only context,2026-10-04
SIS,Security and Intelligence Services,"RailTel Corporation shares up 3% on order win worth Rs 28.29 crore; board meet on March 12 RailTel Corporation of India share price extended the gains on fifth consecutive day, rising 3 percent on Mar",2025-03-10,-1,False,,share price,Low ESG relevance or finance-only context,2026-10-04
SIS,Security and Intelligence Services,Anupam Rasayan signs 10-year LoI worth Rs 922 cr with a Korean MNC for 'high-performance niche chemical' Anupam Rasayan on March 10 announced that the firm has signed a 10-year Letter of Intent (LoI) ,2025-03-10,0,False,,,Low ESG relevance or finance-only context,2026-10-04
SIS,Security and Intelligence Services,"Gland Pharma shares rise 2.02% in Wednesday's trading session Shares of Gland Pharma were up 2.02% in Wednesday's session, with the stock trading at Rs 1,934.10. The stock movement is tracked against ",2025-07-16,-1,False,,nifty,Low ESG relevance or finance-only context,2026-10-04
SIS,Security and Intelligence Services,"Ajanta Pharma Shares Rise 2.06% in Today's Session In today's trading session, Ajanta Pharma experienced a price increase of 2.06%, with the stock price reaching Rs 2,611.90. This movement highlights ",2025-06-04,-1,False,environment,"stock price, nifty",Low ESG relevance or finance-only context,2026-10-04
SIS,Security and Intelligence Services,Samvardhana Motherson International shares rise 2.07% in Tuesday's session Shares of Samvardhana Motherson International gained 2.07% to trade at Rs 155.39 in Tuesday's session. The stock is part of t,2025-07-15,-1,False,,nifty,Low ESG relevance or finance-only context,2026-10-04
SIS,Security and Intelligence Services,"Small, midcap indices outperform benchmarks to extend gains for a third session: These are the top gainers Rally in select small and midcap shares on May 14 pushed the broader market indices into the ",2025-05-14,-4,False,,"share price, q4 results, nifty, sensex",Low ESG relevance or finance-only context,2026-10-04
SIS,Security and Intelligence Services,"Trade Spotlight: How should you trade RBL Bank, Coromandel International, PI Industries, TD Power, HDFC AMC, Cochin Shipyard and others on July 31? Equity benchmarks closed the range-bound session wit",2025-07-31,-5,False,,"candlestick, resistance, support level, trading volume, nifty",Low ESG relevance or finance-only context,2026-10-04
SIS,Security and Intelligence Services,"Chartist Talks: SBI Securities' Sudeep Shah expects pullback rally to continue in Nifty, picks 2 stock ideas for next week Technically, Sudeep Shah of SBI Securities believes the Nifty 50 is likely to",2025-03-09,-3,False,,"candlestick, resistance, nifty",Low ESG relevance or finance-only context,2026-10-04
SIS,Security and Intelligence Services,"Rail Vikas Nigam Shares Fall 2% in Today's Trading Session Rail Vikas Nigam (RVN) shares experienced a price fall of 2% during today's trading session. At approximately 09:50 AM, the stock was trading",2025-06-06,-1,False,,nifty,Low ESG relevance or finance-only context,2026-10-04
SIS,Security and Intelligence Services,"Rail Vikas Nigam shares decline 2.06% in today's trading Shares of Rail Vikas Nigam experienced a decline of 2.06% in today's session, with the price falling to Rs 392.40. This movement reflects a shi",2025-06-19,0,False,inclusion,nifty,Low ESG relevance or finance-only context,2026-10-04
SIS,Security and Intelligence Services,"Trade Spotlight: How should you trade Bandhan Bank, Jubilant Foodworks, Torrent Power, SBI, Kirloskar Oil Engines, and others on April 4? The benchmark indices closed off the day's low amid rangebound",2025-04-04,-3,False,,"candlestick, resistance, support level",Low ESG relevance or finance-only context,2026-10-04
SIS,Security and Intelligence Services,"IDFC FIRST Bank reports Q4 FY25 net profit of Rs 304 crore, 58% decline from FY24 IDFC FIRST Bank posted a net profit of Rs 304 crore for Q4 FY25, a 58 percent decline compared to Rs 724 crore reporte",2025-04-26,0,False,,,Low ESG relevance or finance-only context,2026-10-04
SIS,Security and Intelligence Services,"Samvardhana Motherson Q4 results: Net profit jumps 20% to Rs 1,050 crore, firm announces 1:2 bonus issue Samvardhana Motherson on May 29 reported a net profit of Rs 1,050.5 crore for the fourth quarte",2025-05-29,0,False,sustainable,q4 results,Low ESG relevance or finance-only context,2026-10-04
SIS,Security and Intelligence Services,"Trade Spotlight: How should you trade Lupin, Aarti Industries, Phoenix Mills, Choice International, APL Apollo Tubes, Pennar, and others on April 23? The market extended its gains for the sixth consec",2025-04-23,-2,False,,"candlestick, nifty",Low ESG relevance or finance-only context,2026-10-04
SIS,Security and Intelligence Services,Listed defence shipyards’ order-book to grow by nearly 3x in next two years: Antique Broking The Indian-listed defence shipyards sector could see nearly a 3x increase in order inflows by FY2026–2027 o,2025-05-13,-2,False,,"target price, brokerage",Low ESG relevance or finance-only context,2026-10-04
SIS,Security and Intelligence Services,"Ajanta Pharma shares rise 2.09% on Nifty Midcap 150 Shares of Ajanta Pharma rose 2.09% to Rs 2,824.90 in Tuesday's session, driven by bullish investor sentiment. The stock is among the top gainers on ",2025-07-29,-1,False,,nifty,Low ESG relevance or finance-only context,2026-10-04
SIS,Security and Intelligence Services,"Mazagon Dock Shipbuilders Shares Decline by 2.10% in Today's Trading Session During today's trading session, Mazagon Dock Shipbuilders shares experienced a decline of 2.10%, trading at Rs 3,133.10. Th",2025-06-16,-1,False,,nifty,Low ESG relevance or finance-only context,2026-10-04
SIS,Security and Intelligence Services,"Glenmark Pharma share hits upper circuit level, up 10%; stock among top Midcap gainers in early trade today Glenmark Pharma shares surged by 10% to hit the upper circuit level in early trade, reaching",2025-07-11,-1,False,,nifty,Low ESG relevance or finance-only context,2026-10-04
SIS,Security and Intelligence Services,"Mazagon Dock Shipbuilders shares fall 2.08% in morning trade Shares of Mazagon Dock Shipbuilders declined by 2.08% to trade at Rs 2,898.00 in Friday's session. At 10:50 am, the stock experienced this ",2025-07-25,-1,False,,nifty,Low ESG relevance or finance-only context,2026-10-04
SIS,Security and Intelligence Services,"NMDC shares decline 1.53% amid volume surge; stock among top losers on Nifty Midcap 150 Shares of NMDC experienced a decline of 1.53% to Rs 68.01 in Tuesday's session, accompanied by high trading volu",2025-07-15,-2,False,,"trading volume, nifty",Low ESG relevance or finance-only context,2026-10-04
SIS,Security and Intelligence Services,"Jindal Stainless Shares Surge 1.36% Amid High Trading Volumes Jindal Stainless experienced a notable surge in trading volume during today's session, with shares climbing by 1.36% to Rs 726.10. The sur",2025-06-10,-2,False,,"trading volume, nifty",Low ESG relevance or finance-only context,2026-10-04
SIS,Security and Intelligence Services,"Mazagon Dock Shipbuilders shares fall 2% in Friday's trading session Shares of Mazagon Dock Shipbuilders declined by 2% to trade at Rs 2,987 in Friday's session. The stock is part of the NIFTY MIDCAP ",2025-07-18,-1,False,,nifty,Low ESG relevance or finance-only context,2026-10-04
SIS,Security and Intelligence Services,Jindal Stainless shares rise 2.53% in early trade; stock among top gainers on Nifty Midcap 150 Shares of Jindal Stainless gained 2.53% to trade at Rs 676.45 in Tuesday's early session. The stock is am,2025-07-29,-1,False,,nifty,Low ESG relevance or finance-only context,2026-10-04
SIS,Security and Intelligence Services,"Voltas share price rises over 2%, among top midcap gainers in today’s trading session Voltas shares experienced a rise of 2.14% in today's session, with the price reaching Rs 1,339.00 in the morning s",2025-06-26,-2,False,,"share price, nifty",Low ESG relevance or finance-only context,2026-10-04
SIS,Security and Intelligence Services,Vodafone Idea shares rise 2.08% in early trade Shares of Vodafone Idea gained 2.08% to trade at Rs 7.35 in early trade. The stock's positive movement comes amid a neutral sentiment analysis from Money,2025-07-28,0,False,compliance,nifty,Low ESG relevance or finance-only context,2026-10-04
SIS,Security and Intelligence Services,"Q4 results impact: Delhivery shares surge 12% on stellar earnings; Data Patterns shares rise 2%, CreditAccess in red Delhivery shares surged nearly 12 percent on May 19 after the company reported a ne",2025-05-19,-1,False,,q4 results,Low ESG relevance or finance-only context,2026-10-04
SIS,Security and Intelligence Services,IREDA shares fall 4.37%; stock among top losers on Nifty Midcap 150 in early trade today Shares of Indian Renewable Energy Development Agency declined 4.37 percent to Rs 162.23 in early trade on Frida,2025-07-11,0,False,renewable,nifty,Low ESG relevance or finance-only context,2026-10-04
SIS,Security and Intelligence Services,"Cochin Shipyard shares fall 2.20% in early trade today Shares of Cochin Shipyard declined 2.20% to Rs 1,973.30 in early trade on Friday. The stock's movement reflects a negative trend as observed at 9",2025-07-11,0,False,compliance,nifty,Low ESG relevance or finance-only context,2026-10-04
SIS,Security and Intelligence Services,"Mankind Pharma shares rise 2.19% in early trade Shares of Mankind Pharma gained 2.19% to trade at Rs 2,623.40 in Friday's early session. The stock is currently trading on a positive note, reflecting a",2025-08-01,-1,False,,nifty,Low ESG relevance or finance-only context,2026-10-04
SIS,Security and Intelligence Services,"Tata Steel, SAIL, NMDC shares gain on buzz of safeguard duty on steel imports, Nifty Metal shines for 5th day Tata Steel, SAIL, NMDC among other steel stocks surged in Friday's trade on buzz of the go",2025-02-21,-2,False,,"intraday, nifty",Low ESG relevance or finance-only context,2026-10-04
SIS,Security and Intelligence Services,"Steel Authority of India shares fall 2.01%, stock among top losers on Nifty Midcap 150 Shares of Steel Authority of India declined by 2.01% to Rs 120.97 in Thursday's session. The stock is among the t",2025-08-07,-1,False,,nifty,Low ESG relevance or finance-only context,2026-10-04
SIS,Security and Intelligence Services,"Two metals stocks under Rs 200 to add to your watchlist In the current market, passive investors may feel like they are watching their portfolios sink. With seemingly bearish momentum and some stocks ",2025-02-23,-3,False,,"stock price, resistance, nifty",Low ESG relevance or finance-only context,2026-10-04
SIS,Security and Intelligence Services,"Mazagon Dock Shipbuilders stock declines 2% during today's session     Mazagon Dock Shipbuilders shares experienced a downturn during today's session, declining by 2.04% to a price of Rs 3246.90. The ",2025-06-12,-1,False,,nifty,Low ESG relevance or finance-only context,2026-10-04
SIS,Security and Intelligence Services,"Cochin Shipyard shares rise 2.41% in today's session Cochin Shipyard's stock is currently trading at Rs 2,083.70, marking a 2.41% increase in today's session. The stock is part of the NIFTY MIDCAP 150",2025-06-04,-1,False,,nifty,Low ESG relevance or finance-only context,2026-10-04
SIS,Security and Intelligence Services,"Cochin Shipyard shares gain over 1.5% in today's trading session amid high volumes During today's session, Cochin Shipyard shares experienced a notable surge, driven by high trading volumes. The stock",2025-06-23,-2,False,environment,"stock price, trading volume, nifty",Low ESG relevance or finance-only context,2026-10-04
SIS,Security and Intelligence Services,"Hindustan Zinc share price falls nearly 6% in today's trading session, stock among top midcap losers During today's session, Hindustan Zinc's share price experienced a notable downturn, falling by 5.8",2025-06-18,-2,False,,"share price, nifty",Low ESG relevance or finance-only context,2026-10-04
SIS,Security and Intelligence Services,NMDC shares rise 2.19% in early trade Shares of NMDC gained 2.19% to trade at Rs 72.34 in Friday's early session. The stock is currently trading on the Nifty Midcap 150.    NMDC's revenue for the quar,2025-08-01,-1,False,,nifty,Low ESG relevance or finance-only context,2026-10-04
SIS,Security and Intelligence Services,"PC Jeweller: Promoter ups stake via 3.08 cr warrant conversion       New Track Garments Private Limited, an entity belonging to the promoter group of PC Jeweller Limited, has increased its equity stak",2025-06-02,0,False,,,Low ESG relevance or finance-only context,2026-10-04
SIS,Security and Intelligence Services,"KPR Mill shares rise 2.09% in Wednesday's session; stock among top gainers on Nifty Midcap 150 Shares of KPR Mill gained 2.09% in Wednesday's trading session, with the stock currently trading at Rs 1,",2025-08-20,-1,False,,nifty,Low ESG relevance or finance-only context,2026-10-04
SIS,Security and Intelligence Services,"DLF, Anant Raj, other shares surge up to 8% as Nifty Realty leads the broad-based market rally Shares of listed real estate developers surged on April 15, supporting a broader rally in Indian markets,",2025-04-15,-2,False,,"stock price, nifty",Low ESG relevance or finance-only context,2026-10-04
SIS,Security and Intelligence Services,"PB Fintech-Policybazaar Shares Decline 2.16% in Today's Trading Session Shares of PB Fintech (Policybazaar) experienced a decline in today's trading session. On Monday, 16 Jun 2025, at 10:25 am, the s",2025-06-16,-1,False,,nifty,Low ESG relevance or finance-only context,2026-10-04
SIS,Security and Intelligence Services,"Hold RBL Bank: target of Rs 250: ICICI Securities ICICI Securities's research report on RBL Bank  RBL Bank (RBL) reported a weak set of results with a sharp ~40bps QoQ dip in NIM, double-digit NII de-",2025-07-23,-1,False,,target price,Low ESG relevance or finance-only context,2026-10-04
SIS,Security and Intelligence Services,"Angel One shares sink 6% as Q4 show disappoints investors, profit tanks 49% YoY Capital markets player Angel One Ltd.'s shares took a tumble during early trade on April 17, after the brokerage reporte",2025-04-17,0,False,environment,brokerage,Low ESG relevance or finance-only context,2026-10-04
SIS,Security and Intelligence Services,'Dene wala jab bhi deta...': CLSA is all praises for RBI's recent liquidity relief for lenders Global brokerage CLSA praised the Reserve Bank of India's recent measures to address the liquidity squeez,2025-02-27,-1,False,,brokerage,Low ESG relevance or finance-only context,2026-10-04
SIS,Security and Intelligence Services,"Chartist Talk: Nifty needs to break above 24,640 to trap late short sellers for short covering rally to 24,800; buy these 2 stocks, says Ashish Kyal Ashish Kyal, CMT, Founder and CEO of Waves Strategy",2025-08-12,-1,False,environment,"support level, nifty",Low ESG relevance or finance-only context,2026-10-04
SIS,Security and Intelligence Services,"Godrej Properties shares gain for the 5th day on acquiring 48-acre land parcel in Bengaluru Shares of Godrej Properties extended their winning streak to a fifth consecutive session, rising to Rs 2,358",2025-07-18,-1,False,,nifty,Low ESG relevance or finance-only context,2026-10-04
SIS,Security and Intelligence Services,Motilal Oswal expects recovery for capital market stocks led by retail participation in F&O The Futures &amp;amp; Options (F&amp;amp;O) segment has seen a sharp contraction in active client numbers—fr,2025-05-21,-4,False,,"brokerage, trading volume, nifty, sensex",Low ESG relevance or finance-only context,2026-10-04
SIS,Security and Intelligence Services,Godrej Properties shares drop 2% after 'Reduce' call from Nomura The shares of Godrej Properties dropped nearly 2 percent on July 9 after Nomura initiated a 'Reduce' rating on the stock. The shares of,2025-07-09,-2,False,,"target price, brokerage",Low ESG relevance or finance-only context,2026-10-04
SIS,Security and Intelligence Services,"Max Financial Services shares gain 2.30% amid volume surge; stock among top gainers on Nifty Midcap 150 Max Financial Services shares surged 2.30% to Rs 1,635.00 in Monday's session, witnessing high v",2025-08-18,-1,False,,nifty,Low ESG relevance or finance-only context,2026-10-04
SIS,Security and Intelligence Services,"Kalyan Jewellers sharply lower by over 7 percent on heavy volumes despite strong Q1 earnings Shares of Kalyan Jewellers are sharply lower in the trading session on August 8, down over 7 percent with v",2025-08-08,-2,False,,"target price, buy call",Low ESG relevance or finance-only context,2026-10-04
SIS,Security and Intelligence Services,"One 97 Communications Paytm shares rise 2.09%; stock among top gainers on Nifty Midcap 150 Shares of One 97 Communications Paytm gained 2.09% to trade at Rs 1,175.40 in Monday's session, emerging as o",2025-08-18,-1,False,,nifty,Low ESG relevance or finance-only context,2026-10-04
SIS,Security and Intelligence Services,"Reduce AU Small Finance Bank: target of Rs 725: Emkay Emkay's research report on AU Small Finance Bank  AU SFB reported weak core performance, with margins declining sharply by 40bps QoQ to 5.4%, alth",2025-07-22,0,False,,,Low ESG relevance or finance-only context,2026-10-04
SIS,Security and Intelligence Services,"DLF Shares Surge 2.60% Amidst Bullish Market Sentiment During today's trading session, DLF witnessed a notable increase in its stock price, surging by 2.60% to Rs 847.20. This upward movement reflects",2025-06-06,-2,False,,"stock price, nifty",Low ESG relevance or finance-only context,2026-10-04
SIS,Security and Intelligence Services,"KPR Mill share price falls 2.04% in Monday's trading session Shares of KPR Mill declined by 2.04 percent to trade at Rs 1,165.30 in Monday's session. The decline reflects a bearish sentiment for the s",2025-07-07,-2,False,,"share price, nifty",Low ESG relevance or finance-only context,2026-10-04
SIS,Security and Intelligence Services,KPR Mill share price falls 5.29% among top losers on Nifty Midcap 150 Shares of KPR Mill declined 5.29% to Rs 983.80 in Thursday's early trading session. The stock is among the top losers on the Nifty,2025-08-07,-2,False,,"share price, nifty",Low ESG relevance or finance-only context,2026-10-04
SIS,Security and Intelligence Services,"Alibaba entity launches block deal to sell 5.84% stake in Paytm for Rs 3,800 crore; marking full exit for Chinese investor Antfin (Netherlands) Holding B.V., one of the largest shareholders in One 97 ",2025-08-04,0,False,,,Low ESG relevance or finance-only context,2026-10-04
SIS,Security and Intelligence Services,"CLSA reiterates 'High Conviction Outperform' on DLF shares, raises target to Rs 1,025 Hong Kong-based broking house CLSA reiterated its 'High Conviction Outperform' rating on real estate player DLF an",2025-07-01,-1,False,governance,"target price, brokerage",Low ESG relevance or finance-only context,2026-10-04
SIS,Security and Intelligence Services,"Raymond, DLF, other real estate shares rise up to 5% on rate cut hopes as inflation eases to July 2019 level Shares of Raymond, DLF, Prestige Estates Projects among other firms rose rose in Wednesday'",2025-05-14,-2,False,,"intraday, nifty",Low ESG relevance or finance-only context,2026-10-04
SIS,Security and Intelligence Services,"RBI closely monitoring capital position of small finance banks, few may be forced to shore up buffer Small finance banks that have seen an erosion in their overall capital position since FY24 are unde",2025-02-27,0,False,,,Low ESG relevance or finance-only context,2026-10-04
SIS,Security and Intelligence Services,DLF may launch its first Mumbai housing project in next two weeks India's most-valued real estate developer DLF is expected to launch its much-awaited premium housing project in Mumbai in the next two,2025-05-26,0,False,,,Low ESG relevance or finance-only context,2026-10-04
SIS,Security and Intelligence Services,"Real estate shares continue to fall for 5th day, decline up to 6%; weak Q1 results of Lodha, TCS layoffs weigh The shares of real estate companies recorded significant losses on July 28, as weak earni",2025-07-28,-4,False,,"share price, intraday, q1 results, nifty",Low ESG relevance or finance-only context,2026-10-04
SIS,Security and Intelligence Services,"Kalyan Jewellers India shares rise 2.08% on Nifty Midcap 150 Shares of Kalyan Jewellers India gained 2.08% to trade at Rs 602.45 in Thursday's session. At 10:29 am, the stock showcased positive moveme",2025-07-17,-1,False,,nifty,Low ESG relevance or finance-only context,2026-10-04
SIS,Security and Intelligence Services,"PB Fintech-Policybazaar shares fall 2.01%; among top losers on Nifty Midcap 150 Shares of PB Fintech declined by 2.01% to Rs 1,754.50 in Friday's trading session. The stock is among the top losers on ",2025-07-18,-1,False,,nifty,Low ESG relevance or finance-only context,2026-10-04
SIS,Security and Intelligence Services,"One 97 Communications Paytm shares hit 52-week high; stock gains 0.47% Shares of One 97 Communications Paytm hit a 52-week high of Rs 1,232.95 on the BSE in Wednesday's session. At 9:16 am, the stock ",2025-08-20,-1,False,,nifty,Low ESG relevance or finance-only context,2026-10-04
SIS,Security and Intelligence Services,"Godrej Properties shares fall 2.18% in early trade Shares of Godrej Properties declined by 2.18% to Rs 2,260.00 in Wednesday's early trading session. The stock is a constituent of the Nifty Midcap 150",2025-07-09,0,False,sustainability,nifty,Low ESG relevance or finance-only context,2026-10-04
SIS,Security and Intelligence Services,"DLF shares rise 2.09% in morning trade Shares of DLF gained 2.09% to trade at Rs 803.65 in morning trade. The stock is currently trading on the Nifty Next 50 index. On July 28, 2025, DLF announced a f",2025-07-29,-1,False,,nifty,Low ESG relevance or finance-only context,2026-10-04
SIS,Security and Intelligence Services,Kalyan Jewellers India shares fall over 2% in early trade; stock among top losers on Nifty Midcap 150 Shares of Kalyan Jewellers India declined by over 2% to in early trade on Friday. The stock was am,2025-07-25,-1,False,,nifty,Low ESG relevance or finance-only context,2026-10-04
SIS,Security and Intelligence Services,"Kalyan Jewellers India shares decline 2.45% amid volume surge; stock among top losers on Nifty Midcap 150 Shares of Kalyan Jewellers India were down 2.45%, trading at Rs 507.45 in Tuesday's session, w",2025-08-19,-1,False,,nifty,Low ESG relevance or finance-only context,2026-10-04
SIS,Security and Intelligence Services,"Kalyan Jewellers India shares rise nearly 3% in Wednesday's session Kalyan Jewellers India's stock is trading at Rs 587.40, a gain of nearly 3% in Wednesday's session. The stock is showing positive mo",2025-07-09,-1,False,,nifty,Low ESG relevance or finance-only context,2026-10-04
SIS,Security and Intelligence Services,"BSE, other capital market plays rise up to 3% on Sebi's conditional nod to Jane Street The shares of listed wealth management, broking firms and market intermediaries extended gains on July 22 after r",2025-07-22,-1,False,compliance,"share price, nifty",Low ESG relevance or finance-only context,2026-10-04
SIS,Security and Intelligence Services,"Nifty Realty drops 1.4%, extends losses for third day: 5 reasons behind sector-wide sell-off Real estate stocks recorded significant losses on August 7, pushing the Nifty Realty index down 1.4 percent",2025-08-07,-2,False,,"share price, nifty",Low ESG relevance or finance-only context,2026-10-04
SIS,Security and Intelligence Services,"HDFC Asset Management Company shares hit all-time high; gains in early trading Shares of HDFC Asset Management Company  reached a new 52-week high of Rs 5,311.00 on the NSE in early trade. This is als",2025-07-16,0,False,,,Low ESG relevance or finance-only context,2026-10-04
SIS,Security and Intelligence Services,"Angel One shares rise 4% amid jump in client base, BSE hits fresh 52-week high as other capital market stocks rally too Shares of Angel One rose sharply on Thursday after the brokerage firm reported a",2025-06-05,-3,False,,"brokerage, intraday, nifty",Low ESG relevance or finance-only context,2026-10-04
SIS,Security and Intelligence Services,"One 97 Communications shares hit 52-week high Shares of One 97 Communications Paytm hit a 52-week high of Rs 1,089.95 on the NSE in Thursday's session. The stock's performance places it among the gain",2025-07-24,-1,False,,nifty,Low ESG relevance or finance-only context,2026-10-04
SIS,Security and Intelligence Services,"KPR Mill shares rise 2.17% on Nifty Midcap 150 KPR Mill shares experienced a 2.17% increase, trading at Rs 1,214.10 in Tuesday's session. The stock is among the top gainers on Nifty Midcap 150 at 11:2",2025-07-15,-1,False,,nifty,Low ESG relevance or finance-only context,2026-10-04
SIS,Security and Intelligence Services,"PB Fintech shares rise 2.13% in today's trade     Shares of PB Fintech experienced a rise of 2.13% during today's trading session, with the price reaching Rs 1776.90. This movement reflects a notable ",2025-06-04,-2,False,,"stock price, nifty",Low ESG relevance or finance-only context,2026-10-04
SIS,Security and Intelligence Services,"Listed developers log record pre-sales in FY25 despite dip in market sentiment Most large listed real estate developers broke new records in pre-sales for the financial year ended March 31, 2025, regi",2025-05-21,0,False,,,Low ESG relevance or finance-only context,2026-10-04
SIS,Security and Intelligence Services,"Trade Spotlight: How should you trade Paytm, Indian Bank, InterGlobe Aviation, Larsen & Toubro, Transrail Lighting, Fortis Healthcare, and others on August 12? Equity benchmark indices bounced back wi",2025-08-12,-1,False,,resistance,Low ESG relevance or finance-only context,2026-10-04
SIS,Security and Intelligence Services,"Realty index extends gains for 2nd day on rate cut hopes; Sobha, Godrej Properties, others surge up to 6% Real estate stocks recorded strong gains on June 3, thus pushing the Nifty Realty index into t",2025-06-03,-1,False,labor,"nifty, sensex",Low ESG relevance or finance-only context,2026-10-04
SIS,Security and Intelligence Services,"Hold PB Fintech: target of Rs 1840: ICICI Securities ICICI Securities's research report on PB Fintech  PB Fintech’s (PBF) Q1FY26 tick marked all important growth parameters (65% in new health, 42% in ",2025-08-05,0,False,,,Low ESG relevance or finance-only context,2026-10-04
SIS,Security and Intelligence Services,"Siyaram Silk Mills Sets July 22 as Record Date for ₹5 Final Dividend     Siyaram Silk Mills Limited has announced July 22, 2025, as the record date for determining the eligibility of shareholders for ",2025-07-11,0,False,,,Low ESG relevance or finance-only context,2026-10-04
SIS,Security and Intelligence Services,"One 97 Communications Paytm shares rise 2.98%, among top gainers on Nifty Midcap 150 Shares of One 97 Communications Paytm were up 2.98% to Rs 1,208.80 in morning trade. The stock gained following pos",2025-08-19,-1,False,,nifty,Low ESG relevance or finance-only context,2026-10-04
SIS,Security and Intelligence Services,"DLF share price falls 2.04%, among top losers on Nifty Next 50 Shares of DLF experienced a decline of 2.04% to Rs 814.55 in Friday's session. The stock is among the top losers on Nifty Next 50.    Fin",2025-07-11,-1,False,compliance,"share price, nifty",Low ESG relevance or finance-only context,2026-10-04
SIS,Security and Intelligence Services,"PB Fintech-Policybazaar shares fall 2%, among top midcap losers in morning trading session Shares of PB Fintech declined by 2% to trade at Rs 1,795.40 in Friday's trading session. This movement places",2025-07-11,-1,False,,nifty,Low ESG relevance or finance-only context,2026-10-04
SIS,Security and Intelligence Services,"Chart Check: Nifty may attempt to test new highs, rotate money into laggards, says Rahul Ghose of Hedged The momentum in equity markets is expected to continue as there is no strong near-term resistan",2025-05-13,-4,False,,"candlestick, resistance, support level, nifty",Low ESG relevance or finance-only context,2026-10-04
SIS,Security and Intelligence Services,"Real estate stocks fall for 2nd day amid profit booking; Sobha, Macrotech Developers, others tumble up to 2.5% The shares of real estate companies dropped on June 10 as investors continued to book pro",2025-06-10,-2,False,,"share price, nifty",Low ESG relevance or finance-only context,2026-10-04
SIS,Security and Intelligence Services,"Godrej Properties share price falls over 2% in Wednesday's session Shares of Godrej Properties declined by 2.03% to trade at Rs 2,071.90 in Wednesday's session, according to the previous day's closing",2025-08-06,-2,False,,"share price, nifty",Low ESG relevance or finance-only context,2026-10-04
SIS,Security and Intelligence Services,"One 97 Communications-Paytm shares rise 2.15% in midday trade One 97 Communications-Paytm shares demonstrated positive movement in Monday's session, trading at Rs 971.60, a gain of 2.15% as of 12:20 p",2025-07-14,-1,False,,nifty,Low ESG relevance or finance-only context,2026-10-04
SIS,Security and Intelligence Services,"One 97 Communications Paytm Shares Rise by Over 2% in Today's Session In today's trading session, One 97 Communications Paytm shares experienced a positive trend, climbing by 2.12% to reach Rs 883.50.",2025-06-18,-1,False,,nifty,Low ESG relevance or finance-only context,2026-10-04
SIS,Security and Intelligence Services,"Nifty Realty top sectoral gainer on RBI's steep rate cut; DLF, Godrej Properties, other real estate shares rally up to 6% Realty shares rallied sharply on Friday, with the Nifty Realty index topping s",2025-06-06,-1,False,,nifty,Low ESG relevance or finance-only context,2026-10-04
SIS,Security and Intelligence Services,"Godrej Properties shares rise by 2.06% in today's session     Godrej Properties shares experienced a rise of 2.06% in today's session, with the price reaching Rs 2290.00. This increase positions Godre",2025-06-02,-1,False,,nifty,Low ESG relevance or finance-only context,2026-10-04
SIS,Security and Intelligence Services,"Jewellery shares extend gains for a fifth session on value buying: Up to 5% surge in Senco, Titan, Kalyan Shares of jewellery companies extended gains on July 17, supported by value buying and firm go",2025-07-17,-1,False,,intraday,Low ESG relevance or finance-only context,2026-10-04
SIS,Security and Intelligence Services,"KPR Mill share price falls over 2% in morning trade Shares of KPR Mill declined by 2.14% to Rs 1,175.40 in Friday's trading session. The is a constituent of the Nifty Midcap 150 index. The price fall ",2025-07-11,-2,False,,"share price, nifty",Low ESG relevance or finance-only context,2026-10-04
SIS,Security and Intelligence Services,"Godrej Properties shares rise 2.06% in morning trade Shares of Godrej Properties gained 2.06% to trade at Rs 2,336.20 in Thursday's session. The stock is included in the Nifty Midcap 150 index.    Her",2025-07-17,-1,False,,nifty,Low ESG relevance or finance-only context,2026-10-04
SIS,Security and Intelligence Services,Realty stocks in red amid profit booking after massive gains following RBI's jumbo rate cut The shares of several realty stocks were trading in red on June 9 as investors resorted to profit booking at,2025-06-09,-1,False,,nifty,Low ESG relevance or finance-only context,2026-10-04
SIS,Security and Intelligence Services,"Chartist Talk: Apollo Hospitals still a strong pick, Paytm showing signs of fatigue, says JM Financial's Rahul Sharma After a stellar run this financial year, outpacing many of its peers, One 97 Commu",2025-08-15,-4,False,inclusion,"intraday, technical chart, resistance, trading volume, nifty",Low ESG relevance or finance-only context,2026-10-04
SIS,Security and Intelligence Services,"DLF share price falls 2.09% in morning trade Shares of DLF experienced a decline of 2.09% in Wednesday's session, trading at Rs 764.60. The stock is part of the NIFTY NEXT 50 index.    DLF's recent fi",2025-08-06,-2,False,,"share price, nifty",Low ESG relevance or finance-only context,2026-10-04
SIS,Security and Intelligence Services,"PB Fintech-Policybazaar shares rise 2.01% in Wednesday's trading session Shares of PB Fintech were trading higher at Rs 1,864.40, a 2.01% increase from the previous close, at 10:22 am on Wednesday. Th",2025-08-13,-1,False,,nifty,Low ESG relevance or finance-only context,2026-10-04
SIS,Security and Intelligence Services,"Kalyan Jewellers India shares rise 2.33%, among top gainers on Nifty Midcap 150 Shares of Kalyan Jewellers India were up 2.33% to Rs 527.65 in Thursday's session. The stock was trading among the top g",2025-08-14,-1,False,,nifty,Low ESG relevance or finance-only context,2026-10-04
SIS,Security and Intelligence Services,"Trade Spotlight: How should you trade Sumitomo Chemical, Prestige Estates, Kalyan Jewellers, Sharda Cropchem, Godfrey Phillips and others on July 21? Indian equity benchmark indices declined for the s",2025-07-20,-2,False,,"support level, trading volume",Low ESG relevance or finance-only context,2026-10-04
SIS,Security and Intelligence Services,"Angel One shares rise even as Q1 profit tumbles 61% on SEBI's F&O crackdown Capital markets player Angel One Ltd shares traded with gains on Thursday, July 17, even after the firm reported a steep fal",2025-07-17,-2,False,environment,"target price, brokerage, q1 results",Low ESG relevance or finance-only context,2026-10-04
SIS,Security and Intelligence Services,"BSE, Angel One, other capital market stocks tumble up to 3% as bears reign over benchmarks Capital market stocks saw a sharp decline on February 24 amid a significant downturn in the stock market. The",2025-02-24,-3,False,,"share price, stock price, nifty",Low ESG relevance or finance-only context,2026-10-04
SIS,Security and Intelligence Services,"One 97 Communications Paytm shares jump 4.13% amid high volume; stock among top midcap gainers Shares of One 97 Communications Paytm gained 4.13% to trade at Rs 1,166.20 in Wednesday's session, driven",2025-08-13,-2,False,,"intraday, nifty",Low ESG relevance or finance-only context,2026-10-04
SIS,Security and Intelligence Services,"Realty shares surge up to 6% on RBI rate cut optimism; Sobha, DLF lead gains Shares of real estate companies surged up to 6 percent on Thursday amid growing expectations of a repo rate cut by the Rese",2025-06-05,-2,False,,"intraday, nifty",Low ESG relevance or finance-only context,2026-10-04
SIS,Security and Intelligence Services,"PB Fintech shares rise 2.07% on Nifty Midcap 150 Shares of PB Fintech gained 2.07% to trade at Rs 1,830.90 in Monday's session. The stock is among the top gainers on Nifty Midcap 150.    On July 09, 2",2025-07-14,-1,False,,nifty,Low ESG relevance or finance-only context,2026-10-04
SIS,Security and Intelligence Services,"RBL Bank shares jump 21% in one month: What's driving the rally? The shares of RBL Bank jumped over 4 percent on July 1, extending gains for the fourth consecutive session. The shares of the lender ha",2025-07-01,-4,False,,"share price, target price, brokerage, nifty",Low ESG relevance or finance-only context,2026-10-04
SIS,Security and Intelligence Services,AMCs likely to see decline in equity AUMs on QoQ basis amid market correction Asset management companies (AMCs) are likely to see a sharp decline in their equity AUMs on a sequential basis for the qua,2025-03-24,-3,False,,"stock price, target price, brokerage",Low ESG relevance or finance-only context,2026-10-04
SIS,Security and Intelligence Services,Angel One shares decline 6% as gross client acquisition falls 42% YoY in June Angel One shares declined more than 7 percent on Friday after the brokerage reported a sharp drop in its gross client acqu,2025-07-04,-3,False,,"brokerage, intraday, nifty",Low ESG relevance or finance-only context,2026-10-04
SIS,Security and Intelligence Services,"Kalyan Jewellers India shares surge 5.49% amid volume surge Shares of Kalyan Jewellers India were up 5.49% at Rs 543.95 in Thursday's session, driven by high trading volume. The stock is showing unusu",2025-08-14,-2,False,,"trading volume, nifty",Low ESG relevance or finance-only context,2026-10-04
SIS,Security and Intelligence Services,RBL Bank shares drop 2% after lender denies report on Dubai-based Emirates NBD Bank eying minority stake The shares of RBL Bank tumbled over 2 percent on July 2 after the lender denied a report claimi,2025-07-02,-3,False,,"share price, target price, brokerage",Low ESG relevance or finance-only context,2026-10-04
SIS,Security and Intelligence Services,"Shanti Gold International shares close with over 15% premium on market debut Mumbai-based gold jewellery maker Shanti Gold International shares attracted good interest on the bourses on August 1, the ",2025-08-01,-1,False,,intraday,Low ESG relevance or finance-only context,2026-10-04
SIS,Security and Intelligence Services,PC Jeweller board approves allotment of 51.7 crore shares  to 14 banks for settling Rs 1510 crore debt PC Jeweller Ltd on Monday said its board has approved allotment of 51.71 crore shares to a consor,2025-03-17,0,False,,,Low ESG relevance or finance-only context,2026-10-04
SIS,Security and Intelligence Services,"KPR Mill share price falls 2.05% in Friday's trading session Shares of KPR Mill declined by 2.05 percent to Rs 995.60 in Friday's trading session. The stock's performance reflects a bearish sentiment,",2025-08-08,-2,False,,"share price, nifty",Low ESG relevance or finance-only context,2026-10-04
SIS,Security and Intelligence Services,"Trade Spotlight: How should you trade Eicher Motors, HDFC Life, Manappuram Finance, UNO Minda, Tube Investments, PB Fintech, and others on August 18? The benchmark indices closed flat with a positive ",2025-08-18,-3,False,sustainable,"resistance, support level, trading volume, nifty",Low ESG relevance or finance-only context,2026-10-04
SIS,Security and Intelligence Services,"PB Fintech shares rise 2.22% in Monday's session Shares of PB Fintech were trading higher at Rs 1,801.60, a rise of 2.22% in Monday's session at 12:56 pm. The stock is currently trading on the NIFTY M",2025-07-21,-1,False,,nifty,Low ESG relevance or finance-only context,2026-10-04
SIS,Security and Intelligence Services,"Godrej Properties shares rise 2.07% on Nifty Midcap 150 Shares of Godrej Properties gained 2.07% to trade at Rs 2,251.90 in Monday's session. The stock is among the top gainers on the Nifty Midcap 150",2025-07-14,-1,False,,nifty,Low ESG relevance or finance-only context,2026-10-04
SIS,Security and Intelligence Services,"Kalyan Jewellers India shares fall 2.01%, among top losers on Nifty Midcap 150 Shares of Kalyan Jewellers India declined by 2.01% to Rs 578.35 in Thursday's session. The stock is among the top losers ",2025-08-07,-1,False,,nifty,Low ESG relevance or finance-only context,2026-10-04
SIS,Security and Intelligence Services,"One 97 Communications Paytm shares rise 2.18% in early trade Shares of One 97 Communications Paytm gained 2.18% to trade at Rs 927.50 in early trade. At 09:30 am, the stock witnessed positive movement",2025-07-10,0,False,,,Low ESG relevance or finance-only context,2026-10-04
SIS,Security and Intelligence Services,"Paytm shares crash 7.51%: One 97 Communications stock among top midcap losers in today's session During today's session, One 97 Communications Paytm experienced a significant downturn, with shares plu",2025-06-12,-1,False,,nifty,Low ESG relevance or finance-only context,2026-10-04
SIS,Security and Intelligence Services,"Trade Spotlight: How should you trade TBO Tek, CreditAccess Grameen, MCX, Maruti Suzuki, Acutaas Chemicals, Max Financial, and others on August 13? The benchmark indices failed to extend the previous ",2025-08-12,-4,False,,"stock price, resistance, support level, nifty",Low ESG relevance or finance-only context,2026-10-04
SIS,Security and Intelligence Services,"Kalyan Jewellers India shares fall 2.85%, among top losers on Nifty Midcap 150 Shares of Kalyan Jewellers India experienced a decline of 2.85% to Rs 505.35 in Tuesday's trading session, with the stock",2025-08-19,-1,False,,nifty,Low ESG relevance or finance-only context,2026-10-04
SIS,Security and Intelligence Services,"Chartist Talks: SBI Sec’s Sudeep Shah bullish on 4 stocks, but signals avoid for telecom stock, sees this bank at overbought zone after 81% rally Sudeep Shah of SBI Securities is bullish on EID Parry ",2025-07-13,-2,False,,"resistance, nifty",Low ESG relevance or finance-only context,2026-10-04
SIS,Security and Intelligence Services,"Godrej Properties experiences 1.72% surge amid high trading volumes In today's trading session, Godrej Properties shares demonstrated a notable increase, rising by 1.72% to reach Rs 2421.00. The surge",2025-06-20,-1,False,inclusion,"trading volume, nifty",Low ESG relevance or finance-only context,2026-10-04
SIS,Security and Intelligence Services,"Citi opens 90-day positive catalyst watch on RBL Bank, sees 19% upside; shares gain International brokerage Citi Research opened a 90-day positive catalyst watch on private lender RBL Bank Ltd, expect",2025-06-30,-2,False,,"target price, brokerage",Low ESG relevance or finance-only context,2026-10-04
SIS,Security and Intelligence Services,"Buy AU Small Finance Bank; target of Rs 725: ICICI Securities ICICI Securities research report on AU Small Finance Bank  AU SFB’s profitability, post merger in Apr’24, was impacted due to elevated cre",2025-02-27,-1,False,,stock price,Low ESG relevance or finance-only context,2026-10-04
SIS,Security and Intelligence Services,Reduce AU Small Finance Bank; target of Rs 600: Emkay Global Financial Emkay Global Financial's research report on AU Small Finance Bank  AU SFB continues to grow its credit portfolio at a healthy pac,2025-04-23,0,False,,,Low ESG relevance or finance-only context,2026-10-04
SIS,Security and Intelligence Services,"Stocks to Watch Today: ASK Automotive, RBL Bank, Godrej Properties, IEX, Uno Minda, Intellect Design in focus on 4 March Let's catch up on the latest news from the stock market. From significant inves",2025-03-04,0,False,,,Low ESG relevance or finance-only context,2026-10-04
SIS,Security and Intelligence Services,Kalyan Jewellers India shares rise 2.18%; among top gainers on Nifty Midcap 150 Kalyan Jewellers India shares gained 2.18% to trade at Rs 606 at 3:07 pm on Wednesday. The stock was among the top gaine,2025-07-23,-1,False,,nifty,Low ESG relevance or finance-only context,2026-10-04
SIS,Security and Intelligence Services,Buy HDFC AMC; target of Rs 4800: Motilal Oswal Motilal Oswal research report on HDFC AMC  HDFC AMC is India's third-largest mutual fund house with QAAUM of INR7.9t. It holds an overall market share of,2025-03-27,0,False,,,Low ESG relevance or finance-only context,2026-10-04
SIS,Security and Intelligence Services,"Godrej Properties Q4 Results: Net profit drops 19% to Rs 382 crore, revenue rises 49% Godrej Properties on May 2 reported a 19 percent year-on-year fall in net profit to Rs 382 crore for the fourth qu",2025-05-02,-1,False,,q4 results,Low ESG relevance or finance-only context,2026-10-04
ZOMATO,Eternal (formerly Zomato),"Jefferies hikes stake in Reliance Industries, Zomato, says Chris Wood in latest Greed & Fear note The latest Greed and Fear note by Chris Wood, Global Head of Equity Strategy at Jefferies, shared deta",2025-03-28,-2,False,,"brokerage, nifty",Low ESG relevance or finance-only context,2026-10-04
ZOMATO,Eternal (formerly Zomato),"Stocks to Watch Today: PNB Housing, JSW Energy, Maruti Suzuki, M&M, Paras Defence, Federal Bank, Eternal, Mobikwik, NMDC, NCC in focus on 2 May Let's catch up on the latest news from the stock market.",2025-05-02,0,False,,,Low ESG relevance or finance-only context,2026-10-04
ZOMATO,Eternal (formerly Zomato),"Sensex slips 700 pts, Nifty below 22,800: Trump's reciprocal tariffs among key factors behind market decline Sensex and Nifty traded lower on Friday, shedding early gains, as concerns over US Presiden",2025-02-14,-3,False,,"resistance, nifty, sensex",Low ESG relevance or finance-only context,2026-10-04
ZOMATO,Eternal (formerly Zomato),"Trade Spotlight: How should you trade Honasa Consumer, Godrej Properties, Elecon Engineering, Eternal, SBI, Adani Total Gas, and others on May 6? The benchmark indices gained some strength after a thr",2025-05-05,-4,False,,"technical chart, resistance, support level, nifty",Low ESG relevance or finance-only context,2026-10-04
ZOMATO,Eternal (formerly Zomato),"Sensex jumps 550 pts from day's low, Nifty above 22,650: Decline in oil prices among key factors behind market rally Sensex and Nifty witnessed an uptrend on Monday morning, following firm trends in A",2025-03-10,-5,False,,"intraday, candlestick, support level, nifty, sensex",Low ESG relevance or finance-only context,2026-10-04
ZOMATO,Eternal (formerly Zomato),Sensex jumps 700 pts from day's low: Key factors behind markets snapping 8-day losing streak today Sensex and Nifty ended their eight-day losing streak on Monday as fag-end buying helped markets recov,2025-02-17,-2,False,sustainability,"intraday, nifty, sensex",Low ESG relevance or finance-only context,2026-10-04
ZOMATO,Eternal (formerly Zomato),"Trade Spotlight: How should you trade Power Grid, Bharat Dynamics, BHEL, GRM Overseas, NTPC, Indus Towers, and others on April 21? The benchmark indices staged a strong performance on April 17, driven",2025-04-20,-3,False,sustainable,"resistance, support level, trading volume, nifty",Low ESG relevance or finance-only context,2026-10-04
ZOMATO,Eternal (formerly Zomato),"Sensex jumps 600 pts, Nifty above 23,300: Positive global cues ahead of US tariffs among key factors behind market rally Benchmark indices Sensex and Nifty surged in early trade on Wednesday, recoveri",2025-04-02,-3,False,,"support level, nifty, sensex",Low ESG relevance or finance-only context,2026-10-04
ZOMATO,Eternal (formerly Zomato),"Tech Mahindra, NTPC, Zomato shares lead over 400-point recovery on Sensex from day's low The Sensex recovered major losses to end flat as markets closed on February 18. The benchmark index recovered  ",2025-02-18,-3,False,,"stock price, trading volume, sensex",Low ESG relevance or finance-only context,2026-10-04
ZOMATO,Eternal (formerly Zomato),"Chartist Talks: Sudeep Shah of SBI Securities believes FIIs cautiously optimistic on market, bets on these 2 picks for next week Data suggests that FIIs are cautiously optimistic on the market, with a",2025-04-19,-1,False,sustainable,"resistance, nifty",Low ESG relevance or finance-only context,2026-10-04
ZOMATO,Eternal (formerly Zomato),"CLSA says Q3 earnings stronger-than-expected, despite consensus doubts The earnings show for the three months ended December 2024 was better than expected, noted Hong Kong-based brokerage CLSA, sharin",2025-02-24,-1,False,labor,"brokerage, nifty",Low ESG relevance or finance-only context,2026-10-04
ZOMATO,Eternal (formerly Zomato),"Eternal, UltraTech Cement, Globe Civil Projects shares rise up to 3% ahead of Q1 results UltraTech Cement shares hit the fresh 52-week high today ahead of the Q1 results announcement. The stock rose 1",2025-07-21,-3,False,,"brokerage, intraday, q1 results",Low ESG relevance or finance-only context,2026-10-04
ZOMATO,Eternal (formerly Zomato),"Trade Spotlight: How should you trade Eternal, Cipla, Shyam Metalics, Torrent Pharma, Hubtown, Vimta Labs and others on July 28? The benchmark indices extended their downward move for the second conse",2025-07-27,-1,False,,resistance,Low ESG relevance or finance-only context,2026-10-04
ZOMATO,Eternal (formerly Zomato),"Trade Spotlight: How should you trade Kotak Mahindra Bank, Bajaj Finance, GMR Airports, Chambal Fertilizers, PNB Housing, and others on April 8? The benchmark indices nosedived sharply and closed with",2025-04-08,-2,False,,"support level, nifty",Low ESG relevance or finance-only context,2026-10-04
ZOMATO,Eternal (formerly Zomato),"Eternal Q1: Blinkit revenue jumps 155% YoY to Rs 2,400 crore as user base, orders surge Blinkit, the quick commerce arm of Eternal (formerly Zomato), posted a 155 percent on-year jump in revenue at Rs",2025-07-21,0,False,,,Low ESG relevance or finance-only context,2026-10-04
ZOMATO,Eternal (formerly Zomato),Swiggy CEO Sriharsha Majety ‘super agile and paranoid’ after Rapido's food delivery foray Ride-hailing service provider Rapido’s planned entry into food delivery has caught the attention of online foo,2025-06-26,0,False,,,Low ESG relevance or finance-only context,2026-10-04
ZOMATO,Eternal (formerly Zomato),"HDB Financial delivers biggest listing gains among over Rs 10,000-crore IPOs post-Covid The 12,500-crore IPO of HDB Financial Services has delivered the biggest returns among all public issues worth o",2025-07-02,0,False,,,Low ESG relevance or finance-only context,2026-10-04
ZOMATO,Eternal (formerly Zomato),"Eternal shares jump 5.5%, extend gains to 9% in two days: Here are the triggers Shares of foodtech and quick commerce company Eternal Ltd, parent of Zomato, rose 5.5% on June 5 amid multiple positive ",2025-06-05,-2,False,,"brokerage, nifty",Low ESG relevance or finance-only context,2026-10-04
ZOMATO,Eternal (formerly Zomato),"Eternal, Swiggy together add over Rs 30,000 crore in market cap this week amid headwinds at Zepto Food and grocery delivery companies Eternal (formerly Zomato) and Swiggy together added a whopping Rs ",2025-06-06,-2,False,,"share price, brokerage",Low ESG relevance or finance-only context,2026-10-04
ZOMATO,Eternal (formerly Zomato),Eternal shares slip on appointment of new CEO for food delivery biz; Morgan Stanley remains 'overweight' Shares of food delivery player and quick commerce major Eternal Ltd slipped after the firm appo,2025-07-07,-1,False,,brokerage,Low ESG relevance or finance-only context,2026-10-04
ZOMATO,Eternal (formerly Zomato),Trump's tariff scare spooks Dalal Street: Three stocks that bled the most on Sensex The selling pressure on Dalal Street - induced by US President Trump's tariff scare - saw a cut of over 500 points o,2025-02-10,-3,False,,"share price, trading volume, sensex",Low ESG relevance or finance-only context,2026-10-04
ZOMATO,Eternal (formerly Zomato),"Rapido sets sight on food deliveries at lower commission, sending shares of Swiggy, Eternal lower Shares of food delivery players Swiggy and Zomato-parent Eternal are sharply lower by 2-1/2 percent ea",2025-06-09,-1,False,labor,"target price, brokerage",Low ESG relevance or finance-only context,2026-10-04
ZOMATO,Eternal (formerly Zomato),"Antfin likely to offload entire stake in Eternal for Rs 5,375 crore via block deal: CNBC-Awaaz Alibaba-backed Antfin Singapore Holding Pte Ltd is likely to sell its entire stake in Eternal Ltd, the pa",2025-08-06,0,False,,,Low ESG relevance or finance-only context,2026-10-04
ZOMATO,Eternal (formerly Zomato),"Stocks to Watch Today: Power Grid, Bharat Electronics, DLF, Rail Vikas Nigam, HFCL, Shyam Metalics, ACME Solar, Borosil, Petronet LNG in focus on 20 May Let's catch up on the latest news from the stoc",2025-05-20,0,False,,,Low ESG relevance or finance-only context,2026-10-04
ZOMATO,Eternal (formerly Zomato),"Swiggy, Info Edge shares rise up to 5% as Zomato parent Eternal jumps 20% in 2 trading sessions: Here's why Shares of Swiggy and Info Edge (India) Ltd rose up to 5 percent in Tuesday’s trade, tracking",2025-07-22,-4,False,,"share price, target price, brokerage, nifty",Low ESG relevance or finance-only context,2026-10-04
ZOMATO,Eternal (formerly Zomato),"Eternal shares see Rs 5,624 crore block deal as Antfin likely exits holding Shares of food delivery major, Eternal Ltd, formerly known as Zomato, slipped over three percent intraday on Thursday, Augus",2025-08-07,-1,False,,intraday,Low ESG relevance or finance-only context,2026-10-04
ZOMATO,Eternal (formerly Zomato),"Sensex plunges over 600 pts, Nifty below 23,400: Trump tariff concerns among key factors weighing on markets Equity benchmark indices extended their losing streak for the fourth consecutive session on",2025-02-10,-4,False,,"resistance, support level, nifty, sensex",Low ESG relevance or finance-only context,2026-10-04
ZOMATO,Eternal (formerly Zomato),"Swiggy, Eternal, other Indian top e-comm stocks outrun Chinese peers on profit hopes India’s top e-commerce stocks have outpaced local indexes and regional peers over the past month, as a rapid reboun",2025-07-03,0,False,sustainable,nifty,Low ESG relevance or finance-only context,2026-10-04
ZOMATO,Eternal (formerly Zomato),"Bulk deals: Alibaba-backed Antfin offloads 1.46% stake worth Rs 4,097 crore in Eternal Alibaba-backed Antfin Singapore Holding Pte has sold 1.46 percent stake in Eternal, the parent firm of Zomato, th",2025-08-07,0,False,,,Low ESG relevance or finance-only context,2026-10-04
ZOMATO,Eternal (formerly Zomato),"Sensex falls 400 pts, Nifty at 23,200: Trump’s reciprocal tariffs among key factors to rattle markets Benchmark indices Sensex and Nifty slipped in early trade on Thursday, tracking weak global cues a",2025-04-03,-3,False,,"candlestick, nifty, sensex",Low ESG relevance or finance-only context,2026-10-04
ZOMATO,Eternal (formerly Zomato),"Q1 impact: Deepinder Goyal's net worth surges by Rs 1,700 crore as Eternal shares rise 20% in two days Eternal, the parent company of Zomato and Blinkit, saw its shares surge nearly 15 percent to hit ",2025-07-22,-1,False,waste,"trading volume, nifty",Low ESG relevance or finance-only context,2026-10-04
ZOMATO,Eternal (formerly Zomato),"Eternal shares hit record high as Blinkit growth outpaces Zomato; should you buy, sell, or hold? Shares of food delivery and quick commerce major Eternal Ltd, formerly known as Zomato, hit a fresh rec",2025-07-22,-2,False,,"target price, brokerage",Low ESG relevance or finance-only context,2026-10-04
ZOMATO,Eternal (formerly Zomato),"Eternal-Zomato Shares Climb 2.10% in Today's Trading During today's trading session, Eternal experienced a price increase of 2.10%, reaching Rs 252.43. This rise positions Eternal among the gainers, r",2025-06-19,0,False,inclusion,nifty,Low ESG relevance or finance-only context,2026-10-04
ZOMATO,Eternal (formerly Zomato),"Eternal shares gain 1%, snap two-day losing streak after 61 lakh shares exchange hands in Rs 156-crore block deal The shares of Zomato-parent Eternal gained over 1 percent on June 11 after a large blo",2025-06-11,0,False,,,Low ESG relevance or finance-only context,2026-10-04
ZOMATO,Eternal (formerly Zomato),"Rapido food delivery foray: New entrants been unsuccessful; expect minimal impact on Zomato, Swiggy duopoly, say analysts Rapido’s entry into food delivery is unlikely to disrupt the Zomato-Swiggy duo",2025-06-11,-1,False,,target price,Low ESG relevance or finance-only context,2026-10-04
ZOMATO,Eternal (formerly Zomato),"Nestle India considering price hikes to counter commodity inflation: MD Suresh Narayanan Nestle India will consider raising prices of its products by a small margin to counter inflation in coffee, coc",2025-02-25,0,False,,,Low ESG relevance or finance-only context,2026-10-04
ZOMATO,Eternal (formerly Zomato),"Stocks to Watch Today: Eternal, Hero MotoCorp, Trent, Bharat Forge, BHEL, Lumax Ind, Fortis Healthcare, Datamatics Global, Bajaj Holdings in focus on 7 August Let's catch up on the latest news from th",2025-08-07,0,False,,,Low ESG relevance or finance-only context,2026-10-04
ZOMATO,Eternal (formerly Zomato),Zomato-parent Eternal's shares rally over 7% despite 90% plunge in Q1 net profit: Here's why Online delivery firm Eternal's shares sharply rallied 7.5 percent to close at Rs 276.50 apiece on NSE. This,2025-07-21,0,False,,,Low ESG relevance or finance-only context,2026-10-04
ZOMATO,Eternal (formerly Zomato),"Jio Financial Services, Zomato close mixed on Nifty 50 debut; Britannia Industries, BPCL stocks jump post exit The latest entrants to the benchmark Nifty 50 index, food delivery major Zomato and non-b",2025-03-28,-1,False,inclusion,"intraday, nifty",Low ESG relevance or finance-only context,2026-10-04
ZOMATO,Eternal (formerly Zomato),"Sensex snaps 2-day winning streak, Nifty holds 22,500 after volatile session amid US tariff concerns; IT, realty drag Sensex ended marginally lower on Friday after a choppy session as concerns over gl",2025-03-07,-4,False,,"intraday, resistance, nifty, sensex",Low ESG relevance or finance-only context,2026-10-04
ZOMATO,Eternal (formerly Zomato),"Trade Spotlight: How should you trade Tech Mahindra, Zomato, Ajanta Pharma, IndiGo, JSW Steel, and others on February 19? The benchmark indices closed the rangebound session with a marginal loss on Fe",2025-02-18,-2,False,,"candlestick, resistance",Low ESG relevance or finance-only context,2026-10-04
ZOMATO,Eternal (formerly Zomato),"Trade Spotlight: How should you trade SRF, Berger Paints, Narayana Hrudayalaya, SBI Card, Bajaj Finance, and others on February 28? The benchmark indices remained consolidative for another session on ",2025-02-28,-3,False,,"resistance, support level, trading volume",Low ESG relevance or finance-only context,2026-10-04
ZOMATO,Eternal (formerly Zomato),"Paytm Q1 results: Firm swings into black, posts net profit of Rs 123 crore, revenue up 28% One 97 Communications Ltd, the parent of Paytm, on July 22 reported consolidated net profit of Rs 123 crore i",2025-07-22,-1,False,,q1 results,Low ESG relevance or finance-only context,2026-10-04
ZOMATO,Eternal (formerly Zomato),Info Edge-backed NoPaperForms hires bankers for Rs 500-crore IPO Info Edge-backed enrolment automation firm NoPaperForms has roped in IIFL Capital and SBI Capital as their investment bankers for its i,2025-03-04,-3,False,,"share price, nifty, sensex",Low ESG relevance or finance-only context,2026-10-04
PAYTM,One 97 Communications,"Trade Spotlight: How should you trade Jindal Stainless, Cummins India, DLF, Trent, Oil India, Paytm and others on May 30? The benchmark indices rebounded after a two-day correction, with the Nifty 50 ",2025-05-29,-2,False,,"resistance, nifty",Low ESG relevance or finance-only context,2026-10-04
PAYTM,One 97 Communications,"Stocks to Watch Today: Titan, Bajaj Finance, PNB Housing, Oberoi Realty, Havells, 360 One WAM, Arisinfra, BL Kashyap, Afcons Infra in focus on 22 July Let's catch up on the latest news from the stock ",2025-07-22,0,False,,,Low ESG relevance or finance-only context,2026-10-04
PAYTM,One 97 Communications,Broader markets outperform in a day of rebound to end nearly a percent off lows The broader market indices ended the session sharply higher - compared to a muted close for main benchmarks - supported ,2025-06-02,-2,False,sustainable,"brokerage, trading volume, nifty",Low ESG relevance or finance-only context,2026-10-04
PAYTM,One 97 Communications,"Trade Spotlight: How should you trade TCS, Cipla, Torrent Pharma, NCC, Paytm, SBI Life Insurance, UPL, Syrma SGS Technology and others on July 29? Equity benchmarks started off the monthly F&amp;amp;O",2025-07-29,-3,False,,"candlestick, support level, nifty",Low ESG relevance or finance-only context,2026-10-04
PAYTM,One 97 Communications,"Trade Spotlight: How should you trade Mazagon Dock, United Spirits, Adani Energy Solutions, Paytm, Glenmark Pharma, and others on March 28? The benchmark indices bounced back on March 27, with the Nif",2025-03-27,-2,False,green energy,"resistance, trading volume, nifty",Low ESG relevance or finance-only context,2026-10-04
PAYTM,One 97 Communications,"Sensex settles 500 pts higher, Nifty above 25,200: US-Japan trade deal among key factors behind market rise The equity benchmark indices rallied on Wednesday, tracking positive global cues after the U",2025-07-23,-3,False,,"q1 results, nifty, sensex",Low ESG relevance or finance-only context,2026-10-04
PAYTM,One 97 Communications,"Smallcap, midcap stocks tumble up to 7%, broader market indices down 2%: Here are the top losers The shares of smallcap and midcap companies tumbled in trade on July 25, pushing the broader market ind",2025-07-25,-3,False,,"target price, brokerage, nifty",Low ESG relevance or finance-only context,2026-10-04
PAYTM,One 97 Communications,"Midcap, smallcap indices rise over 1% from day's low despite weakness in benchmarks: Zen Tech, Polycab among top gainers The shares of smallcap and midcap companies recovered sharply on June 23, pushi",2025-06-23,-2,False,safety,"stock price, intraday, nifty",Low ESG relevance or finance-only context,2026-10-04
PAYTM,One 97 Communications,"Stocks to Watch Today: HUL, Coal India, Gandhar Oil Refinery, Nureca, Paytm, HG Infra, Tata Power, Anant Raj in focus on 22 April Let's catch up on the latest news from the stock market. From signific",2025-04-22,0,False,renewable,brokerage,Low ESG relevance or finance-only context,2026-10-04
PAYTM,One 97 Communications,"Trade Spotlight: How should you trade NTPC, Hindalco, Camlin Fine Sciences, NMDC, Shriram Finance, Tata Steel, and others on February 24? The benchmark indices extended their southward journey for the",2025-02-24,-2,False,,"resistance, support level",Low ESG relevance or finance-only context,2026-10-04
PAYTM,One 97 Communications,"HDB Financial delivers biggest listing gains among over Rs 10,000-crore IPOs post-Covid The 12,500-crore IPO of HDB Financial Services has delivered the biggest returns among all public issues worth o",2025-07-02,0,False,,,Low ESG relevance or finance-only context,2026-10-04
PAYTM,One 97 Communications,"Antfin likely to offload entire stake in Eternal for Rs 5,375 crore via block deal: CNBC-Awaaz Alibaba-backed Antfin Singapore Holding Pte Ltd is likely to sell its entire stake in Eternal Ltd, the pa",2025-08-06,0,False,,,Low ESG relevance or finance-only context,2026-10-04
PAYTM,One 97 Communications,"Eternal shares see Rs 5,624 crore block deal as Antfin likely exits holding Shares of food delivery major, Eternal Ltd, formerly known as Zomato, slipped over three percent intraday on Thursday, Augus",2025-08-07,-1,False,,intraday,Low ESG relevance or finance-only context,2026-10-04
PAYTM,One 97 Communications,"Broader markets outperform benchmarks: Here are the top small and midcap gainers Small and midcap indices clocked strong gains on May 5, outperforming benchmark indices Sensex and Nifty, supported by ",2025-05-05,-2,False,,"nifty, sensex",Low ESG relevance or finance-only context,2026-10-04
PAYTM,One 97 Communications,"Q1 impact: Deepinder Goyal's net worth surges by Rs 1,700 crore as Eternal shares rise 20% in two days Eternal, the parent company of Zomato and Blinkit, saw its shares surge nearly 15 percent to hit ",2025-07-22,-1,False,waste,"trading volume, nifty",Low ESG relevance or finance-only context,2026-10-04
PAYTM,One 97 Communications,"Mid, smallcap indices surge over 4% on India-Pak ceasefire, Sino-US deal on trade The shares of midcap and smallcap companies strongly surged on May 12, pushing the Nifty Midcap and Nifty Smallcap ind",2025-05-12,-1,False,renewable,"nifty, sensex",Low ESG relevance or finance-only context,2026-10-04
PAYTM,One 97 Communications,"Smallcap, midcap stocks hit brakes after record rally; broader market indices snap 6-day gaining streak Broader market indices tumbled into the red, snapping a record rally which extended for six cons",2025-05-20,-2,False,,"nifty, sensex",Low ESG relevance or finance-only context,2026-10-04
PAYTM,One 97 Communications,"Smallcap, midcap stocks rise up to 15%, broader market indices extend gains for second day; check top gainers The shares of several smallcap and midcap companies strongly surged on May 26, pushing the",2025-05-26,-3,False,,"share price, nifty, sensex",Low ESG relevance or finance-only context,2026-10-04
PAYTM,One 97 Communications,"Midcap, smallcap indices drop up to 3% on broad-based selling: Here are the top losers The shares of midcap and smallcap companies strongly tumbled on May 6, pushing the broader market indices sharply",2025-05-06,-2,False,,"nifty, sensex",Low ESG relevance or finance-only context,2026-10-04
PAYTM,One 97 Communications,"Midcap, smallcap stocks tumble up to 6%: BSE, Angel One, Lupin among top losers Broader markets recorded a notable decline on July 8, underperforming benchmark indices. The midcap and smallcap indices",2025-07-08,-4,False,,"target price, brokerage, nifty, sensex",Low ESG relevance or finance-only context,2026-10-04
PAYTM,One 97 Communications,"Small, midcap indices jump up to 3% on US tariff reprieve: Here are the top gainers The shares of smallcap and midcap companies recorded strong gains on April 11 as markets found some relief after US ",2025-04-11,-2,False,,"nifty, sensex",Low ESG relevance or finance-only context,2026-10-04
PAYTM,One 97 Communications,"Chartist Talks: Nifty may hold 21,900-22,000; bullish on Prestige Estates and Paytm, says Gemstone's Milan Vaishnav Milan Vaishnav, Founder of Gemstone Equity Research &amp;amp; Advisory Services, exp",2025-03-20,-2,False,,"resistance, nifty",Low ESG relevance or finance-only context,2026-10-04
PAYTM,One 97 Communications,"Small, midcap indices fall for second day as profit booking continues: What lies ahead? The shares of smallcap and midcap companies strongly tumbled, pushing the broader market indices into the red fo",2025-06-12,-2,False,sustainable,"stock price, nifty, sensex",Low ESG relevance or finance-only context,2026-10-04
PAYTM,One 97 Communications,"Small and midcap shares extend rally as bulls scout for value in broader market Several small and midcap shares surged on a day of an across-the-board rally, sending Nifty Smallcap 100 up nearly 2 per",2025-03-18,-1,False,renewable,"trading volume, nifty",Low ESG relevance or finance-only context,2026-10-04
PAYTM,One 97 Communications,"Nifty Midcap extends rally for a fifth session to gain 8% this week, strength likely to continue Shares of midcap companies extended their rally on March 21 to push the Nifty Midcap index up by over a",2025-03-21,-3,False,,"stock price, trading volume, nifty",Low ESG relevance or finance-only context,2026-10-04
PAYTM,One 97 Communications,"Nifty Midcap index soars 2.6% on bargain buying to post biggest intraday rise since June 2024 The shares of midcap companies surged significantly on March 19, pushing the Nifty Midcap index up over 2.",2025-03-19,-3,False,,"share price, intraday, nifty",Low ESG relevance or finance-only context,2026-10-04
PAYTM,One 97 Communications,"Paytm shares surge 8% after solid Q4 results: Should you buy, sell or hold? Paytm shares surged over 8 percent on May 7 after the fintech company reported that its net loss has narrowed to Rs 540 cror",2025-05-07,-4,False,,"share price, target price, brokerage, q4 results",Low ESG relevance or finance-only context,2026-10-04
PAYTM,One 97 Communications,"MSCI Rejig: Coromandel, Nykaa join Global Standard index following May rebalancing Fertiliser company Coromandel International Ltd., and FSN E-commerce Ventures Ltd., parent of of beauty retailer Nyka",2025-05-14,0,False,inclusion,brokerage,Low ESG relevance or finance-only context,2026-10-04
PAYTM,One 97 Communications,"One 97 Communications Paytm shares rise 2.09%; stock among top gainers on Nifty Midcap 150 Shares of One 97 Communications Paytm gained 2.09% to trade at Rs 1,175.40 in Monday's session, emerging as o",2025-08-18,-1,False,,nifty,Low ESG relevance or finance-only context,2026-10-04
PAYTM,One 97 Communications,"Alibaba entity launches block deal to sell 5.84% stake in Paytm for Rs 3,800 crore; marking full exit for Chinese investor Antfin (Netherlands) Holding B.V., one of the largest shareholders in One 97 ",2025-08-04,0,False,,,Low ESG relevance or finance-only context,2026-10-04
PAYTM,One 97 Communications,"One 97 Communications Paytm shares hit 52-week high; stock gains 0.47% Shares of One 97 Communications Paytm hit a 52-week high of Rs 1,232.95 on the BSE in Wednesday's session. At 9:16 am, the stock ",2025-08-20,-1,False,,nifty,Low ESG relevance or finance-only context,2026-10-04
PAYTM,One 97 Communications,"One 97 Paytm Consolidated June 2025 Net Sales at Rs 1,917.50 crore, up 27.7% Y-o-Y Reported Consolidated quarterly numbers for One 97 Communications Paytm are:    Net Sales at Rs 1,917.50 crore in Jun",2025-07-23,0,False,,,Low ESG relevance or finance-only context,2026-10-04
PAYTM,One 97 Communications,Neutral One 97 Communications; target of Rs 870: Motilal Oswal Motilal Oswal's research report on One 97 Communications  One 97 Communications (PAYTM) reported a net loss of INR5.45b (vs our estimated,2025-05-07,0,False,,,Low ESG relevance or finance-only context,2026-10-04
PAYTM,One 97 Communications,"Antfin likely to sell 4% stake in Paytm for Rs 2,200 crore via block deals Chinese e-commerce major Alibaba group firm Antfin is likely to sell Patym shares worth Rs 2,200 crore through block deals, a",2025-05-12,0,False,,,Low ESG relevance or finance-only context,2026-10-04
PAYTM,One 97 Communications,"One 97 Communications shares hit 52-week high Shares of One 97 Communications Paytm hit a 52-week high of Rs 1,089.95 on the NSE in Thursday's session. The stock's performance places it among the gain",2025-07-24,-1,False,,nifty,Low ESG relevance or finance-only context,2026-10-04
PAYTM,One 97 Communications,"One 97 Paytm Standalone June 2025 Net Sales at Rs 1,586.20 crore, up 38.07% Y-o-Y Reported Standalone quarterly numbers for One 97 Communications Paytm are:    Net Sales at Rs 1,586.20 crore in June 2",2025-07-23,0,False,,,Low ESG relevance or finance-only context,2026-10-04
PAYTM,One 97 Communications,"Trade Spotlight: How should you trade Paytm, Indian Bank, InterGlobe Aviation, Larsen & Toubro, Transrail Lighting, Fortis Healthcare, and others on August 12? Equity benchmark indices bounced back wi",2025-08-12,-1,False,,resistance,Low ESG relevance or finance-only context,2026-10-04
PAYTM,One 97 Communications,"Paytm shares rise 2% after Supreme Court stays Rs 5,700 crore GST notice against subsidiary First Games Shares of digital platform Paytm gained nearly 2 percent in the early trade on May 26 after a co",2025-05-26,0,False,,,Low ESG relevance or finance-only context,2026-10-04
PAYTM,One 97 Communications,"Paytm Q1 results: Firm swings into black, posts net profit of Rs 123 crore, revenue up 28% One 97 Communications Ltd, the parent of Paytm, on July 22 reported consolidated net profit of Rs 123 crore i",2025-07-22,-1,False,,q1 results,Low ESG relevance or finance-only context,2026-10-04
PAYTM,One 97 Communications,"One 97 Communications Paytm shares rise 2.98%, among top gainers on Nifty Midcap 150 Shares of One 97 Communications Paytm were up 2.98% to Rs 1,208.80 in morning trade. The stock gained following pos",2025-08-19,-1,False,,nifty,Low ESG relevance or finance-only context,2026-10-04
PAYTM,One 97 Communications,"One 97 Communications Paytm shares rise 2.04% in morning trade today Shares of One 97 Communications Paytm were trading higher at Rs 1,089.50, up by 2.04% in Monday's session. The stock is experiencin",2025-07-28,-1,False,,nifty,Low ESG relevance or finance-only context,2026-10-04
PAYTM,One 97 Communications,"One 97 Communications-Paytm shares rise 2.15% in midday trade One 97 Communications-Paytm shares demonstrated positive movement in Monday's session, trading at Rs 971.60, a gain of 2.15% as of 12:20 p",2025-07-14,-1,False,,nifty,Low ESG relevance or finance-only context,2026-10-04
PAYTM,One 97 Communications,"One 97 Communications Paytm Shares Rise by Over 2% in Today's Session In today's trading session, One 97 Communications Paytm shares experienced a positive trend, climbing by 2.12% to reach Rs 883.50.",2025-06-18,-1,False,,nifty,Low ESG relevance or finance-only context,2026-10-04
PAYTM,One 97 Communications,"Neutral One 97 Communications; target of Rs 1000: Motilal Oswal Motilal Oswal's research report on One 97 Communications  Paytm’s business metrics continue to see a gradual recovery, led by healthy mo",2025-07-01,0,False,,,Low ESG relevance or finance-only context,2026-10-04
PAYTM,One 97 Communications,"Paytm shares flat as 2.9% equity changes hands via block deal, Antfin likely seller Shares of Paytm parent One97 Communications were flat as the firm saw a block deal of 1.86 crore shares, involving 2",2025-08-05,0,False,,,Low ESG relevance or finance-only context,2026-10-04
PAYTM,One 97 Communications,"Smallcap, midcap stocks rally up to 9% amid broader optimism over GST reforms, S&P upgrade; check top gainers The shares of smallcap and midcap stocks recorded strong gains on August 18, tracking the ",2025-08-18,-3,False,,"share price, nifty, sensex",Low ESG relevance or finance-only context,2026-10-04
PAYTM,One 97 Communications,"Chartist Talk: Apollo Hospitals still a strong pick, Paytm showing signs of fatigue, says JM Financial's Rahul Sharma After a stellar run this financial year, outpacing many of its peers, One 97 Commu",2025-08-15,-4,False,inclusion,"intraday, technical chart, resistance, trading volume, nifty",Low ESG relevance or finance-only context,2026-10-04
PAYTM,One 97 Communications,"Paytm shares surge 7% from day's low as firm swings into black in Q1; should you buy, sell or hold? The shares of One 97 Communications, the parent company of Paytm, sharply rebounded from its day's l",2025-07-23,-4,False,,"target price, brokerage, intraday, q1 results",Low ESG relevance or finance-only context,2026-10-04
PAYTM,One 97 Communications,"One 97 Communications Paytm shares rise 2.03%, among top gainers on Nifty Midcap 150 in today's trading session Shares of One 97 Communications Paytm gained 2.03% to trade at Rs 1,008.55 in Wednesday'",2025-07-16,-1,False,,nifty,Low ESG relevance or finance-only context,2026-10-04
PAYTM,One 97 Communications,Buy One 97 Communications; target of Rs 1350: Emkay Global Financial Emkay Global Financial' research report on One 97 Communications  One97 Communication (Paytm)’s Q1FY26 revenue was in line with Str,2025-07-23,0,False,,,Low ESG relevance or finance-only context,2026-10-04
PAYTM,One 97 Communications,"Madhur Deora to step down from Paytm board, to continue as President & Group CFO One 97 Communications, the parent company of Paytm, on July 22 said Madhur Deora will cease to be a director on the boa",2025-07-22,0,False,,,Low ESG relevance or finance-only context,2026-10-04
PAYTM,One 97 Communications,"One 97 Communications Paytm shares jump 4.13% amid high volume; stock among top midcap gainers Shares of One 97 Communications Paytm gained 4.13% to trade at Rs 1,166.20 in Wednesday's session, driven",2025-08-13,-2,False,,"intraday, nifty",Low ESG relevance or finance-only context,2026-10-04
PAYTM,One 97 Communications,"Bulk deals: Antfin exits Paytm, Invesco MF buys Rs 101 crore worth shares in Aditya Infotech Alibaba Group-backed Antfin (Netherlands) Holding BV has exited One 97 Communications, the operator of digi",2025-08-05,0,False,,,Low ESG relevance or finance-only context,2026-10-04
PAYTM,One 97 Communications,"Small, midcap stocks rally up to 9%, broader markets extend gains for 2nd day; check top gainers The shares of smallcap and midcap stocks recorded strong gains on August 19, pushing the broader market",2025-08-19,-2,False,,"nifty, sensex",Low ESG relevance or finance-only context,2026-10-04
PAYTM,One 97 Communications,"One 97 Communications Paytm shares rise 2.18% in early trade Shares of One 97 Communications Paytm gained 2.18% to trade at Rs 927.50 in early trade. At 09:30 am, the stock witnessed positive movement",2025-07-10,0,False,,,Low ESG relevance or finance-only context,2026-10-04
PAYTM,One 97 Communications,"Paytm shares crash 7.51%: One 97 Communications stock among top midcap losers in today's session During today's session, One 97 Communications Paytm experienced a significant downturn, with shares plu",2025-06-12,-1,False,,nifty,Low ESG relevance or finance-only context,2026-10-04
PAYTM,One 97 Communications,"Paytm shares tumble after 4% stake changes hands, Alibaba arm Antfin likely seller Shares of mobile services and digital payment platform Paytm tumbled nearly 3 percent on May 13 after a large block o",2025-05-13,-1,False,,intraday,Low ESG relevance or finance-only context,2026-10-04
POLICYBZR,PB Fintech,"Stocks to Watch Today: Hitachi Energy, Lemon Tree Hotels, Embassy Developments, Western Carriers, Power Mech, Premier Energies in focus on 27 June Let's catch up on the latest news from the stock mark",2025-06-27,0,False,,,Low ESG relevance or finance-only context,2026-10-04
POLICYBZR,PB Fintech,"Experts pitch 14 rate-sensitive stocks after RBI surprises with larger repo cut, CRR action The RBI’s Monetary Policy Committee (MPC) surprised the street with a front-loaded 50 basis points repo rate",2025-06-06,-4,False,,"stock price, resistance, support level, nifty",Low ESG relevance or finance-only context,2026-10-04
POLICYBZR,PB Fintech,"Trade Spotlight: How should you trade TVS Motor, CDSL, Angel One, Tech Mahindra, Container Corporation, Adani Green Energy and others on May 19? The benchmark indices took a breather after a 1.6 perce",2025-05-18,-3,False,green energy,"resistance, support level, trading volume, nifty",Low ESG relevance or finance-only context,2026-10-04
POLICYBZR,PB Fintech,"Trade Spotlight: How should you trade Emami, Sarda Energy, SRF, Nestle India, InterGlobe Aviation, JSW Steel, and others on March 11? The market failed to sustain its morning rally and finished lower ",2025-03-11,-2,False,,"resistance, support level",Low ESG relevance or finance-only context,2026-10-04
POLICYBZR,PB Fintech,"Trade Spotlight: How should you trade PB Fintech, Persistent Systems, Zensar Technologies, SBI Life Insurance, Supreme Industries, and others on June 18? The benchmark indices closed lower after a day",2025-06-18,-2,False,sustainable,"candlestick, support level, nifty",Low ESG relevance or finance-only context,2026-10-04
POLICYBZR,PB Fintech,Kotak Mahindra Bank shares drop up to 2% on Macquarie downgrade Shares of Kotak Mahindra Bank fell over 2 percent in Thursday’s trade after global brokerage Macquarie downgraded the stock to ‘neutral’,2025-07-03,-4,False,,"target price, brokerage, nifty, sensex",Low ESG relevance or finance-only context,2026-10-04
POLICYBZR,PB Fintech,"Trade Spotlight: How should you trade Tata Communications, Prestige Estates, BHEL, Nykaa, HDFC Life, Paradeep Phosphates, and others on April 16? The market extended its robust run for another session",2025-04-16,-3,False,,"resistance, support level, nifty",Low ESG relevance or finance-only context,2026-10-04
POLICYBZR,PB Fintech,"Mid, smallcap indices gain up to 2% in early trading on tariff talk hopes The Nifty Midcap and Smallcap indices opened trading session on a positive note with about 1-2% gain as of 9:45 am on April 8.",2025-04-08,-3,False,,"intraday, nifty, sensex",Low ESG relevance or finance-only context,2026-10-04
POLICYBZR,PB Fintech,"Small, midcap indices tumble in a broad-based downturn: Key stocks under selling pressure Shares of small and midcap companies are under selling pressure on February 17, with the select broader market",2025-02-17,-2,False,,"share price, nifty",Low ESG relevance or finance-only context,2026-10-04
POLICYBZR,PB Fintech,"Small, midcap indices extend gains for a sixth session on continued buying The shares of small and midcap companies saw continued buying on March 24, pushing broader market indices higher for a sixth ",2025-03-24,-3,False,,"share price, nifty, sensex",Low ESG relevance or finance-only context,2026-10-04
POLICYBZR,PB Fintech,"Smallcap index falls nearly 2%, snaps 4-day gaining streak; midcap index declines 2% from day's high The shares of small-cap companies recorded strong losses on March 10, pushing the Nifty Smallcap in",2025-03-10,-1,False,renewable,"stock price, nifty",Low ESG relevance or finance-only context,2026-10-04
POLICYBZR,PB Fintech,"Trade Spotlight: How should you trade Phoenix Mills, Jubilant Foodworks, Oberoi Realty, Chennai Petroleum Corporation, NCC, and others on March 12? The market showed a significant recovery from the da",2025-03-12,-4,False,,"stock price, candlestick, resistance, nifty",Low ESG relevance or finance-only context,2026-10-04
POLICYBZR,PB Fintech,"Small and midcap shares extend rally as bulls scout for value in broader market Several small and midcap shares surged on a day of an across-the-board rally, sending Nifty Smallcap 100 up nearly 2 per",2025-03-18,-1,False,renewable,"trading volume, nifty",Low ESG relevance or finance-only context,2026-10-04
POLICYBZR,PB Fintech,"Cochin Shipyard shares rise 5%; ITC Hotels, PB Fintech drop up to 1.3% ahead of Q4 results today Cochin Shipyard shares rose nearly 7 percent intraday on Thursday ahead of the March quarter results of",2025-05-15,-2,False,,"intraday, q4 results",Low ESG relevance or finance-only context,2026-10-04
POLICYBZR,PB Fintech,"Nifty Midcap index soars 2.6% on bargain buying to post biggest intraday rise since June 2024 The shares of midcap companies surged significantly on March 19, pushing the Nifty Midcap index up over 2.",2025-03-19,-3,False,,"share price, intraday, nifty",Low ESG relevance or finance-only context,2026-10-04
POLICYBZR,PB Fintech,PB Fintech shares extend losses to nearly 10% in 2 days as Rs 696 crore healthcare investment fails to cheer investors PB Fintech shares extended losses to nearly 10 percent in the last two trading se,2025-03-13,-1,False,,intraday,Low ESG relevance or finance-only context,2026-10-04
POLICYBZR,PB Fintech,"PB Fintech-Policybazaar Shares Decline 2.16% in Today's Trading Session Shares of PB Fintech (Policybazaar) experienced a decline in today's trading session. On Monday, 16 Jun 2025, at 10:25 am, the s",2025-06-16,-1,False,,nifty,Low ESG relevance or finance-only context,2026-10-04
POLICYBZR,PB Fintech,"PB Health bags investment for hospital chain, gets $218 million funding led by General Catalyst PB Fintech, the parent entity of Policybazaar said on May 8 its healthcare venture has raised $218 milli",2025-05-08,0,False,,,Low ESG relevance or finance-only context,2026-10-04
POLICYBZR,PB Fintech,"Chartist Talk: Nifty needs to break above 24,640 to trap late short sellers for short covering rally to 24,800; buy these 2 stocks, says Ashish Kyal Ashish Kyal, CMT, Founder and CEO of Waves Strategy",2025-08-12,-1,False,environment,"support level, nifty",Low ESG relevance or finance-only context,2026-10-04
POLICYBZR,PB Fintech,"Block deal mania on Dalal Street, shares worth Rs 1,700 crore exchange hands in trade Promoters and early investors took to Dalal Street in a big way on Thursday, June 26, looking to offload holdings ",2025-06-26,-1,False,,brokerage,Low ESG relevance or finance-only context,2026-10-04
POLICYBZR,PB Fintech,"PB Fintech Standalone June 2025 Net Sales at Rs 40.19 crore, up 33.65% Y-o-Y Reported Standalone quarterly numbers for PB Fintech are:    Net Sales at Rs 40.19 crore in June 2025 up 33.65% from Rs. 30",2025-08-01,0,False,,,Low ESG relevance or finance-only context,2026-10-04
POLICYBZR,PB Fintech,"PB Fintech Consolidated June 2025 Net Sales at Rs 1,347.99 crore, up 33.4% Y-o-Y Reported Consolidated quarterly numbers for PB Fintech are:    Net Sales at Rs 1,347.99 crore in June 2025 up 33.4% fro",2025-08-01,0,False,,,Low ESG relevance or finance-only context,2026-10-04
POLICYBZR,PB Fintech,"PB Fintech shares rise 2.08% on Nifty Midcap 150 Shares of PB Fintech gained 2.08% to trade at Rs 1,771.60 in Thursday's session. The stock is among the gainers on the Nifty Midcap 150 index.    On Au",2025-08-07,-1,False,,nifty,Low ESG relevance or finance-only context,2026-10-04
POLICYBZR,PB Fintech,"PB Fintech-Policybazaar shares fall 2.01%; among top losers on Nifty Midcap 150 Shares of PB Fintech declined by 2.01% to Rs 1,754.50 in Friday's trading session. The stock is among the top losers on ",2025-07-18,-1,False,,nifty,Low ESG relevance or finance-only context,2026-10-04
POLICYBZR,PB Fintech,"PB Fintech Consolidated March 2025 Net Sales at Rs 1,507.87 crore, up 38.39% Y-o-Y Reported Consolidated quarterly numbers for PB Fintech are:    Net Sales at Rs 1,507.87 crore in March 2025 up 38.39%",2025-05-16,0,False,,,Low ESG relevance or finance-only context,2026-10-04
POLICYBZR,PB Fintech,"PB Fintech shares rise 2.13% in today's trade     Shares of PB Fintech experienced a rise of 2.13% during today's trading session, with the price reaching Rs 1776.90. This movement reflects a notable ",2025-06-04,-2,False,,"stock price, nifty",Low ESG relevance or finance-only context,2026-10-04
POLICYBZR,PB Fintech,"PB Fintech Q4 profit jumps 184% to Rs 171 crore; FY25 net soars to Rs 353 crore PB Fintech, the parent company of Policybazaar and Paisabazaar, posted a consolidated net profit of Rs 171 crore for the",2025-05-15,0,False,,,Low ESG relevance or finance-only context,2026-10-04
POLICYBZR,PB Fintech,"PB Fintech Standalone March 2025 Net Sales at Rs 46.85 crore, up 36.55% Y-o-Y Reported Standalone quarterly numbers for PB Fintech are:    Net Sales at Rs 46.85 crore in March 2025 up 36.55% from Rs. ",2025-05-16,0,False,,,Low ESG relevance or finance-only context,2026-10-04
POLICYBZR,PB Fintech,"Hold PB Fintech: target of Rs 1840: ICICI Securities ICICI Securities's research report on PB Fintech  PB Fintech’s (PBF) Q1FY26 tick marked all important growth parameters (65% in new health, 42% in ",2025-08-05,0,False,,,Low ESG relevance or finance-only context,2026-10-04
POLICYBZR,PB Fintech,"PB Fintech shares rise 3% on a near three-fold rise in net profit: Should you buy, sell or hold? The shares of Policybazaar-parent PB Fintech were higher by over 3 percent in early trade on May 16 aft",2025-05-16,-2,False,,"target price, brokerage",Low ESG relevance or finance-only context,2026-10-04
POLICYBZR,PB Fintech,"PB Fintech-Policybazaar shares fall 2%, among top midcap losers in morning trading session Shares of PB Fintech declined by 2% to trade at Rs 1,795.40 in Friday's trading session. This movement places",2025-07-11,-1,False,,nifty,Low ESG relevance or finance-only context,2026-10-04
POLICYBZR,PB Fintech,PB Fintech shares drop over 5% as Rs 696 crore investment plan in PB Healthcare Services fails to excite investors PB Fintech share price dropped over 5 percent in March 12 trade as the company's Rs 6,2025-03-12,-3,False,,"share price, brokerage, intraday",Low ESG relevance or finance-only context,2026-10-04
POLICYBZR,PB Fintech,"Trade Spotlight: How should you trade JSW Infrastructure, Dabur, RITES, APL Apollo Tubes, Container Corporation, PB Fintech and others on June 5? Equity benchmarks bounced back by a third of a percent",2025-06-04,0,False,,,Low ESG relevance or finance-only context,2026-10-04
POLICYBZR,PB Fintech,"Smallcap, midcap stocks rally up to 9% amid broader optimism over GST reforms, S&P upgrade; check top gainers The shares of smallcap and midcap stocks recorded strong gains on August 18, tracking the ",2025-08-18,-3,False,,"share price, nifty, sensex",Low ESG relevance or finance-only context,2026-10-04
POLICYBZR,PB Fintech,"Paytm shares surge 7% from day's low as firm swings into black in Q1; should you buy, sell or hold? The shares of One 97 Communications, the parent company of Paytm, sharply rebounded from its day's l",2025-07-23,-4,False,,"target price, brokerage, intraday, q1 results",Low ESG relevance or finance-only context,2026-10-04
POLICYBZR,PB Fintech,"PB Fintech-Policybazaar shares rise 2.01% in Wednesday's trading session Shares of PB Fintech were trading higher at Rs 1,864.40, a 2.01% increase from the previous close, at 10:22 am on Wednesday. Th",2025-08-13,-1,False,,nifty,Low ESG relevance or finance-only context,2026-10-04
POLICYBZR,PB Fintech,"PB Fintech shares rise 2.07% on Nifty Midcap 150 Shares of PB Fintech gained 2.07% to trade at Rs 1,830.90 in Monday's session. The stock is among the top gainers on Nifty Midcap 150.    On July 09, 2",2025-07-14,-1,False,,nifty,Low ESG relevance or finance-only context,2026-10-04
POLICYBZR,PB Fintech,"PB Fintech-Policybazaar shares rise 2.11% in morning trade Shares of PB Fintech (Policybazaar) gained 2.11% to trade at Rs 1,806.70 in Monday's session. The stock is currently trading among the top ga",2025-08-11,-1,False,,nifty,Low ESG relevance or finance-only context,2026-10-04
POLICYBZR,PB Fintech,"PB Fintech shares soar 7% after Kotak's ratings upgrade, upbeat growth outlook Shares of Policybazaar parent PB Fintech closed 7 percent higher on March 18 after brokerage firm Kotak Institutional Equ",2025-03-18,-1,False,,brokerage,Low ESG relevance or finance-only context,2026-10-04
POLICYBZR,PB Fintech,"Small, midcap stocks rally up to 9%, broader markets extend gains for 2nd day; check top gainers The shares of smallcap and midcap stocks recorded strong gains on August 19, pushing the broader market",2025-08-19,-2,False,,"nifty, sensex",Low ESG relevance or finance-only context,2026-10-04
POLICYBZR,PB Fintech,"Trade Spotlight: How should you trade Eicher Motors, HDFC Life, Manappuram Finance, UNO Minda, Tube Investments, PB Fintech, and others on August 18? The benchmark indices closed flat with a positive ",2025-08-18,-3,False,sustainable,"resistance, support level, trading volume, nifty",Low ESG relevance or finance-only context,2026-10-04
POLICYBZR,PB Fintech,"PB Fintech shares rise 2.22% in Monday's session Shares of PB Fintech were trading higher at Rs 1,801.60, a rise of 2.22% in Monday's session at 12:56 pm. The stock is currently trading on the NIFTY M",2025-07-21,-1,False,,nifty,Low ESG relevance or finance-only context,2026-10-04
POLICYBZR,PB Fintech,"PB Fintech block deal: Stake worth Rs 920 crore sold, co-founder likely sellers PolicyBazaar parent PB Fintech shares slipped on Thursday, June 26, as the firm saw see a large stake sold, likely by co",2025-06-26,0,False,,,Low ESG relevance or finance-only context,2026-10-04
POLICYBZR,PB Fintech,"IPO-bound insurtech firm Turtlemint converts to public company ahead of filing draft documents Insurtech platform Turtlemint recently converted into a public limited company, a key step towards launch",2025-08-11,0,False,,,Low ESG relevance or finance-only context,2026-10-04
POLICYBZR,PB Fintech,"PB Fintech-Policybazaar to Hold Earnings Call on August 1, 2025, for Q1 FY26 Results   PB Fintech (Policybazaar) will hold an earnings conference call on August 1, 2025, at 08:00 A.M. (IST) to discuss",2025-07-14,0,False,,,Low ESG relevance or finance-only context,2026-10-04
POLICYBZR,PB Fintech,"Small, midcap indices down up to 2%, snap six day-rally as gains fizzles amid tariff overhang Shares of small and midcap companies were sharply lower on March 25, pushing the broader market indices in",2025-03-25,-1,False,sustainability,"nifty, sensex",Low ESG relevance or finance-only context,2026-10-04
POLICYBZR,PB Fintech,Info Edge-backed NoPaperForms hires bankers for Rs 500-crore IPO Info Edge-backed enrolment automation firm NoPaperForms has roped in IIFL Capital and SBI Capital as their investment bankers for its i,2025-03-04,-3,False,,"share price, nifty, sensex",Low ESG relevance or finance-only context,2026-10-04
DELHIVERY,Delhivery,"Stocks to Watch Today: Hitachi Energy, Lemon Tree Hotels, Embassy Developments, Western Carriers, Power Mech, Premier Energies in focus on 27 June Let's catch up on the latest news from the stock mark",2025-06-27,0,False,,,Low ESG relevance or finance-only context,2026-10-04
DELHIVERY,Delhivery,Broader markets outperform in a day of rebound to end nearly a percent off lows The broader market indices ended the session sharply higher - compared to a muted close for main benchmarks - supported ,2025-06-02,-2,False,sustainable,"brokerage, trading volume, nifty",Low ESG relevance or finance-only context,2026-10-04
DELHIVERY,Delhivery,"Mid, smallcap indices plunge 2%, extend losses for 3rd day amid broad-based selling: IREDA, RVNL, FirstCry among top losers The shares of several smallcap and midcap companies strongly tumbled on June",2025-06-19,-1,False,renewable,"nifty, sensex",Low ESG relevance or finance-only context,2026-10-04
DELHIVERY,Delhivery,"Trade Spotlight: How should you trade TVS Motor, BSE, Aditya Birla Capital, Cholamandalam Financial, Delhivery, Eternal and others on August 8? Equity benchmark indices recouped all losses and turned ",2025-08-08,-3,False,sustainability,"candlestick, resistance, support level, nifty",Low ESG relevance or finance-only context,2026-10-04
DELHIVERY,Delhivery,"Small, midcap indices hold firm as Nifty, Sensex cool off in search of next triggers The broader market indices bucked the trend on May 13, holding firm on a day when benchmark indices were under sell",2025-05-13,-2,False,,"nifty, sensex",Low ESG relevance or finance-only context,2026-10-04
DELHIVERY,Delhivery,"Trade Spotlight: How should you trade Oberoi Realty, Canara Bank, Delhivery, Kajaria Ceramics, Swiggy, Lodha Developers, and others on June 25? Equity benchmarks erased significant gains in the second",2025-06-25,-1,False,sustainable,"resistance, nifty",Low ESG relevance or finance-only context,2026-10-04
DELHIVERY,Delhivery,"CCI nod impact: Mahindra & Mahindra, Delhivery shares rise up to 2% Mahindra &amp;amp; Mahindra (M&amp;amp;M) and Delhivery shares recorded notable gains on June 18 after the two firms received approv",2025-06-18,0,False,,,Low ESG relevance or finance-only context,2026-10-04
DELHIVERY,Delhivery,"Broader markets gain more than benchmark indices, as foreign flows support monthly gains for March The broader market indices extended gains for a second consecutive day outperforming benchmark indice",2025-03-28,-2,False,,"nifty, sensex",Low ESG relevance or finance-only context,2026-10-04
DELHIVERY,Delhivery,"Mid, smallcap indices surge over 4% on India-Pak ceasefire, Sino-US deal on trade The shares of midcap and smallcap companies strongly surged on May 12, pushing the Nifty Midcap and Nifty Smallcap ind",2025-05-12,-1,False,renewable,"nifty, sensex",Low ESG relevance or finance-only context,2026-10-04
DELHIVERY,Delhivery,"Smallcap gauge bucks the Monday selloff, adding Rs 1.9 lakh crore wealth in six sessions Broader market indices managed to stay firm despite benchmark Nifty and Sensex succumbing to selling pressure t",2025-05-19,-3,False,,"q4 results, nifty, sensex",Low ESG relevance or finance-only context,2026-10-04
DELHIVERY,Delhivery,"Top gainers and losers today: Stocks that moved the most on May 19 Benchmark indinces tumbled on May 19 tracking weak global cues, a selloff in IT shares and rising market volatility following Moody's",2025-05-19,-2,False,labor,"share price, nifty, sensex",Low ESG relevance or finance-only context,2026-10-04
DELHIVERY,Delhivery,"Smallcap, midcap stocks rise up to 15%, broader market indices extend gains for second day; check top gainers The shares of several smallcap and midcap companies strongly surged on May 26, pushing the",2025-05-26,-3,False,,"share price, nifty, sensex",Low ESG relevance or finance-only context,2026-10-04
DELHIVERY,Delhivery,"Small, midcap indices extend gaining streak to 7 days; here are the top gainers The shares of smallcap and midcap companies continued to gain sharply on April 23, pushing the smallcap and midcap indic",2025-04-23,-1,False,labor,"share price, nifty",Low ESG relevance or finance-only context,2026-10-04
DELHIVERY,Delhivery,"Nifty Smallcap index extends losses to 9th straight day as valuation concerns weigh; Zen Tech, IEX, GRSE slide up to 5% The Nifty Smallcap index extended its losing streak to a ninth consecutive sessi",2025-07-29,-2,False,,"intraday, nifty",Low ESG relevance or finance-only context,2026-10-04
DELHIVERY,Delhivery,"Small, midcap indices outperform benchmarks to extend gains for a third session: These are the top gainers Rally in select small and midcap shares on May 14 pushed the broader market indices into the ",2025-05-14,-4,False,,"share price, q4 results, nifty, sensex",Low ESG relevance or finance-only context,2026-10-04
DELHIVERY,Delhivery,"Q4 results impact: Delhivery shares surge 12% on stellar earnings; Data Patterns shares rise 2%, CreditAccess in red Delhivery shares surged nearly 12 percent on May 19 after the company reported a ne",2025-05-19,-1,False,,q4 results,Low ESG relevance or finance-only context,2026-10-04
DELHIVERY,Delhivery,"Block deal mania on Dalal Street, shares worth Rs 1,700 crore exchange hands in trade Promoters and early investors took to Dalal Street in a big way on Thursday, June 26, looking to offload holdings ",2025-06-26,-1,False,,brokerage,Low ESG relevance or finance-only context,2026-10-04
DELHIVERY,Delhivery,"Small, midcap indices down up to 2%, snap six day-rally as gains fizzles amid tariff overhang Shares of small and midcap companies were sharply lower on March 25, pushing the broader market indices in",2025-03-25,-1,False,sustainability,"nifty, sensex",Low ESG relevance or finance-only context,2026-10-04
TATACOMM,Tata Communications,"Gainers & Losers: Top 10 stocks that moved the most on July 2 Indian stock markets ended the session in the deep red on July 2, buoyed by multiple factors. At close, Sensex was down nearly 288 points ",2025-07-02,-4,False,,"target price, intraday, nifty, sensex",Low ESG relevance or finance-only context,2026-10-04
TATACOMM,Tata Communications,"Stocks to Watch Today: HUL, Coal India, Gandhar Oil Refinery, Nureca, Paytm, HG Infra, Tata Power, Anant Raj in focus on 22 April Let's catch up on the latest news from the stock market. From signific",2025-04-22,0,False,renewable,brokerage,Low ESG relevance or finance-only context,2026-10-04
TATACOMM,Tata Communications,"Trade Spotlight: How should you trade Tata Communications, Prestige Estates, BHEL, Nykaa, HDFC Life, Paradeep Phosphates, and others on April 16? The market extended its robust run for another session",2025-04-16,-3,False,,"resistance, support level, nifty",Low ESG relevance or finance-only context,2026-10-04
TATACOMM,Tata Communications,"Trade Spotlight: How should you trade Bandhan Bank, Jubilant Foodworks, Torrent Power, SBI, Kirloskar Oil Engines, and others on April 4? The benchmark indices closed off the day's low amid rangebound",2025-04-04,-3,False,,"candlestick, resistance, support level",Low ESG relevance or finance-only context,2026-10-04
INDUSTOWER,Indus Towers,"Stocks to Watch Today: PNB Housing, JSW Energy, Maruti Suzuki, M&M, Paras Defence, Federal Bank, Eternal, Mobikwik, NMDC, NCC in focus on 2 May Let's catch up on the latest news from the stock market.",2025-05-02,0,False,,,Low ESG relevance or finance-only context,2026-10-04
INDUSTOWER,Indus Towers,"Trade Spotlight: How should you trade Power Grid, Bharat Dynamics, BHEL, GRM Overseas, NTPC, Indus Towers, and others on April 21? The benchmark indices staged a strong performance on April 17, driven",2025-04-20,-3,False,sustainable,"resistance, support level, trading volume, nifty",Low ESG relevance or finance-only context,2026-10-04
INDUSTOWER,Indus Towers,"Trade Spotlight: How should you trade Nestle India, Pidilite Industries, Indus Towers, CreditAccess Grameen, Uno Minda, and others on April 9? The benchmark indices rebounded after a day of steep corr",2025-04-09,-2,False,,"stock price, resistance",Low ESG relevance or finance-only context,2026-10-04
INDUSTOWER,Indus Towers,"Trade Spotlight: How should you trade Eicher Motors, DMart, Indus Towers, Chambal Fertilisers, MCX India, BHEL, CDSL, and others on June 24? Equity benchmarks corrected after a sharp rally the previou",2025-06-24,-3,False,,"stock price, candlestick, support level",Low ESG relevance or finance-only context,2026-10-04
INDUSTOWER,Indus Towers,"Trade Spotlight: How should you trade Indus Towers, Kotak Mahindra Bank, NRB Bearings, ICICI Lombard, KFin Technologies, M&M, and others on June 23? The benchmark indices bounced back with a 1.29 perc",2025-06-23,-1,False,sustainability,"resistance, trading volume",Low ESG relevance or finance-only context,2026-10-04
INDUSTOWER,Indus Towers,"Q4 results impact: IOC stock surges 4%; Indus Towers, Jindal Saw shares tumble up to 7% The shares of Indian Oil Corporation (IOC) gained nearly 4 percent on May 2 after the oil major reported strong ",2025-05-02,-1,False,,q4 results,Low ESG relevance or finance-only context,2026-10-04
INDUSTOWER,Indus Towers,"Trent, BEL to join 30-share Sensex today, Nestle India, IndusInd Bank excluded Shares of retail giant Trent Ltd. and PSU firm Bharat Electronics Ltd. (BEL) will  added to the 30-pack benchmark index S",2025-06-20,-1,False,inclusion,"intraday, sensex",Low ESG relevance or finance-only context,2026-10-04
INDUSTOWER,Indus Towers,"Indus Towers’ Q1 profit slumps 9.8% despite Vodafone Idea payments Indus Towers reported a 9.8 percent on-year drop in net profit to Rs 1,737 crore for the June quarter, as surging power, fuel, employ",2025-07-31,0,False,,,Low ESG relevance or finance-only context,2026-10-04
INDUSTOWER,Indus Towers,"Chartist Talks: SBI Securities' Sudeep Shah bets on these 6 stocks, believes momentum strong in Bank Nifty Sudeep Shah of SBI Securities believes the momentum in Bank Nifty remains strong, particularl",2025-06-22,-1,False,"sustainability, sustainable","intraday, resistance, nifty",Low ESG relevance or finance-only context,2026-10-04
INDUSTOWER,Indus Towers,"Trent, BEL shares rally on inclusion in 30-pack Sensex; Nestle, IndusInd Bank deleted Shares of retail giant Trent Ltd. and PSU firm Bharat Electronics Ltd. (BEL) surged in trade on Friday, May 23, af",2025-05-23,-1,False,inclusion,"stock price, sensex",Low ESG relevance or finance-only context,2026-10-04
INDUSTOWER,Indus Towers,"Accumulate Bharti Airtel; target of Rs 2090: Prabhudas Lilladher Prabhudas Lilladher's research report on Bharti Airtel  Bharti reported consol EBITDA of Rs278bn (+41.3% YoY, +3.1% QoQ; PLe: Rs258bn, ",2025-08-07,0,False,,,Low ESG relevance or finance-only context,2026-10-04
INDUSTOWER,Indus Towers,"Trade Spotlight: How should you trade Oberoi Realty, Canara Bank, Delhivery, Kajaria Ceramics, Swiggy, Lodha Developers, and others on June 25? Equity benchmarks erased significant gains in the second",2025-06-25,-1,False,sustainable,"resistance, nifty",Low ESG relevance or finance-only context,2026-10-04
INDUSTOWER,Indus Towers,"Small, midcap indices jump over 1%, outperform benchmarks: Here are the top gainers The shares of several smallcap and midcap indices recorded strong gains on June 9, pushing the broader market indice",2025-06-09,0,False,"sustainable, safety","nifty, sensex",Low ESG relevance or finance-only context,2026-10-04
INDUSTOWER,Indus Towers,"Mid, smallcap indices surge over 4% on India-Pak ceasefire, Sino-US deal on trade The shares of midcap and smallcap companies strongly surged on May 12, pushing the Nifty Midcap and Nifty Smallcap ind",2025-05-12,-1,False,renewable,"nifty, sensex",Low ESG relevance or finance-only context,2026-10-04
INDUSTOWER,Indus Towers,Chartist Talks: These two stocks that can brighten your portfolio according to SBI Securities' Sudeep Shah Sudeep Shah of SBI Securities bullish on Kotak Mahindra Bank and Chennai Petroleum Corporatio,2025-03-14,-3,False,,"candlestick, resistance, nifty",Low ESG relevance or finance-only context,2026-10-04
INDUSTOWER,Indus Towers,"Vodafone Idea troubles to persist despite 4G gains; Airtel to see modest Q4 growth Vodafone Idea’s March quarter revenue is expected to decline sequentially as it continues to lose subscribers, even a",2025-04-11,-1,False,,brokerage,Low ESG relevance or finance-only context,2026-10-04
INDUSTOWER,Indus Towers,"INDUS TOWERS Consolidated March 2025 Net Sales at Rs 7,727.10 crore, up 7.42% Y-o-Y Reported Consolidated quarterly numbers for INDUS TOWERS are:    Net Sales at Rs 7,727.10 crore in March 2025 up 7.4",2025-05-02,0,False,,,Low ESG relevance or finance-only context,2026-10-04
INDUSTOWER,Indus Towers,"INDUS TOWERS Standalone June 2025 Net Sales at Rs 8,057.60 crore, up 9.14% Y-o-Y Reported Standalone quarterly numbers for INDUS TOWERS are:    Net Sales at Rs 8,057.60 crore in June 2025 up 9.14% fro",2025-07-31,0,False,,,Low ESG relevance or finance-only context,2026-10-04
INDUSTOWER,Indus Towers,"Indus Towers poised for gains as govt eases Voda Idea's financial burden Tower infrastructure firm Indus Towers stands to gain the most from Vodafone Idea’s improved cash flow, following the governmen",2025-04-03,-1,False,,brokerage,Low ESG relevance or finance-only context,2026-10-04
INDUSTOWER,Indus Towers,"Small and midcap indices snap multi-session gaining streak as stocks fall on profit booking The small and midcap indices sharply fell in the second half of the trading session on June 11, likely on pr",2025-06-11,0,False,sustainable,nifty,Low ESG relevance or finance-only context,2026-10-04
INDUSTOWER,Indus Towers,"Reduce Indus Tower: target of Rs 350: ICICI Securities ICICI Securities's research report on Indus Tower  Indus Towers’ (Indus) Q4FY25 performance was good led by: 1) excluding acquisition, tenancy ad",2025-05-05,0,False,,,Low ESG relevance or finance-only context,2026-10-04
INDUSTOWER,Indus Towers,"Smallcap index falls nearly 2%, snaps 4-day gaining streak; midcap index declines 2% from day's high The shares of small-cap companies recorded strong losses on March 10, pushing the Nifty Smallcap in",2025-03-10,-1,False,renewable,"stock price, nifty",Low ESG relevance or finance-only context,2026-10-04
INDUSTOWER,Indus Towers,"Indus Towers Shares Rise by 2.04% in Today's Trading Session During today's session, shares of INDUS TOWERS saw a gain of 2.04%, reaching a price of Rs 388.10. This increase has positioned INDUS TOWER",2025-06-16,-2,False,,"share price, nifty",Low ESG relevance or finance-only context,2026-10-04
INDUSTOWER,Indus Towers,"INDUS TOWERS Consolidated June 2025 Net Sales at Rs 8,057.60 crore, up 9.14% Y-o-Y Reported Consolidated quarterly numbers for INDUS TOWERS are:    Net Sales at Rs 8,057.60 crore in June 2025 up 9.14%",2025-07-31,0,False,,,Low ESG relevance or finance-only context,2026-10-04
INDUSTOWER,Indus Towers,"Indus Towers to Announce Q1 FY26 Results on July 30, 2025   Indus Towers Limited, a major passive telecom infrastructure provider in India, will announce its financial results for the first quarter en",2025-07-24,0,False,,,Low ESG relevance or finance-only context,2026-10-04
INDUSTOWER,Indus Towers,"INDUS TOWERS Standalone March 2025 Net Sales at Rs 7,727.10 crore, up 7.42% Y-o-Y Reported Standalone quarterly numbers for INDUS TOWERS are:    Net Sales at Rs 7,727.10 crore in March 2025 up 7.42% f",2025-05-02,0,False,,,Low ESG relevance or finance-only context,2026-10-04
INDUSTOWER,Indus Towers,Neutral Indus Towers; target of Rs 395: Motilal Oswal Motilal Oswal's research report on Indus Towers  Indus Towers (Indus)’ 4QFY25 reported financials were impacted by several one-offs on account of ,2025-05-02,0,False,,,Low ESG relevance or finance-only context,2026-10-04
INDUSTOWER,Indus Towers,"Smallcap, midcap stocks rally up to 9% amid broader optimism over GST reforms, S&P upgrade; check top gainers The shares of smallcap and midcap stocks recorded strong gains on August 18, tracking the ",2025-08-18,-3,False,,"share price, nifty, sensex",Low ESG relevance or finance-only context,2026-10-04
BHARTIARTL,Bharti Airtel,"Bharti Airtel share price falls 1.53%; stock among top losers on Nifty 50 Shares of Bharti Airtel were trading lower at Rs 1,900.40, a 1.53% decline from the previous close, making it among the top lo",2025-07-18,-2,False,,"share price, nifty",Low ESG relevance or finance-only context,2026-10-04
BHARTIARTL,Bharti Airtel,"Bharti Airtel share price gains 0.74% in early trade Bharti Airtel's stock is currently trading at Rs 1,935.10, a 0.74% increase from its previous close, in Tuesday's session. At 09:30 am, the stock i",2025-07-15,-2,False,,"share price, nifty",Low ESG relevance or finance-only context,2026-10-04
BHARTIARTL,Bharti Airtel,"Bharti Airtel share price falls 1.37% today Shares of Bharti Airtel were trading at Rs 1,903.50 in Friday's session, a 1.37% decline from the previous close. The stock touched a day's high of Rs 1,916",2025-07-18,-1,False,,share price,Low ESG relevance or finance-only context,2026-10-04
BHARTIARTL,Bharti Airtel,"Bharti Airtel shares decline marginally in early trade Shares of Bharti Airtel were trading at Rs 1,909.40 on the NSE, down 0.26% in early trade. This represents a decrease of Rs 4.90 from the previou",2025-08-01,0,False,,,Low ESG relevance or finance-only context,2026-10-04
BHARTIARTL,Bharti Airtel,Bharti Airtel Q1 PAT seen up 106.8% YoY to Rs. 7082.5 cr: Prabhudas Lilladher Prabhudas Lilladher has come out with its first quarter (April-June’ 26) earnings estimates for the Telecom sector. The br,2025-07-14,-1,False,,brokerage,Low ESG relevance or finance-only context,2026-10-04
BHARTIARTL,Bharti Airtel,"Bharti Airtel shares trade flat; over 33.4 lakh shares traded Shares of Bharti Airtel were trading at Rs 1,929.90 on the NSE at 12:20 pm, showing a marginal decline of 0.10% from the previous close. O",2025-08-06,-1,False,,trading volume,Low ESG relevance or finance-only context,2026-10-04
BHARTIARTL,Bharti Airtel,"Bharti Airtel shares gain 0.64% in today's session; over 3.3 lakh shares traded Shares of Bharti Airtel were trading higher in Monday's session, with the stock currently priced at Rs 1,896.50 on the N",2025-08-04,0,False,,,Low ESG relevance or finance-only context,2026-10-04
BHARTIARTL,Bharti Airtel,"Bharti Airtel shares among top gainers on Nifty 50, rise 0.64% Shares of Bharti Airtel were trading higher in Wednesday's session, with the stock priced at Rs 1,944.20, a 0.64% increase from the previ",2025-08-06,-2,False,,"stock price, nifty",Low ESG relevance or finance-only context,2026-10-04
BHARTIARTL,Bharti Airtel,"Bharti Airtel shares fall 0.60% in morning trade; over 16.2 lakh shares traded Shares of Bharti Airtel were trading lower in Monday's session, with the stock priced at Rs 1,910.40 at 10:20 am on the N",2025-07-14,-1,False,,stock price,Low ESG relevance or finance-only context,2026-10-04
BHARTIARTL,Bharti Airtel,"Sensex settles nearly 600 pts lower, Nifty below 24,700: FII selling, rising India VIX among key factors behind market fall The equity benchmark indices Sensex and Nifty declined for the third day on ",2025-07-28,-4,False,,"intraday, resistance, nifty, sensex",Low ESG relevance or finance-only context,2026-10-04
BHARTIARTL,Bharti Airtel,"Bharti Airtel share price rises marginally in today's session Bharti Airtel stock was trading at Rs 1,902.90 in Monday's session, a marginal rise of 0.10% from its previous close. Earlier in the sessi",2025-07-21,-1,False,,share price,Low ESG relevance or finance-only context,2026-10-04
BHARTIARTL,Bharti Airtel,"Sensex jumps 550 pts from day's low, Nifty above 22,650: Decline in oil prices among key factors behind market rally Sensex and Nifty witnessed an uptrend on Monday morning, following firm trends in A",2025-03-10,-5,False,,"intraday, candlestick, support level, nifty, sensex",Low ESG relevance or finance-only context,2026-10-04
BHARTIARTL,Bharti Airtel,"Bharti Airtel shares gain 1% in today's session; over 12.8 lakh shares traded Bharti Airtel shares rose by 1% in Wednesday's trading session, with over 12.8 lakh shares traded. The stock is part of th",2025-07-23,-2,False,,"trading volume, nifty",Low ESG relevance or finance-only context,2026-10-04
BHARTIARTL,Bharti Airtel,"Bharti Airtel share price rises marginally in early trade Shares of Bharti Airtel were trading at Rs 1,941.70 on the NSE at 9.30 am, up 0.26% from the previous close.    Financial Performance:    Cons",2025-07-17,-1,False,,share price,Low ESG relevance or finance-only context,2026-10-04
BHARTIARTL,Bharti Airtel,"Markets at 5-week high: Sensex soars 900 pts, Nifty above 23,200 on Fed boost; all sectors in green Benchmark equity indices surged over 1 percent on Thursday, with the Nifty reclaiming the crucial 23",2025-03-20,-4,False,,"intraday, resistance, nifty, sensex",Low ESG relevance or finance-only context,2026-10-04
BHARTIARTL,Bharti Airtel,"Trade Spotlight: How should you trade Eicher Motors, Tata Consumer Products, M&M, Wipro, Bharti Airtel, and others on June 20? Equity benchmark indices closed moderately lower amid a lacklustre sessio",2025-06-20,-3,False,,"candlestick, resistance, trading volume",Low ESG relevance or finance-only context,2026-10-04
BHARTIARTL,Bharti Airtel,"Bharti Airtel shares gain 0.61% in today's session Shares of Bharti Airtel were up 0.61% to Rs 1,930 in Wednesday's session. This increase reflects a rise from the previous close.    Recent Financial ",2025-07-30,0,False,,,Low ESG relevance or finance-only context,2026-10-04
BHARTIARTL,Bharti Airtel,"Bharti Airtel share price falls 1.39% Shares of Bharti Airtel were trading lower in Friday's session, with the stock currently priced at Rs 1,887.70, a 1.39% fall. The stock touched a day's high of Rs",2025-08-01,-2,False,,"share price, nifty",Low ESG relevance or finance-only context,2026-10-04
BHARTIARTL,Bharti Airtel,"Bharti Airtel shares trade with moderate gain in morning session Shares of Bharti Airtel were trading at Rs 1,927.50 on the NSE, up 0.34% from the previous close, during Tuesday's session. At 09:20 am",2025-07-15,0,False,,,Low ESG relevance or finance-only context,2026-10-04
BHARTIARTL,Bharti Airtel,"Bharti Airtel Q1 results: Net profit rises 43% YoY to Rs 5,948 crore, but misses estimates Telecom major Bharti Airtel Ltd on August 5 reported 43% jump in consolidated net profit at Rs 5,948 crore fo",2025-08-05,-2,False,,"brokerage, q1 results",Low ESG relevance or finance-only context,2026-10-04
BHARTIARTL,Bharti Airtel,"Bharti Airtel shares fall 0.81% in early trade Shares of Bharti Airtel were trading at Rs 1,922.20 on the NSE, down 0.81% from the previous close, at 9:20 am on Monday.    Financial Performance:    Th",2025-07-28,0,False,,,Low ESG relevance or finance-only context,2026-10-04
BHARTIARTL,Bharti Airtel,"Sensex jumps 600 pts, Nifty above 23,300: Positive global cues ahead of US tariffs among key factors behind market rally Benchmark indices Sensex and Nifty surged in early trade on Wednesday, recoveri",2025-04-02,-3,False,,"support level, nifty, sensex",Low ESG relevance or finance-only context,2026-10-04
BHARTIARTL,Bharti Airtel,"Tech Mahindra, NTPC, Zomato shares lead over 400-point recovery on Sensex from day's low The Sensex recovered major losses to end flat as markets closed on February 18. The benchmark index recovered  ",2025-02-18,-3,False,,"stock price, trading volume, sensex",Low ESG relevance or finance-only context,2026-10-04
BHARTIARTL,Bharti Airtel,"Bharti Airtel share price falls 1.04% in morning trade Shares of Bharti Airtel declined by 1.04% to Rs 1,889.30 in Tuesday's trading session. Earlier in the day, the stock touched a high of Rs 1,910 a",2025-07-22,-2,False,,"share price, nifty",Low ESG relevance or finance-only context,2026-10-04
BHARTIARTL,Bharti Airtel,"Trade Spotlight: How should you trade HCL Tech, Shree Cement, Asian Paints, Nykaa, Bharti Airtel, Samvardhana Motherson, and others on March 25? The market clocked a 1.3 percent rally on March 24, ext",2025-03-25,-1,False,,support level,Low ESG relevance or finance-only context,2026-10-04
BHARTIARTL,Bharti Airtel,"Bharti Airtel shares gain 0.68% in early trade Shares of Bharti Airtel were trading at Rs 1,931.40 on the NSE, up 0.68% from the previous close, at 09:30 am Wednesday. The stock is showing positive mo",2025-07-30,0,False,,,Low ESG relevance or finance-only context,2026-10-04
BHARTIARTL,Bharti Airtel,"Bharti Airtel shares close with 0.43% gain; day's range between Rs 1,892.60 and Rs 1,919.90 Bharti Airtel shares ended Monday's session with a gain of 0.43%, closing at Rs 1,909.20. During the trading",2025-07-21,-2,False,,"stock price, intraday",Low ESG relevance or finance-only context,2026-10-04
BHARTIARTL,Bharti Airtel,"Trade Spotlight: How should you trade PNB, Swiggy, Bank of India, Adani Ports, CDSL, Canara Bank, NBCC, Bharti Airtel and others on June 3? The benchmark indices recouped significant intraday losses a",2025-06-03,-3,False,,"intraday, candlestick, support level",Low ESG relevance or finance-only context,2026-10-04
BHARTIARTL,Bharti Airtel,"Bharti Airtel share price rises 0.46% in early trade Shares of Bharti Airtel were trading higher in Tuesday's session, with the stock priced at Rs 1,899 at 9:20 am on the NSE, a 0.46% increase from th",2025-07-29,-1,False,green energy,"share price, stock price",Low ESG relevance or finance-only context,2026-10-04
BHARTIARTL,Bharti Airtel,"Bharti Airtel share price declines 0.66% in Tuesday's trading session Bharti Airtel shares experienced a decline of 0.66% in Tuesday's trading session, reaching a price of Rs 1,896.60. This movement r",2025-07-22,-1,False,,share price,Low ESG relevance or finance-only context,2026-10-04
BHARTIARTL,Bharti Airtel,"Bharti Airtel shares among top gainers on Nifty 50, rise 0.98% Shares of Bharti Airtel were trading higher on Tuesday, with the stock priced at Rs 1,933.30, a gain of 0.98% in today's session. The sto",2025-08-05,-2,False,,"stock price, nifty",Low ESG relevance or finance-only context,2026-10-04
BHARTIARTL,Bharti Airtel,"Bharti Airtel shares fall 0.85%; stock among top losers on Nifty 50 Shares of Bharti Airtel were trading lower in Monday's session at Rs 1,921.50 as of 10:10 am, a decline of 0.85% from the previous c",2025-07-28,-1,False,,nifty,Low ESG relevance or finance-only context,2026-10-04
BHARTIARTL,Bharti Airtel,"CLSA says Q3 earnings stronger-than-expected, despite consensus doubts The earnings show for the three months ended December 2024 was better than expected, noted Hong Kong-based brokerage CLSA, sharin",2025-02-24,-1,False,labor,"brokerage, nifty",Low ESG relevance or finance-only context,2026-10-04
BHARTIARTL,Bharti Airtel,"Bharti Airtel shares gain as Q1 net profit soars 43%, brokerages cheer strong ARPU print Telecom operator Bharti Airtel Ltd shares rose in trade on Wednesday, August 6, after the telecommunications gi",2025-08-06,-2,False,,"target price, brokerage",Low ESG relevance or finance-only context,2026-10-04
BHARTIARTL,Bharti Airtel,"Bharti Airtel Standalone June 2025 Net Sales at Rs 29,249.20 crore, up 17.39% Y-o-Y Reported Standalone quarterly numbers for Bharti Airtel are:    Net Sales at Rs 29,249.20 crore in June 2025 up 17.3",2025-08-06,0,False,,,Low ESG relevance or finance-only context,2026-10-04
BHARTIARTL,Bharti Airtel,"Bharti Airtel share price gains 0.69% in yesterday's trading session Shares of Bharti Airtel saw a 0.69% rise in the previous session, with the stock reaching Rs 1,934.20 at the close of Tuesday's tra",2025-07-16,-2,False,,"share price, nifty",Low ESG relevance or finance-only context,2026-10-04
BHARTIARTL,Bharti Airtel,"Bharti Airtel shares fall 1.88% in morning trade; over 10 lakh shares traded Shares of Bharti Airtel declined by 1.88% to trade at Rs 1,893.60 on the NSE. This decline occurred during Friday's trading",2025-07-18,0,False,,,Low ESG relevance or finance-only context,2026-10-04
BHARTIARTL,Bharti Airtel,"GQG Partners' Rajiv Jain deployed $2 billion in India between Jan-March, invested far more aggressively than last year GQG Partners has been a net buyer of over $2 billion of fresh Indian equities bet",2025-05-27,0,False,,,Low ESG relevance or finance-only context,2026-10-04
BHARTIARTL,Bharti Airtel,"Bharti Airtel shares fall 1.82% in morning trade Shares of Bharti Airtel were trading lower at Rs 1,902.60 on Monday, July 28, reflecting a 1.82% decline from the previous close. The stock's movement ",2025-07-28,-1,False,,nifty,Low ESG relevance or finance-only context,2026-10-04
BHARTIARTL,Bharti Airtel,"Bharti Airtel share price falls 0.53% in early trade Shares of Bharti Airtel were trading lower at Rs 1,925.80 on the NSE, down 0.53% from the previous close, in Friday's early trading session. The st",2025-07-25,-2,False,,"share price, nifty",Low ESG relevance or finance-only context,2026-10-04
BHARTIARTL,Bharti Airtel,"Bharti Airtel shares gain 0.75% in Monday's trading session Shares of Bharti Airtel were trading higher in Monday's session, with the stock price at Rs 1,898.50, a gain of 0.75% from the previous clos",2025-08-04,-2,False,,"stock price, nifty",Low ESG relevance or finance-only context,2026-10-04
BHARTIARTL,Bharti Airtel,"Sensex falls nearly 350 points, Nifty below 25,400: IT losses among key factors behind market decline The benchmark stock indices Sensex and Nifty traded lower on Thursday, as losses in IT stocks as c",2025-07-10,-3,False,,"q1 results, nifty, sensex",Low ESG relevance or finance-only context,2026-10-04
BHARTIARTL,Bharti Airtel,"Trade Spotlight: How should you trade Tata Motors, BHEL, Bajaj Finserv, Apollo Tyres, Aarti Pharmalabs, and others on February 18? The benchmark indices showed a strong recovery from the day's low to ",2025-02-18,-2,False,sustainability,"candlestick, resistance, support level",Low ESG relevance or finance-only context,2026-10-04
BHARTIARTL,Bharti Airtel,"Bharti Airtel shares gain 0.43% in today's session; over 8.6 lakh shares traded Shares of Bharti Airtel were trading higher in Tuesday's session, with the stock currently priced at Rs 1,929.20 on the ",2025-07-15,0,False,,,Low ESG relevance or finance-only context,2026-10-04
BHARTIARTL,Bharti Airtel,"Sensex rises over 250 points, Nifty above 24,600: Positive global cues among key factors behind market rise The benchmark equity indices rebounded on Wednesday, recovering from a three-day losing stre",2025-06-04,-2,False,,"nifty, sensex",Low ESG relevance or finance-only context,2026-10-04
BHARTIARTL,Bharti Airtel,"Bharti Airtel share price falls 0.40% in today's session Shares of Bharti Airtel were trading lower in Thursday's session, with the stock currently priced at Rs 1,936.10. The stock experienced a decli",2025-07-24,-1,False,,share price,Low ESG relevance or finance-only context,2026-10-04
BHARTIARTL,Bharti Airtel,"Bharti Airtel shares fall marginally today; over 7.5 lakh shares traded Shares of Bharti Airtel were trading flat in Wednesday's session, with the stock currently priced at Rs 1,931.30. The stock expe",2025-07-16,0,False,,,Low ESG relevance or finance-only context,2026-10-04
BHARTIARTL,Bharti Airtel,"Top gainers and losers today: Stocks that moved the most on May 14 Indian stock markets ended the trading session on May 14 by eking out minor gains. Sensex closed 182 points higher at 81,330, while N",2025-05-14,-7,False,,"share price, target price, brokerage, intraday, q4 results, nifty, sensex",Low ESG relevance or finance-only context,2026-10-04
BHARTIARTL,Bharti Airtel,"Bharti Airtel share price falls 0.27% in morning trade Shares of Bharti Airtel were trading at Rs 1,909.20 on Friday, a 0.27% decline from the previous close. Earlier in the session, the stock touched",2025-08-01,-2,False,,"share price, nifty",Low ESG relevance or finance-only context,2026-10-04
BHARTIARTL,Bharti Airtel,"Bharti Airtel shares gain 1.48% in today's session Shares of Bharti Airtel were up 1.48% in Tuesday's session, with the stock trading at Rs 1,918.30. The stock has shown positive movement in the last ",2025-07-29,0,False,green energy,nifty,Low ESG relevance or finance-only context,2026-10-04
BHARTIARTL,Bharti Airtel,"Bharti Airtel shares gain 0.79% in today's session; over 16.7 lakh shares traded Shares of Bharti Airtel were trading with a gain of 0.79% at Rs 1,933.50 on the NSE in Wednesday's session. The stock s",2025-07-30,-1,False,,trading volume,Low ESG relevance or finance-only context,2026-10-04
BHARTIARTL,Bharti Airtel,"Markets snap 3-day fall: Sensex up 450 points, Nifty above 24,800; value buying among key factors behind market rebound The benchmark indices rebounded strongly on Tuesday, snapping a three-session lo",2025-07-29,-3,False,,"resistance, nifty, sensex",Low ESG relevance or finance-only context,2026-10-04
BHARTIARTL,Bharti Airtel,"Trent, BEL to join 30-share Sensex today, Nestle India, IndusInd Bank excluded Shares of retail giant Trent Ltd. and PSU firm Bharat Electronics Ltd. (BEL) will  added to the 30-pack benchmark index S",2025-06-20,-1,False,inclusion,"intraday, sensex",Low ESG relevance or finance-only context,2026-10-04
BHARTIARTL,Bharti Airtel,"Bharti Airtel shares among top gainers on Nifty 50; rise 0.43% Shares of Bharti Airtel were trading higher at Rs 1,944.40, a gain of 0.43% in Friday's session. The stock was identified among the top g",2025-07-25,-1,False,,nifty,Low ESG relevance or finance-only context,2026-10-04
BHARTIARTL,Bharti Airtel,"Sensex drops 850 pts, Nifty below 22,600, hits 8-month low on US growth concerns; Nifty IT sinks nearly 3% Sensex and Nifty extended their losing streak to a fifth straight session, plunging to an eig",2025-02-24,-4,False,green energy,"target price, intraday, resistance, nifty, sensex",Low ESG relevance or finance-only context,2026-10-04
BHARTIARTL,Bharti Airtel,"Bharti Airtel shares gain 0.35% in today's session; over 16.2 lakh shares traded Bharti Airtel stock is trading at Rs 1,907.70, a gain of 0.35% from the previous close, during Monday's trading session",2025-07-21,-1,False,,trading volume,Low ESG relevance or finance-only context,2026-10-04
BHARTIARTL,Bharti Airtel,"Indus Towers’ Q1 profit slumps 9.8% despite Vodafone Idea payments Indus Towers reported a 9.8 percent on-year drop in net profit to Rs 1,737 crore for the June quarter, as surging power, fuel, employ",2025-07-31,0,False,,,Low ESG relevance or finance-only context,2026-10-04
BHARTIARTL,Bharti Airtel,"Chartist Talks: SBI Securities' Sudeep Shah bets on these 6 stocks, believes momentum strong in Bank Nifty Sudeep Shah of SBI Securities believes the momentum in Bank Nifty remains strong, particularl",2025-06-22,-1,False,"sustainability, sustainable","intraday, resistance, nifty",Low ESG relevance or finance-only context,2026-10-04
BHARTIARTL,Bharti Airtel,"Sensex falls over 600 pts, Nifty below 24,700: Trump's tariffs on India among key factors behind market decline The benchmark equity indices declined sharply on Thursday as investor sentiment weakened",2025-07-31,-1,False,penalty,"nifty, sensex",Low ESG relevance or finance-only context,2026-10-04
BHARTIARTL,Bharti Airtel,"Sensex soars 1,000 pts, Nifty tops 25,500: Positive global cues among key factors behind market rally The benchmark equity indices extended their gains for the third consecutive session on Thursday, w",2025-06-26,-2,False,,"nifty, sensex",Low ESG relevance or finance-only context,2026-10-04
BHARTIARTL,Bharti Airtel,"Sensex settles 600 pts lower, Nifty below 24,600: Trump's tariffs among key factors behind market fall Benchmark equity indices fell to their lowest levels in about two months on Friday, dragged down ",2025-08-01,-4,False,,"intraday, resistance, nifty, sensex",Low ESG relevance or finance-only context,2026-10-04
BHARTIARTL,Bharti Airtel,Indian billionaires shine in first half of 2025 despite market turbulence The wealth of several Indian billionaires saw significant growth despite pronounced market volatility in the first half of 202,2025-07-01,-1,False,labor,"nifty, sensex",Low ESG relevance or finance-only context,2026-10-04
BHARTIARTL,Bharti Airtel,"Sensex down 800 pts, Nifty below 23,150; broader market falls up to 3% Sensex and Nifty extended early losses on February 11, dropping over half a percent by noon as global uncertainties and weak dome",2025-02-11,-5,False,,"candlestick, resistance, support level, nifty, sensex",Low ESG relevance or finance-only context,2026-10-04
BHARTIARTL,Bharti Airtel,"Bharti Airtel share price falls 2.86% in early trade; stock among top losers on Nifty 50 Shares of Bharti Airtel declined 2.86% to Rs 1,867.60 in Friday's early trading session and were among the top ",2025-08-08,-2,False,,"share price, nifty",Low ESG relevance or finance-only context,2026-10-04
BHARTIARTL,Bharti Airtel,"Sensex declines nearly 500 pts, Nifty below 24,450 on tariff worries; IT, pharma among top sectoral losers The equity benchmark indices Sensex and Nifty declined 0.6 percent each in morning trade on A",2025-08-08,-2,False,,"nifty, sensex",Low ESG relevance or finance-only context,2026-10-04
BHARTIARTL,Bharti Airtel,"Bharti Airtel share price falls 2.88%, hits intraday low Shares of Bharti Airtel declined by 2.88% to Rs 1,867.30 in Friday's session. The stock, part of the Nifty 50 index, traded lower compared to i",2025-08-08,-3,False,,"share price, intraday, nifty",Low ESG relevance or finance-only context,2026-10-04
BHARTIARTL,Bharti Airtel,"Accumulate Bharti Airtel; target of Rs 2090: Prabhudas Lilladher Prabhudas Lilladher's research report on Bharti Airtel  Bharti reported consol EBITDA of Rs278bn (+41.3% YoY, +3.1% QoQ; PLe: Rs258bn, ",2025-08-07,0,False,,,Low ESG relevance or finance-only context,2026-10-04
BHARTIARTL,Bharti Airtel,Trump's tariff scare spooks Dalal Street: Three stocks that bled the most on Sensex The selling pressure on Dalal Street - induced by US President Trump's tariff scare - saw a cut of over 500 points o,2025-02-10,-3,False,,"share price, trading volume, sensex",Low ESG relevance or finance-only context,2026-10-04
BHARTIARTL,Bharti Airtel,"Bharti Airtel share price falls 0.54% in early trade Shares of Bharti Airtel were trading at Rs 1,919.30 on the NSE, down 0.54% from the previous close, at 9:20 am. The stock is currently trading lowe",2025-08-07,-1,False,,share price,Low ESG relevance or finance-only context,2026-10-04
BHARTIARTL,Bharti Airtel,"Bear run on D-Street: Sensex falls 550 pts, Nifty slips below 24,450 on tariff worries; 11 out of 13 sectors in red The equity benchmarks Sensex and Nifty fell nearly 1 percent in afternoon trade on F",2025-08-08,-2,False,,"nifty, sensex",Low ESG relevance or finance-only context,2026-10-04
BHARTIARTL,Bharti Airtel,"Chartist Talks: Ashish Kyal eyes 55,000 on Bank Nifty next week; reveals post-rally Nifty 50 strategy Bank Nifty is almost near to lifetime high levels. &quot;It is best to use dips to buy as long as ",2025-04-18,-1,False,,nifty,Low ESG relevance or finance-only context,2026-10-04
BHARTIARTL,Bharti Airtel,"Q4 Review: Motilal Oswal sees broad-based beat, Nomura hikes Nifty FY26 target to 26,140 With India Inc.'s earnings season for the quarter and full year ended March 31, 2025 done and dusted, brokerage",2025-06-02,-2,False,,"brokerage, nifty",Low ESG relevance or finance-only context,2026-10-04
BHARTIARTL,Bharti Airtel,"Hold Bharti Airtel: target of Rs 1960: ICICI Securities ICICI Securities's research report on Bharti Airtel  Bharti Airtel (Bharti) delivered an impressive performance yet again, with steady market sh",2025-08-07,0,False,,,Low ESG relevance or finance-only context,2026-10-04
BHARTIARTL,Bharti Airtel,"Bharti Airtel share price falls 2.7% in early trade Shares of Bharti Airtel declined 2.7% to Rs 1,870.70 in Friday's trading session. The stock is currently trading lower compared to its previous clos",2025-08-08,-1,False,,share price,Low ESG relevance or finance-only context,2026-10-04
BHARTIARTL,Bharti Airtel,"Bharti Airtel shares fall 0.95%, stock among top losers on Nifty 50 Shares of Bharti Airtel were trading lower in Thursday's session, with the stock priced at Rs 1,911.40, a 0.95% decline. The stock i",2025-08-07,-2,False,,"stock price, nifty",Low ESG relevance or finance-only context,2026-10-04
BHARTIARTL,Bharti Airtel,"Sensex surges over 1,000 pts, Nifty above 25,100: Fresh FII buying among key factors behind market rebound The equity benchmark indices rebounded sharply by over 1 percent on Friday after three consec",2025-06-20,-2,False,,"nifty, sensex",Low ESG relevance or finance-only context,2026-10-04
BHARTIARTL,Bharti Airtel,"BofA sees Nifty touching 25,000 by December, expects negative returns for small, midcaps in 2025 Bank of America (BofA) Securities said it expects the benchmark index Nifty 50 to touch 25,000 by Decem",2025-03-06,-2,False,labor,"target price, nifty, sensex",Low ESG relevance or finance-only context,2026-10-04
BHARTIARTL,Bharti Airtel,"Chartist Talks: Elliott Wave signals strong, fast Nifty rally ahead; Ashish Kyal recommends 2 picks for July The Nifty is in 3rd wave which can be strong and fast as per the Elliott Wave, Ashish Kyal ",2025-06-28,0,False,sustainable,nifty,Low ESG relevance or finance-only context,2026-10-04
BHARTIARTL,Bharti Airtel,"Trade Spotlight: How should you trade Bharti Airtel, Bajaj Finance, Chambal Fertilisers, Ashok Leyland, Nestle India, and others on February 27? The benchmark indices finished the rangebound trading f",2025-02-27,-4,False,,"target price, resistance, support level, nifty",Low ESG relevance or finance-only context,2026-10-04
BHARTIARTL,Bharti Airtel,"Trade Spotlight: How should you trade Bharti Airtel, HDFC Life, Cholamandalam Investment, DLF, Godfrey Phillips, and others on February 13? The market maintained its southward journey for the sixth st",2025-02-12,-1,False,,nifty,Low ESG relevance or finance-only context,2026-10-04
BHARTIARTL,Bharti Airtel,"Sensex falls 400 pts, Nifty at 23,200: Trump’s reciprocal tariffs among key factors to rattle markets Benchmark indices Sensex and Nifty slipped in early trade on Thursday, tracking weak global cues a",2025-04-03,-3,False,,"candlestick, nifty, sensex",Low ESG relevance or finance-only context,2026-10-04
BHARTIARTL,Bharti Airtel,"Sensex drops nearly 400 pts, Nifty below 25,000: Muted global cues among key factors behind market decline The equity benchmarks came under pressure on Friday as profit-booking and weak global cues dr",2025-05-16,-4,False,,"intraday, resistance, nifty, sensex",Low ESG relevance or finance-only context,2026-10-04
BHARTIARTL,Bharti Airtel,"Sunil Mittal-led promoter entity eyes part stake sale in Bharti Airtel, launches mega $1-bn block deal Indian Continent Investment Limited, a Sunil Mittal-led promoter group entity of Bharti Airtel, h",2025-08-07,0,False,,,Low ESG relevance or finance-only context,2026-10-04
BHARTIARTL,Bharti Airtel,"Bharti Airtel shares fall 2.78%; stock among top losers on Nifty 50 Shares of Bharti Airtel were trading down by 2.78 percent at Rs 1,869.20, making it among the top losers on Nifty 50 in Friday's ses",2025-08-08,0,False,environment,nifty,Low ESG relevance or finance-only context,2026-10-04
BHARTIARTL,Bharti Airtel,"Bharti Airtel shares fall over 2 percent on large trade of equity worth over Rs 12,500 crore Shares of Bharti Airtel are lower by over 2 percent in early trade on August 8, emerging as the top loser o",2025-08-08,-2,False,,"target price, nifty",Low ESG relevance or finance-only context,2026-10-04
BHARTIARTL,Bharti Airtel,"Bharti Airtel shares decline 0.86% in today's session; over 22 lakh shares traded Shares of Bharti Airtel were trading at Rs 1,913.20 on the NSE, a decline of 0.86% from the previous close, as of 12:2",2025-08-07,-1,False,,trading volume,Low ESG relevance or finance-only context,2026-10-04
BHARTIARTL,Bharti Airtel,"Trade Spotlight: How should you trade Maruti Suzuki, Apollo Tyres, HDFC Life Insurance, Max Financial Services, Power Grid, and others on May 2? The benchmark indices remained rangebound for another s",2025-05-02,-1,False,labor,"candlestick, resistance",Low ESG relevance or finance-only context,2026-10-04
BHARTIARTL,Bharti Airtel,"Markets fall for 5th day: Sensex plunges 1,000 pts, Nifty below 23,100; Rs 9 lakh crore m-cap wiped out The market bloodbath continued for the fifth straight session as Sensex and Nifty 50 plunged 1.5",2025-02-11,-4,False,,"support level, q3 results, nifty, sensex",Low ESG relevance or finance-only context,2026-10-04
BHARTIARTL,Bharti Airtel,"Bulk deals: Promoter entity Indian Continent Investment sells shares worth Rs 11,227 crore in Bharti Airtel Promoter entity Indian Continent Investment has sold nearly a percent stake worth more than ",2025-08-08,0,False,,,Low ESG relevance or finance-only context,2026-10-04
BHARTIARTL,Bharti Airtel,"Sensex falls 800 pts, goes below 80k, Nifty at 24,400: Tariff jitters among key factors behind market fall The equity benchmark indices Sensex and Nifty gave up previous session’s gains to settle 1 pe",2025-08-08,-4,False,,"intraday, resistance, nifty, sensex",Low ESG relevance or finance-only context,2026-10-04
BHARTIARTL,Bharti Airtel,"Vodafone Idea troubles to persist despite 4G gains; Airtel to see modest Q4 growth Vodafone Idea’s March quarter revenue is expected to decline sequentially as it continues to lose subscribers, even a",2025-04-11,-1,False,,brokerage,Low ESG relevance or finance-only context,2026-10-04
BHARTIARTL,Bharti Airtel,"Vodafone Idea is a 'high-risk buy', shares can rally 67% to Rs 12: Citi Research Beleaguered telecom operator Vodafone Idea saw its shares rally nearly four percent in the early session on April 15, a",2025-04-15,-2,False,,"target price, brokerage",Low ESG relevance or finance-only context,2026-10-04
BHARTIARTL,Bharti Airtel,"Nifty, Sensex trade flat, as investors cautious amid tariff tremors; IT, auto stocks tumble Indian equity markets saw a muted start on April 16, capping a strong two-day rally, as tariff jitters conti",2025-04-16,-3,False,environment,"intraday, resistance, nifty, sensex",Low ESG relevance or finance-only context,2026-10-04
BHARTIARTL,Bharti Airtel,"Sensex plunges 1,400 pts, Nifty ends below 22,150 on fresh tariff concerns; markets lose Rs 8.8 lakh crore in m-cap Sensex and Nifty tumbled almost 2 percent on February 28, caught in a wave of broad-",2025-02-28,-2,False,,"nifty, sensex",Low ESG relevance or finance-only context,2026-10-04
BHARTIARTL,Bharti Airtel,"UBS downgrades Vodafone, Airtel on expensive valuations, shares tumble 3% Telecom players Vodafone Idea Ltd and Bharti Airtel Ltd shares sank over two percent on Friday, July 11, after international b",2025-07-11,-2,False,,"brokerage, intraday",Low ESG relevance or finance-only context,2026-10-04
BHARTIARTL,Bharti Airtel,"Indus Towers poised for gains as govt eases Voda Idea's financial burden Tower infrastructure firm Indus Towers stands to gain the most from Vodafone Idea’s improved cash flow, following the governmen",2025-04-03,-1,False,,brokerage,Low ESG relevance or finance-only context,2026-10-04
BHARTIARTL,Bharti Airtel,"Sagility India, Belrise Industries, Adani Energy added to Jefferies' model India portfolio In a market that is trading close to its peak, despite poor earnings, geopolitical tensions, and an unstable ",2025-07-11,-1,False,,brokerage,Low ESG relevance or finance-only context,2026-10-04
BHARTIARTL,Bharti Airtel,"Trade Spotlight: How should you trade Bharat Dynamics, Cochin Shipyard, Max Financial Services, Alkem Labs, Bharti Airtel, and others on April 30? The market entered into a consolidation phase after r",2025-04-30,0,False,"sustainable, labor","stock price, support level",Low ESG relevance or finance-only context,2026-10-04
BHARTIARTL,Bharti Airtel,"Reduce Indus Tower: target of Rs 350: ICICI Securities ICICI Securities's research report on Indus Tower  Indus Towers’ (Indus) Q4FY25 performance was good led by: 1) excluding acquisition, tenancy ad",2025-05-05,0,False,,,Low ESG relevance or finance-only context,2026-10-04
BHARTIARTL,Bharti Airtel,"Indus Towers to Announce Q1 FY26 Results on July 30, 2025   Indus Towers Limited, a major passive telecom infrastructure provider in India, will announce its financial results for the first quarter en",2025-07-24,0,False,,,Low ESG relevance or finance-only context,2026-10-04
BHARTIARTL,Bharti Airtel,"Vodafone Idea pushes for tariff hikes, says engaging with lenders for debt funding Vodafone Idea CEO Akshaya Moondra said the company is actively engaged with lenders to secure critical debt financing",2025-06-02,0,False,,,Low ESG relevance or finance-only context,2026-10-04
BHARTIARTL,Bharti Airtel,Neutral Indus Towers; target of Rs 395: Motilal Oswal Motilal Oswal's research report on Indus Towers  Indus Towers (Indus)’ 4QFY25 reported financials were impacted by several one-offs on account of ,2025-05-02,0,False,,,Low ESG relevance or finance-only context,2026-10-04
BHARTIARTL,Bharti Airtel,"Jefferies flags valuation risks, adds TVS Motor, Home First Finance, Manappuram to India portfolio Domestic equities have rallied since the lows recorded in April, leading Jefferies’ Global Head of Eq",2025-06-20,-2,False,,"brokerage, nifty",Low ESG relevance or finance-only context,2026-10-04
BHARTIARTL,Bharti Airtel,"Chartist Talks: SBI Sec’s Sudeep Shah bullish on 4 stocks, but signals avoid for telecom stock, sees this bank at overbought zone after 81% rally Sudeep Shah of SBI Securities is bullish on EID Parry ",2025-07-13,-2,False,,"resistance, nifty",Low ESG relevance or finance-only context,2026-10-04
REDINGTON,Redington,"Small and midcap indices down for a second day over tariff threat and earnings Small and midcap shares were under selling pressure on August 6, weighing down the broader market indices for a second da",2025-08-06,0,False,sustainable,nifty,Low ESG relevance or finance-only context,2026-10-04
REDINGTON,Redington,"Trade Spotlight: How should you trade Bajaj Finserv, Muthoot Finance, SBI Card, UPL, Cholamandalam Investment, Redington, and others on February 14? Bulls seem to be getting no chance to take control ",2025-02-13,-3,False,environment,"candlestick, resistance, support level, trading volume",Low ESG relevance or finance-only context,2026-10-04
REDINGTON,Redington,"Taking Stock: Market snaps 4-day gain; Nifty manages to close above 25,500 Indian equity indices started the week on a weak footing as the benchmarks snapped a four-day gaining streak, dragging Nifty ",2025-06-30,-6,False,,"intraday, candlestick, resistance, support level, nifty, sensex",Low ESG relevance or finance-only context,2026-10-04
REDINGTON,Redington,"Trade Spotlight: How should you trade Voltas, Sonata Software, Piramal Enterprises, Tata Motors, Redington, Coromandel, Eternal and others on July 15? Indian equity benchmarks fell a third of a percen",2025-07-14,-3,False,,"candlestick, resistance, nifty",Low ESG relevance or finance-only context,2026-10-04
REDINGTON,Redington,"Stocks to Watch Today: Power Grid, Bharat Electronics, DLF, Rail Vikas Nigam, HFCL, Shyam Metalics, ACME Solar, Borosil, Petronet LNG in focus on 20 May Let's catch up on the latest news from the stoc",2025-05-20,0,False,,,Low ESG relevance or finance-only context,2026-10-04
MAZDOCK,Mazagon Dock Shipbuilders,"Defence stocks soar up to 10% amid muted market, index extends gains for sixth session; what lies ahead? The shares of several defence stocks surged significantly on May 28, pushing the Nifty India De",2025-05-28,-3,False,,"share price, q4 results, nifty",Low ESG relevance or finance-only context,2026-10-04
MAZDOCK,Mazagon Dock Shipbuilders,"Defence stocks see profit booking for 3rd day; BDL, Data Patterns, HAL, others fall up to 5% The shares of defence companies recorded significant losses on July 18, as investors may have continued to ",2025-07-18,-2,False,,"share price, nifty",Low ESG relevance or finance-only context,2026-10-04
MAZDOCK,Mazagon Dock Shipbuilders,"Trade Spotlight: How should you trade Mazagon Dock, Coforge, Hindustan Aeronautics, Bajaj Finserv, Lupin, and others on March 27? The market saw profit booking on March 26, with the benchmark indices ",2025-03-27,0,False,,,Low ESG relevance or finance-only context,2026-10-04
MAZDOCK,Mazagon Dock Shipbuilders,"Bharat Electronics shares hit record high on Rs 2,323-crore order wins from Mazagon Dock, GRSE The shares of Bharat Electronics (BEL) made decent gains in the last trading hour of June 5 to hit a 52-w",2025-06-05,0,False,,,Low ESG relevance or finance-only context,2026-10-04
MAZDOCK,Mazagon Dock Shipbuilders,"Defence rally riding on structural tailwinds, not just conflict sentiment, say analysts India’s defence sector rally is being driven more by long-term structural tailwinds than short-term war sentimen",2025-06-18,-1,False,,nifty,Low ESG relevance or finance-only context,2026-10-04
MAZDOCK,Mazagon Dock Shipbuilders,"Richly-valued defence stocks extend selloff led by shipyard firms, Paras Defence promoters trim stake Defence-related stocks saw a significant fall on May 20, extending losses for a second consecutive",2025-05-20,-2,False,,"share price, nifty",Low ESG relevance or finance-only context,2026-10-04
MAZDOCK,Mazagon Dock Shipbuilders,"BDL, Mazagon Dock shares drop 2% as high valuations put pressure on defence stocks post- short-term rally The shares of Bharat Dynamics (BDL) and Mazagon Dock Shipbuilders dropped around 2 percent eac",2025-06-16,-1,False,,nifty,Low ESG relevance or finance-only context,2026-10-04
MAZDOCK,Mazagon Dock Shipbuilders,"Small and midcap indices down for a second day over tariff threat and earnings Small and midcap shares were under selling pressure on August 6, weighing down the broader market indices for a second da",2025-08-06,0,False,sustainable,nifty,Low ESG relevance or finance-only context,2026-10-04
MAZDOCK,Mazagon Dock Shipbuilders,"Defence stocks extend losses to 2nd day as Israel-Iran ceasefire weighs; Paras Defence, GRSE, BEL down up to 4% Defence stocks recorded strong losses on June 25, as the possible ceasefire between Iran",2025-06-25,-2,False,,"share price, nifty",Low ESG relevance or finance-only context,2026-10-04
MAZDOCK,Mazagon Dock Shipbuilders,"Trade Spotlight: How should you trade Mazagon Dock, United Spirits, Adani Energy Solutions, Paytm, Glenmark Pharma, and others on March 28? The benchmark indices bounced back on March 27, with the Nif",2025-03-27,-2,False,green energy,"resistance, trading volume, nifty",Low ESG relevance or finance-only context,2026-10-04
MAZDOCK,Mazagon Dock Shipbuilders,"Defence shares extend gains for 2nd day amid rising geopolitical tensions; Cochin Shipyard, BEML, others rally up to 5% Defence stocks made significant gains on June 3, pushing the Nifty India Defence",2025-06-03,-2,False,,"nifty, sensex",Low ESG relevance or finance-only context,2026-10-04
MAZDOCK,Mazagon Dock Shipbuilders,"Chartist Talks: Ashish Kyal picks 2 stocks for next week, sees pullback in Nifty but unlikely to sustain After recording the biggest single-day loss in the current year on February 28 and the largest ",2025-03-02,-1,False,,nifty,Low ESG relevance or finance-only context,2026-10-04
MAZDOCK,Mazagon Dock Shipbuilders,"Defence stocks surge up to 5%, index snaps two-day losing streak; BEL, Solar Industries among top gainers Defence stocks recorded significant gains on May 21, pushing the Nifty India Defence index hig",2025-05-21,-3,False,,"brokerage, nifty, sensex",Low ESG relevance or finance-only context,2026-10-04
MAZDOCK,Mazagon Dock Shipbuilders,"BEL, BDL, HAL, other defence shares gain for 4th day: Here are likely triggers for the rally Shares of domestic defence companies extended gains for the fourth consecutive session on Tuesay, with Bhar",2025-07-01,-2,False,,"intraday, nifty",Low ESG relevance or finance-only context,2026-10-04
MAZDOCK,Mazagon Dock Shipbuilders,"Defence stocks surge as Israel-Iran war escalates; GRSE, BDL, BEL others jump up to 5% Defence stocks significantly surged on June 13 as the war between Israel and Iran continued to escalated, fueling",2025-06-13,-3,False,,"share price, stock price, nifty",Low ESG relevance or finance-only context,2026-10-04
MAZDOCK,Mazagon Dock Shipbuilders,"Defence stocks GRSE, Cochin Shipyard, others rise for a third day as Op Sindoor ruboff extends on orderbook hopes Defence stocks extended gains despite an overall muted market sentiment on June 4, ris",2025-06-04,0,False,climate,nifty,Low ESG relevance or finance-only context,2026-10-04
MAZDOCK,Mazagon Dock Shipbuilders,"Defence stocks in focus: All you need to know about HAL, BEL, Bharat Forge and others The Nifty India Defence Index is sharply higher by 2.5 percent on May 9, with sizeable gains in shares of missiles",2025-05-09,-1,False,climate,"stock price, nifty",Low ESG relevance or finance-only context,2026-10-04
MAZDOCK,Mazagon Dock Shipbuilders,"Defence stocks extend gains for a third session on orderbook hopes after PM Modi applauds 'Make in India' push Defence stocks extended their record run on May 26, pushing the Nifty India Defence index",2025-05-26,-1,False,,nifty,Low ESG relevance or finance-only context,2026-10-04
MAZDOCK,Mazagon Dock Shipbuilders,"Bharat Dynamics, GRSE, HAL, other defence stocks decline up to 3%: Here are the likely triggers Defence stocks tumbled in trade today, buoyed by several factors. The sharp fall in the share prices pus",2025-07-10,-4,False,,"share price, target price, brokerage, nifty",Low ESG relevance or finance-only context,2026-10-04
MAZDOCK,Mazagon Dock Shipbuilders,"Defence stocks on fire, led by GRSE and other shipyards, defying valuation worries Key defence stocks surged up to 11 percent on May 22, bucking the overall downturn in equity markets, powering the Ni",2025-05-22,-1,False,,nifty,Low ESG relevance or finance-only context,2026-10-04
MAZDOCK,Mazagon Dock Shipbuilders,"Midcap, smallcap indices rise over 1% from day's low despite weakness in benchmarks: Zen Tech, Polycab among top gainers The shares of smallcap and midcap companies recovered sharply on June 23, pushi",2025-06-23,-2,False,safety,"stock price, intraday, nifty",Low ESG relevance or finance-only context,2026-10-04
MAZDOCK,Mazagon Dock Shipbuilders,"Defence shares surge on India's resolute response to border escalation, DMGO's assurance of preparedness A wide range of defence-related shares posted strong gains on May 12, racing ahead of the bench",2025-05-12,-1,False,environment,"nifty, sensex",Low ESG relevance or finance-only context,2026-10-04
MAZDOCK,Mazagon Dock Shipbuilders,"Defence stocks extend losses to third day on profit-booking; GRSE, Cochin Shipyard, BDL fall up to 4% The shares of defence companies dropped in trade on July 14 as investors continued to book profits",2025-07-14,-2,False,,"share price, nifty",Low ESG relevance or finance-only context,2026-10-04
MAZDOCK,Mazagon Dock Shipbuilders,"Defence stocks rally after US strikes Iran; GRSE, BEL, others jump up to 6% The shares of defence companies surged on June 23 after US launched strikes at key nuclear facilities in Iran, which increas",2025-06-23,-3,False,,"share price, nifty, sensex",Low ESG relevance or finance-only context,2026-10-04
MAZDOCK,Mazagon Dock Shipbuilders,"Stocks to Watch Today: HUL, Coal India, Gandhar Oil Refinery, Nureca, Paytm, HG Infra, Tata Power, Anant Raj in focus on 22 April Let's catch up on the latest news from the stock market. From signific",2025-04-22,0,False,renewable,brokerage,Low ESG relevance or finance-only context,2026-10-04
MAZDOCK,Mazagon Dock Shipbuilders,"BDL, BEL, HAL, other defence stocks soar up to 11% after PM Modi calls for 'Made in India' defence equipment The shares of defence companies surged on May 13 after Prime Minister Narendra Modi called ",2025-05-13,-1,False,environment,"share price, nifty",Low ESG relevance or finance-only context,2026-10-04
MAZDOCK,Mazagon Dock Shipbuilders,"Defence shares fall up to 6% on muted Mazagon Dock, Paras Defence Q1 results, extend decline to 5th day The shares of defence companies recorded significant decline on July 29, as muted quarterly earn",2025-07-29,-3,False,,"share price, q1 results, nifty",Low ESG relevance or finance-only context,2026-10-04
MAZDOCK,Mazagon Dock Shipbuilders,"Stocks to Watch Today: HCLTech, Tata Tech, Rallis India, Power Mech Projects, RailTel, Sun Pharma, Deepak Fertilisers, Oberoi Realty in focus on 15 July Let's catch up on the latest news from the stoc",2025-07-15,0,False,,,Low ESG relevance or finance-only context,2026-10-04
MAZDOCK,Mazagon Dock Shipbuilders,"Paras Defence, BEML, BDL, other defence stocks rally up to 9% after DAC clears Rs 1.05-lakh crore defence purchases Defence stocks saw a significant surge on July 4 after the Defence Acquisition Counc",2025-07-04,-2,False,,"share price, nifty",Low ESG relevance or finance-only context,2026-10-04
MAZDOCK,Mazagon Dock Shipbuilders,"Defence stocks tumble up to 6% on weak earnings, profit booking: Mazagon Dock, BDL, Paras Defence among top losers The shares of defence companies dropped sharply in trade on August 8, pushing the Nif",2025-08-08,-1,False,,nifty,Low ESG relevance or finance-only context,2026-10-04
MAZDOCK,Mazagon Dock Shipbuilders,"Broader markets shine as small and midcap indices surge 3% on hopes of tariff reprieve, sustained inflows Broader market shares moved in tandem with the benchmark Sensex and Nifty on April 15, with th",2025-04-15,-5,False,,"intraday, resistance, q4 results, nifty, sensex",Low ESG relevance or finance-only context,2026-10-04
MAZDOCK,Mazagon Dock Shipbuilders,"Trade Spotlight: How should you trade Kaynes Technology, Jindal Stainless, Hero MotoCorp, CCL Products, Grasim Industries and others on August 5? The benchmark indices snapped a two-day losing streak,",2025-08-05,-4,False,,"candlestick, resistance, support level, nifty",Low ESG relevance or finance-only context,2026-10-04
MAZDOCK,Mazagon Dock Shipbuilders,"Trade Spotlight: How should you trade Mazagon Dock, Waaree Energies, Glenmark Pharma, Quess Corp, HPCL, and others on March 24? The benchmark indices maintained their upward journey for the fifth cons",2025-03-24,-3,False,,"candlestick, resistance, support level",Low ESG relevance or finance-only context,2026-10-04
MAZDOCK,Mazagon Dock Shipbuilders,"Small, midcap indices hold firm as Nifty, Sensex cool off in search of next triggers The broader market indices bucked the trend on May 13, holding firm on a day when benchmark indices were under sell",2025-05-13,-2,False,,"nifty, sensex",Low ESG relevance or finance-only context,2026-10-04
MAZDOCK,Mazagon Dock Shipbuilders,"Trade Spotlight: How should you trade IndiGo, Asian Paints, Waaree Energies, Jindal Stainless, CSB Bank, Bajaj Finance and others on August 7? The benchmark indices remained under pressure for the sec",2025-08-07,-3,False,,"resistance, support level, nifty",Low ESG relevance or finance-only context,2026-10-04
MAZDOCK,Mazagon Dock Shipbuilders,"Chartist Talks: Ashish Kyal bets on these 2 stocks as Nifty seems to be moving toward 25,000 According to Ashish Kyal of Waves Strategy Advisors, overall Nifty outlook remains positive for a move even",2025-05-01,-2,False,,"resistance, nifty",Low ESG relevance or finance-only context,2026-10-04
MAZDOCK,Mazagon Dock Shipbuilders,"Mazagon Dock Shipbuilders shares fall 2.15%, among top midcap losers in early trade today Shares of Mazagon Dock Shipbuilders declined 2.15% to Rs 3,192.70 in Friday's early trading session. This decl",2025-07-11,-1,False,,nifty,Low ESG relevance or finance-only context,2026-10-04
MAZDOCK,Mazagon Dock Shipbuilders,Mazagon Dock shares jump 2% on Rs 452-crore acquisition of Sri Lanka's Colombo Dockyard The shares of Mazagon Dock Shipbuilders dropped over 2 percent on June 30 as investors cheered news around the d,2025-06-30,-1,False,,share price,Low ESG relevance or finance-only context,2026-10-04
MAZDOCK,Mazagon Dock Shipbuilders,"GRSE, BDL, Mazagon Dock fall up to 5% amid profit-booking; Nifty defence among top sectoral losers Shares of defence companies including Garden Reach Shipbuilders &amp;amp; Engineers (GRSE), Bharat Dy",2025-06-11,-1,False,,nifty,Low ESG relevance or finance-only context,2026-10-04
MAZDOCK,Mazagon Dock Shipbuilders,"Data Patterns, Cochin Shipyard, Zen Technologies shares see profit booking after tearaway rally in last one month Data Patterns, Cochin Shipyard, Zen Technologies shares fell up to 3.6% after optimism",2025-06-09,-2,False,,"share price, nifty",Low ESG relevance or finance-only context,2026-10-04
MAZDOCK,Mazagon Dock Shipbuilders,"Mazagon Dock Consolidated June 2025 Net Sales at Rs 2,625.59 crore, up 11.39% Y-o-Y Reported Consolidated quarterly numbers for Mazagon Dock Shipbuilders are:    Net Sales at Rs 2,625.59 crore in June",2025-07-29,0,False,,,Low ESG relevance or finance-only context,2026-10-04
MAZDOCK,Mazagon Dock Shipbuilders,Mazagon Dock Shipbuilders shares fall 5.71% during today's session     Shares of Mazagon Dock Shipbuilders declined by 5.71% to reach Rs 3537.00 during today's trading session. The stock is listed on ,2025-05-30,-1,False,,nifty,Low ESG relevance or finance-only context,2026-10-04
MAZDOCK,Mazagon Dock Shipbuilders,"MSCI August rejig: Swiggy, Mazagon Dock among likely additions, $850 million inflows seen Swiggy Ltd, Mazagon Dock Shipbuilders Ltd, Hitachi Energy India Ltd, and Waaree Energies Ltd are four firms th",2025-06-17,-1,False,inclusion,"share price, brokerage",Low ESG relevance or finance-only context,2026-10-04
MAZDOCK,Mazagon Dock Shipbuilders,"Mazagon Dock Shipbuilders shares rise 2.70% Mazagon Dock Shipbuilders' stock price experienced a rise of 2.70%, reaching Rs 2,708.00 in Monday's session. At 10:25 am, the stock demonstrated positive m",2025-08-11,-2,False,,"stock price, nifty",Low ESG relevance or finance-only context,2026-10-04
MAZDOCK,Mazagon Dock Shipbuilders,"Mazagon Dock Standalone March 2025 Net Sales at Rs 3,174.41 crore, up 2.28% Y-o-Y Reported Standalone quarterly numbers for Mazagon Dock Shipbuilders are:    Net Sales at Rs 3,174.41 crore in March 20",2025-05-30,0,False,,,Low ESG relevance or finance-only context,2026-10-04
MAZDOCK,Mazagon Dock Shipbuilders,"Defence shares fall for 4th time in 5 sessions amid profit booking; Mazagon Dock, GRSE, others fall up to 3% Defence shares faced selling pressure for the fourth time out of five days as profit bookin",2025-06-12,0,False,,,Low ESG relevance or finance-only context,2026-10-04
MAZDOCK,Mazagon Dock Shipbuilders,"Mazagon Dock Standalone June 2025 Net Sales at Rs 2,625.59 crore, up 11.39% Y-o-Y Reported Standalone quarterly numbers for Mazagon Dock Shipbuilders are:    Net Sales at Rs 2,625.59 crore in June 202",2025-07-29,0,False,,,Low ESG relevance or finance-only context,2026-10-04
MAZDOCK,Mazagon Dock Shipbuilders,"Smallcap, midcap stocks rise up to 15%, broader market indices extend gains for second day; check top gainers The shares of several smallcap and midcap companies strongly surged on May 26, pushing the",2025-05-26,-3,False,,"share price, nifty, sensex",Low ESG relevance or finance-only context,2026-10-04
MAZDOCK,Mazagon Dock Shipbuilders,"Small and midcap indices snap multi-session gaining streak as stocks fall on profit booking The small and midcap indices sharply fell in the second half of the trading session on June 11, likely on pr",2025-06-11,0,False,sustainable,nifty,Low ESG relevance or finance-only context,2026-10-04
MAZDOCK,Mazagon Dock Shipbuilders,"Defence stocks rebound on escalating Israel-Iran conflict; Paras Defence, Mazagon Dock, BDL rise up to 4% Shares of Indian defence companies rebounded on Thursday as escalating tensions between Israel",2025-06-19,-1,False,water,"intraday, nifty",Low ESG relevance or finance-only context,2026-10-04
MAZDOCK,Mazagon Dock Shipbuilders,"HAL, Cochin Shipyard recover from day's low post defence secretary's comment Shares of Hindustan Aeronautics, Cochin Shipyard among other defence stocks recouped their morning losses as Defence Secret",2025-07-07,-2,False,,"intraday, nifty",Low ESG relevance or finance-only context,2026-10-04
MAZDOCK,Mazagon Dock Shipbuilders,"Small, midcap indices extend gains for a sixth session on continued buying The shares of small and midcap companies saw continued buying on March 24, pushing broader market indices higher for a sixth ",2025-03-24,-3,False,,"share price, nifty, sensex",Low ESG relevance or finance-only context,2026-10-04
MAZDOCK,Mazagon Dock Shipbuilders,"Mazagon Dock Shipbuilders Shares Surge by 2.10% in Today's Trading Session During today's trading session, shares of Mazagon Dock Shipbuilders experienced a notable increase of 2.10%, reaching a price",2025-06-17,-1,False,inclusion,"stock price, nifty",Low ESG relevance or finance-only context,2026-10-04
MAZDOCK,Mazagon Dock Shipbuilders,"Mazagon Dock Q1 Results: Net profit falls 35% to Rs 452 crore, revenue rises 11% Mazagon Dock Shipbuilders on July 28 reported a net profit of Rs 452 crore for the first quarter of the financial year ",2025-07-28,-1,False,,q1 results,Low ESG relevance or finance-only context,2026-10-04
MAZDOCK,Mazagon Dock Shipbuilders,"Mazagon Dock Shipbuilders shares fall 2.57% in early trade Shares of Mazagon Dock Shipbuilders declined by 2.57% to Rs 3,093.00 in early trade on Monday. The stock is currently trading on the Nifty Mi",2025-07-14,-1,False,,nifty,Low ESG relevance or finance-only context,2026-10-04
MAZDOCK,Mazagon Dock Shipbuilders,"Data Patterns, Mazagon Dock, other defence shares rise up to 4.5% after three-session fall: Here are 5 key reasons The shares of defence companies recorded strong gains on August 11. The sharp rise in",2025-08-11,-1,False,water,"share price, nifty",Low ESG relevance or finance-only context,2026-10-04
MAZDOCK,Mazagon Dock Shipbuilders,"Defence shares rise for 6th session; BEL, Cochin Shipyard, Mazagon, others surge up to 15% Defence sector stocks rose sharply for the sixth consecutive session on Friday, with Cochin Shipyard, Mazagon",2025-05-16,-3,False,,"brokerage, intraday, nifty",Low ESG relevance or finance-only context,2026-10-04
MAZDOCK,Mazagon Dock Shipbuilders,"Defence shares fall for 4th day amid profit booking, Paras Defence's weak Q1 results; all eyes on BEL, MDL June qtr numbers Defence shares continued to decline for fourth straight day on July 28 amid ",2025-07-28,-2,False,,"q1 results, nifty",Low ESG relevance or finance-only context,2026-10-04
MAZDOCK,Mazagon Dock Shipbuilders,"Paras Defence, BEL, other defence stocks extend gains for 2nd day, surge up to 14% ahead of Cabinet meet tomorrow Shares of defence-related companies rallied for the second straight session on Tuesday",2025-04-29,-1,False,violation,"intraday, nifty",Low ESG relevance or finance-only context,2026-10-04
MAZDOCK,Mazagon Dock Shipbuilders,"Q1 Results impact: Mazagon Dock shares plunge 5%; Paradeep Phosphates, Waaree Energies rally up to 14% The shares of Mazagon Dock Shipbuilders plunged more than 5 percent on July 29 after the company'",2025-07-29,-2,False,,"intraday, q1 results",Low ESG relevance or finance-only context,2026-10-04
MAZDOCK,Mazagon Dock Shipbuilders,"Mazagon Dock Shipbuilders shares fall 2.01% in morning trade Shares of Mazagon Dock Shipbuilders declined by 2.01% to Rs 2,729.10 in Friday's session on the NSE. Mazagon Dock Shipbuilders has demonstr",2025-08-08,0,False,,,Low ESG relevance or finance-only context,2026-10-04
MAZDOCK,Mazagon Dock Shipbuilders,"GRSE, HAL, Bharat Dynamics extend gains as Germany boosts defence spending Shares of defence companies surged on Thursday, extending their recent rally, after German lawmakers approved a significant i",2025-03-20,-3,False,,"intraday, nifty, sensex",Low ESG relevance or finance-only context,2026-10-04
MAZDOCK,Mazagon Dock Shipbuilders,"Small, midcap indices outperform benchmarks to extend gains for a third session: These are the top gainers Rally in select small and midcap shares on May 14 pushed the broader market indices into the ",2025-05-14,-4,False,,"share price, q4 results, nifty, sensex",Low ESG relevance or finance-only context,2026-10-04
MAZDOCK,Mazagon Dock Shipbuilders,"Defence stocks snap 2-day rally to fall more than 2% on Israel-Iran ceasefire; BEML, GRSE decline up to 7% Shares of defence companies fell sharply on June 24, snapping a two-day rally, as easing geop",2025-06-24,-2,False,sustainable,"intraday, nifty, sensex",Low ESG relevance or finance-only context,2026-10-04
MAZDOCK,Mazagon Dock Shipbuilders,"Trade Spotlight: How should you trade Bandhan Bank, Jubilant Foodworks, Torrent Power, SBI, Kirloskar Oil Engines, and others on April 4? The benchmark indices closed off the day's low amid rangebound",2025-04-04,-3,False,,"candlestick, resistance, support level",Low ESG relevance or finance-only context,2026-10-04
MAZDOCK,Mazagon Dock Shipbuilders,Listed defence shipyards’ order-book to grow by nearly 3x in next two years: Antique Broking The Indian-listed defence shipyards sector could see nearly a 3x increase in order inflows by FY2026–2027 o,2025-05-13,-2,False,,"target price, brokerage",Low ESG relevance or finance-only context,2026-10-04
MAZDOCK,Mazagon Dock Shipbuilders,"Mazagon Dock Shipbuilders Shares Decline by 2.10% in Today's Trading Session During today's trading session, Mazagon Dock Shipbuilders shares experienced a decline of 2.10%, trading at Rs 3,133.10. Th",2025-06-16,-1,False,,nifty,Low ESG relevance or finance-only context,2026-10-04
MAZDOCK,Mazagon Dock Shipbuilders,"Mazagon Dock Shipbuilders shares fall 2.08% in morning trade Shares of Mazagon Dock Shipbuilders declined by 2.08% to trade at Rs 2,898.00 in Friday's session. At 10:50 am, the stock experienced this ",2025-07-25,-1,False,,nifty,Low ESG relevance or finance-only context,2026-10-04
MAZDOCK,Mazagon Dock Shipbuilders,"Mazagon Dock Shipbuilders shares fall 4.79% in early trade; stock among top losers on Nifty Midcap 150 Shares of Mazagon Dock Shipbuilders declined 4.79% to Rs 2,656.30 in early trade on Tuesday. The ",2025-07-29,-1,False,,nifty,Low ESG relevance or finance-only context,2026-10-04
MAZDOCK,Mazagon Dock Shipbuilders,"Mazagon Dock Shipbuilders shares fall 2% in Friday's trading session Shares of Mazagon Dock Shipbuilders declined by 2% to trade at Rs 2,987 in Friday's session. The stock is part of the NIFTY MIDCAP ",2025-07-18,-1,False,,nifty,Low ESG relevance or finance-only context,2026-10-04
MAZDOCK,Mazagon Dock Shipbuilders,"Mid, smallcap indices extend rally for 5th day, outperform benchmarks; Cochin Shipyard, Titagarh rise up to 15% The mid- and small-cap indices continued their strong upward momentum for the fifth stra",2025-05-16,-3,False,,"brokerage, intraday, nifty",Low ESG relevance or finance-only context,2026-10-04
MAZDOCK,Mazagon Dock Shipbuilders,"Mazagon Dock Shipbuilders stock tumbles 7% as Q4 net profit sinks 51% Defence player Mazagon Dock Shipbuilders Ltd shares cracked over seven percent in trade on Friday, May 30, after the publically ow",2025-05-30,0,False,water,nifty,Low ESG relevance or finance-only context,2026-10-04
MAZDOCK,Mazagon Dock Shipbuilders,"Mazagon Dock Shipbuilders stock declines 2% during today's session     Mazagon Dock Shipbuilders shares experienced a downturn during today's session, declining by 2.04% to a price of Rs 3246.90. The ",2025-06-12,-1,False,,nifty,Low ESG relevance or finance-only context,2026-10-04
MAZDOCK,Mazagon Dock Shipbuilders,"Mazagon Dock, BDL, other defence stocks rally up to 5% as Israel-Iran war enters 5th day: What lies ahead? Defence stocks gained traction on June 17 as the war between Israel and Iran entered its fift",2025-06-17,-1,False,waste,"share price, nifty",Low ESG relevance or finance-only context,2026-10-04
TITAN,Titan Company,"Chartist Talks: SBI Securities' Sudeep Shah advises caution, picks these 2 bluechips Amid ongoing geopolitical tension between India and Pakistan, according to Sudeep Shah of SBI Securities, the histo",2025-05-11,0,False,environment,nifty,Low ESG relevance or finance-only context,2026-10-04
TITAN,Titan Company,"Consumption to rebound in FY26 on tax boost, income stimulus; upgrade HUL, ITC: UBS The consumer sector seems poised for a rebound, noted international brokerage UBS, as several factors are aligning f",2025-04-22,-3,False,,"target price, brokerage, nifty",Low ESG relevance or finance-only context,2026-10-04
TITAN,Titan Company,"BPCL, Indigo Paints, Apollo Tyres, other crude-sensitive stocks fall up to 2% as oil prices climb Crude-sensitive stocks tumbled on June 3 as oil prices significantly increased amid rising global unce",2025-06-03,0,False,,,Low ESG relevance or finance-only context,2026-10-04
TITAN,Titan Company,Buy Titan Company; target of Rs 4155: Sharekhan Sharekhan's research report on Titan Company  Titan Company’s (Titan’s) Q4FY25 performance was good with consolidated revenues (ex-bullion sales) growin,2025-05-16,0,False,,,Low ESG relevance or finance-only context,2026-10-04
TITAN,Titan Company,"Trade Spotlight: How should you trade Titan, Crompton Greaves Consumer, EID Parry, TVS Motor, Birlasoft, Newgen Software, and others on June 26? The benchmark indices extended their northward journey ",2025-06-26,-1,False,,nifty,Low ESG relevance or finance-only context,2026-10-04
TITAN,Titan Company,"Paints, tyre stocks see selling pressure as crude oil spikes amid Middle East tension Shares of firms that rely on crude derivatives for manufacturing, such as paints and tyre companies, took a beatin",2025-06-23,0,False,,,Low ESG relevance or finance-only context,2026-10-04
TITAN,Titan Company,"Titan Q1 Preview: Soaring gold prices likely to impact demand, dent margins Rakesh Jhunjhunwala’s biggest bet Titan Company is set to report its earnings for the first quarter of the fiscal year 2026 ",2025-08-06,-1,False,,brokerage,Low ESG relevance or finance-only context,2026-10-04
TITAN,Titan Company,"Sensex settles nearly 600 pts lower, Nifty below 24,700: FII selling, rising India VIX among key factors behind market fall The equity benchmark indices Sensex and Nifty declined for the third day on ",2025-07-28,-4,False,,"intraday, resistance, nifty, sensex",Low ESG relevance or finance-only context,2026-10-04
TITAN,Titan Company,"Stocks to Watch Today: Titan, Bajaj Finance, PNB Housing, Oberoi Realty, Havells, 360 One WAM, Arisinfra, BL Kashyap, Afcons Infra in focus on 22 July Let's catch up on the latest news from the stock ",2025-07-22,0,False,,,Low ESG relevance or finance-only context,2026-10-04
TITAN,Titan Company,"Titan says MD Venkataraman to retire by year-end, Ajoy Chawla announced as his successor Titan Company on May 8 announced that Ajoy Chawla, the CEO of its jewellery division, will take over as the Man",2025-05-08,-2,False,,"brokerage, q4 results",Low ESG relevance or finance-only context,2026-10-04
TITAN,Titan Company,"Sensex jumps 550 pts from day's low, Nifty above 22,650: Decline in oil prices among key factors behind market rally Sensex and Nifty witnessed an uptrend on Monday morning, following firm trends in A",2025-03-10,-5,False,,"intraday, candlestick, support level, nifty, sensex",Low ESG relevance or finance-only context,2026-10-04
TITAN,Titan Company,"Titan Company Q4 Preview: Rising gold prices impact demand, single-digit profit growth seen Rakesh Jhunjhunwala’s biggest bet Titan Company is set to report its earnings for the fourth quarter of the ",2025-05-07,-1,False,,brokerage,Low ESG relevance or finance-only context,2026-10-04
TITAN,Titan Company,"Titan to Acquire 67% Stake in Damas Jewellery for GCC Expansion     Titan Company, through its wholly-owned subsidiary Titan Holdings International FZCO, has signed an agreement to acquire a 67% stake",2025-07-21,0,False,,,Low ESG relevance or finance-only context,2026-10-04
TITAN,Titan Company,"Titan Company Standalone March 2025 Net Sales at Rs 13,477.00 crore, up 19.72% Y-o-Y Reported Standalone quarterly numbers for Titan Company are:    Net Sales at Rs 13,477.00 crore in March 2025 up 19",2025-05-08,0,False,,,Low ESG relevance or finance-only context,2026-10-04
TITAN,Titan Company,Buy Titan Company; target of Rs 4155: Sharekhan Sharekhan's research report on Titan Company  Titan Company’s (Titan’s) Q4FY25 performance was good with consolidated revenues (ex-bullion sales) growin,2025-05-19,0,False,,,Low ESG relevance or finance-only context,2026-10-04
TITAN,Titan Company,Titan to buy 67% stake in Dubai-based jewellery firm Damas for $283 million Titan Company has entered into an agreement to acquire 67 percent stake in Dubai-based jewellery firm Damas for $283.2 milli,2025-07-21,0,False,,,Low ESG relevance or finance-only context,2026-10-04
TITAN,Titan Company,"Buy Titan Company; target of Rs 4250: Motilal Oswal Motilal Oswal's research report on Titan Company  In FY25, Titan Company (TTAN) continued to post strong double-digit growth (18% YoY) despite high ",2025-07-21,0,False,,,Low ESG relevance or finance-only context,2026-10-04
TITAN,Titan Company,"Markets at 5-week high: Sensex soars 900 pts, Nifty above 23,200 on Fed boost; all sectors in green Benchmark equity indices surged over 1 percent on Thursday, with the Nifty reclaiming the crucial 23",2025-03-20,-4,False,,"intraday, resistance, nifty, sensex",Low ESG relevance or finance-only context,2026-10-04
TITAN,Titan Company,"Titan shares slip as Macquarie lowers price target, cuts estimates Titan shares faced selling pressure on March 4, sliding up to 2 percent after global brokerage Macquarie slashed its price target, ci",2025-03-04,-2,False,,"brokerage, nifty",Low ESG relevance or finance-only context,2026-10-04
TITAN,Titan Company,"Gems & Jewellery: Can the sector keep its sparkle amid Trump's tariff blitz The gems and jewellery sector finds itself caught in a cloud of uncertainty. Akshat Garg, AVP of Research at Choice Wealth h",2025-04-03,0,False,,,Low ESG relevance or finance-only context,2026-10-04
TITAN,Titan Company,"Titan in talks to acquire stake in West Asia’s Damas Jewellery: Report Titan Company, the watches and jewellery arm of the Tata Group, is in discussions with Qatar-based Mannai Corporation to acquire ",2025-02-18,0,False,,,Low ESG relevance or finance-only context,2026-10-04
TITAN,Titan Company,"Sensex jumps 500 pts, Nifty above 24,500: Sharp fall in crude, other key factors behind market rally The equity benchmark indices Sensex and Nifty surged in early trade on Monday amid sustained foreig",2025-05-05,-4,False,,"intraday, candlestick, nifty, sensex",Low ESG relevance or finance-only context,2026-10-04
TITAN,Titan Company,"Trade Spotlight: How should you trade Hindustan Aeronautics, InterGlobe Aviation, Welspun Corp, SBI Card, Gujarat Fluoro, JSW Steel, and others on March 21? The benchmark indices hit more than a five-",2025-03-21,-3,False,,"resistance, trading volume, nifty",Low ESG relevance or finance-only context,2026-10-04
TITAN,Titan Company,"RBI delivers 100 bps cut in CRR: 'This infusion of liquidity is a timely move,' say market experts RBI Governor Sanjay Malhotra on June 6 announced the outcome of the central bank's Monetary Policy Co",2025-06-06,0,False,environment,brokerage,Low ESG relevance or finance-only context,2026-10-04
TITAN,Titan Company,Buy Titan Company; target of Rs 3752: Prabhudas Lilladher Prabhudas Lilladher's research report on Titan Company  TTAN reported a robust 4Q led by 1) value growth leg by 30-40% higher gold prices 2) 3,2025-05-09,-1,False,,target price,Low ESG relevance or finance-only context,2026-10-04
TITAN,Titan Company,Rising oil prices could hurt the business of these sectors and stocks the most The threat of Iran closing the Strait of Hormuz - a critical chokepoint handling nearly 20% of global oil supply - has ca,2025-06-23,0,False,,,Low ESG relevance or finance-only context,2026-10-04
TITAN,Titan Company,Buy Titan Company; target of Rs 4000: Motilal Oswal Motilal Oswal's research report on Titan Company  Titan Company (TTAN) posted consolidated sales growth of 25% YoY in 3QFY25 (in line). Standalone j,2025-02-10,0,False,,,Low ESG relevance or finance-only context,2026-10-04
TITAN,Titan Company,"Trade Spotlight: How should you trade Relaxo Footwears, Chennai Petroleum, Transrail Lighting, CCL Products, Marksans Pharma, Titan, and others on July 7? The benchmark indices bounced back after a tw",2025-07-07,-2,False,,"resistance, trading volume",Low ESG relevance or finance-only context,2026-10-04
TITAN,Titan Company,Buy Titan Company; target of Rs 3830: Prabhudas Lilladher Prabhudas Lilladher's research report on Titan Company  The acquisition of Damas will enable TTAN to consolidate its presence in USD15bn GCC j,2025-07-29,0,False,,,Low ESG relevance or finance-only context,2026-10-04
TITAN,Titan Company,"Titan shares jump 2% as Macquarie maintains 'outperform', sees demand recovery Global broking firm Macquarie reaffirmed its positive outlook on Tata group's Titan Ltd, believing that a healthy recover",2025-06-25,-1,False,,brokerage,Low ESG relevance or finance-only context,2026-10-04
TITAN,Titan Company,"Titan Q4 results: Net profit rises 11% to Rs 870 crore, beats estimates Jeweller and watchmaker Titan Ltd on May 8 reported net profit of Rs 870 crore for the quarter ended March 31, 2025, an increase",2025-05-08,-2,False,,"brokerage, q4 results",Low ESG relevance or finance-only context,2026-10-04
TITAN,Titan Company,Senco Gold shares hit 5% upper circuit for third consecutive day as promoter raises stake Senco Gold shares jumped 5 percent to remain locked in the upper circuit at Rs 275 apiece on March 20. This co,2025-03-20,-1,False,,share price,Low ESG relevance or finance-only context,2026-10-04
TITAN,Titan Company,Reduce Titan Company; target of Rs 3350: Emkay Global Financial Emkay Global Financial' research report on Titan Company  TTAN saw growth moderation in Q1 with 17% growth in the jewelry business vs re,2025-07-08,0,False,,,Low ESG relevance or finance-only context,2026-10-04
TITAN,Titan Company,"Titan shares rally 4% on Q4 beat; should you buy, sell, or hold? Jeweller and watchmaker Titan Company Ltd.'s shares rallied in trade on Friday, May 9, despite a muted market sentiment, as the Rekha J",2025-05-09,-2,False,,"target price, brokerage",Low ESG relevance or finance-only context,2026-10-04
TITAN,Titan Company,"Analyst Call Tracker: Trent joins pessimism list, what's souring the sentiment? Trent finds itself on uncertain footing as analyst sentiment turned increasingly bearish last month, placing it among th",2025-02-16,0,False,environment,brokerage,Low ESG relevance or finance-only context,2026-10-04
TITAN,Titan Company,"Stocks to Watch Today: Titan, Tata Motors, Navin Fluorine, Refex Industries, JSW Infrastructure, Lodha Developers, Kotak Mahindra Bank in focus on 8 July Let's catch up on the latest news from the sto",2025-07-08,0,False,,,Low ESG relevance or finance-only context,2026-10-04
TITAN,Titan Company,Titan shares gain as firm announces acquisition of majority 67% stake in UAE-based Damas Jewellery Titan shares gained in July 22 trading session as the country's leading branded jewellery maker compa,2025-07-22,0,False,,,Low ESG relevance or finance-only context,2026-10-04
TITAN,Titan Company,"Rising crude oil prices may pressure paints, tyre stocks amid escalating Israel-Iran conflict Shares of paint and tyre firms might take a beating in trade on Monday, June 16, as prices of crude oil co",2025-06-16,-1,False,,nifty,Low ESG relevance or finance-only context,2026-10-04
TITAN,Titan Company,"Trent's Q3 earnings fails to impress despite leading industry, brokerages slash targets Zudio and Westside operator Trent Ltd.'s earnings show for the quarter ended December 31, 2024, failed to impres",2025-02-07,-4,False,,"share price, target price, brokerage, intraday",Low ESG relevance or finance-only context,2026-10-04
TITAN,Titan Company,"Titan Company Consolidated March 2025 Net Sales at Rs 14,916.00 crore, up 19.39% Y-o-Y Reported Consolidated quarterly numbers for Titan Company are:    Net Sales at Rs 14,916.00 crore in March 2025 u",2025-05-08,0,False,,,Low ESG relevance or finance-only context,2026-10-04
TITAN,Titan Company,"Sensex falls over 600 pts, Nifty below 24,700: Trump's tariffs on India among key factors behind market decline The benchmark equity indices declined sharply on Thursday as investor sentiment weakened",2025-07-31,-1,False,penalty,"nifty, sensex",Low ESG relevance or finance-only context,2026-10-04
TITAN,Titan Company,"Titan shares sink 5% jewellery growth a 'big miss' in Q1, brokerages disappointed Tata Group player Titan Company shares tumbled five percent on Tuesday, July 8, after recording a 20 percent growth in",2025-07-08,-1,False,,brokerage,Low ESG relevance or finance-only context,2026-10-04
TITAN,Titan Company,"Sensex soars 1,000 pts, Nifty reclaims 22,500; positive global cues among key factors to fuel market rally Benchmark stock indices rebounded sharply on Tuesday, with the BSE Sensex surging over 1,100 ",2025-04-08,-2,False,,"nifty, sensex",Low ESG relevance or finance-only context,2026-10-04
TITAN,Titan Company,Buy Titan Company; target of Rs 4150: Motilal Oswal Motilal Oswal's research report on Titan Company  Titan Company (TTAN) posted consolidated sales growth of 25% YoY in 1QFY26. Standalone jewelry sal,2025-08-08,0,False,,,Low ESG relevance or finance-only context,2026-10-04
TITAN,Titan Company,"Sensex declines nearly 500 pts, Nifty below 24,450 on tariff worries; IT, pharma among top sectoral losers The equity benchmark indices Sensex and Nifty declined 0.6 percent each in morning trade on A",2025-08-08,-2,False,,"nifty, sensex",Low ESG relevance or finance-only context,2026-10-04
TITAN,Titan Company,Trump's tariff scare spooks Dalal Street: Three stocks that bled the most on Sensex The selling pressure on Dalal Street - induced by US President Trump's tariff scare - saw a cut of over 500 points o,2025-02-10,-3,False,,"share price, trading volume, sensex",Low ESG relevance or finance-only context,2026-10-04
TITAN,Titan Company,"Bear run on D-Street: Sensex falls 550 pts, Nifty slips below 24,450 on tariff worries; 11 out of 13 sectors in red The equity benchmarks Sensex and Nifty fell nearly 1 percent in afternoon trade on F",2025-08-08,-2,False,,"nifty, sensex",Low ESG relevance or finance-only context,2026-10-04
TITAN,Titan Company,"BofA sees Nifty touching 25,000 by December, expects negative returns for small, midcaps in 2025 Bank of America (BofA) Securities said it expects the benchmark index Nifty 50 to touch 25,000 by Decem",2025-03-06,-2,False,labor,"target price, nifty, sensex",Low ESG relevance or finance-only context,2026-10-04
TITAN,Titan Company,"Titan Q1 results: Net profit rises 34% to Rs 1,030 crore, beats estimates Jeweller and watchmaker Titan Company Ltd on August 7 reported 34% increase in standalone net profit at Rs 1,030 crore for the",2025-08-07,-2,False,,"brokerage, q1 results",Low ESG relevance or finance-only context,2026-10-04
TITAN,Titan Company,"Titan shares surge 2%, top Nifty gainer as brokerages remain bullish on strong Q1 results Titan shares climbed 2 percent to Rs 3,478 apiece on August 8 after the company delivered a strong set of Apri",2025-08-08,-4,False,,"target price, brokerage, q1 results, nifty",Low ESG relevance or finance-only context,2026-10-04
TITAN,Titan Company,Buy Titan Company; target of Rs 3901: Prabhudas Lilladher Prabhudas Lilladher's research report on Titan Company  TTAN reported a robust 1Q led by 400bps positive impact of revaluation in watch busine,2025-08-08,0,False,environment,target price,Low ESG relevance or finance-only context,2026-10-04
TITAN,Titan Company,"Stocks to Watch Today: Eternal, Hero MotoCorp, Trent, Bharat Forge, BHEL, Lumax Ind, Fortis Healthcare, Datamatics Global, Bajaj Holdings in focus on 7 August Let's catch up on the latest news from th",2025-08-07,0,False,,,Low ESG relevance or finance-only context,2026-10-04
TITAN,Titan Company,"Sensex snaps 2-day winning streak, Nifty holds 22,500 after volatile session amid US tariff concerns; IT, realty drag Sensex ended marginally lower on Friday after a choppy session as concerns over gl",2025-03-07,-4,False,,"intraday, resistance, nifty, sensex",Low ESG relevance or finance-only context,2026-10-04
TITAN,Titan Company,"Kalyan Jewellers sharply lower by over 7 percent on heavy volumes despite strong Q1 earnings Shares of Kalyan Jewellers are sharply lower in the trading session on August 8, down over 7 percent with v",2025-08-08,-2,False,,"target price, buy call",Low ESG relevance or finance-only context,2026-10-04
TITAN,Titan Company,"Trade Spotlight: How should you trade Paytm, Indian Bank, InterGlobe Aviation, Larsen & Toubro, Transrail Lighting, Fortis Healthcare, and others on August 12? Equity benchmark indices bounced back wi",2025-08-12,-1,False,,resistance,Low ESG relevance or finance-only context,2026-10-04
TITAN,Titan Company,"Jewellery shares extend gains for a fifth session on value buying: Up to 5% surge in Senco, Titan, Kalyan Shares of jewellery companies extended gains on July 17, supported by value buying and firm go",2025-07-17,-1,False,,intraday,Low ESG relevance or finance-only context,2026-10-04
TITAN,Titan Company,"Trade Spotlight: How should you trade Eicher Motors, HDFC Life, Manappuram Finance, UNO Minda, Tube Investments, PB Fintech, and others on August 18? The benchmark indices closed flat with a positive ",2025-08-18,-3,False,sustainable,"resistance, support level, trading volume, nifty",Low ESG relevance or finance-only context,2026-10-04
