Company_Code,Company_Name,Article_Title,Article_Date,Sentiment_Score,Sentiment_Class,Positive_Score,Negative_Score,Neutral_Score,ESG_Relevance_Score,Is_ESG_Relevant,Matched_ESG_Keywords,Matched_Non_ESG_Keywords,Analysis_Date
TCS,Tata Consultancy Services,"Stocks to Watch Today: Infosys, ICICI Bank, HDFC Bank, HDFC Life, NIIT, ABB India, Tata Elxsi, Just Dial, TCS in focus on 21 April Let's catch up on the latest news from the stock market. From signifi",2025-04-21,0.9985,Positive,0.115,0.018,0.868,1,True,labor,,2026-10-04
TCS,Tata Consultancy Services,"Stocks to Watch Today: Manappuram Finance, Hero MotoCorp, Hindalco, Glenmark, TCS, Lloyds Metals, CDSL, RailTel in focus on 21 March Let's catch up on the latest news from the stock market. From signi",2025-03-21,0.9988,Positive,0.109,0.014,0.877,5,True,"sustainable, environment, labor, compliance, csr",,2026-10-04
TCS,Tata Consultancy Services,Tata Consultancy Services shares gain 0.5% in trade Shares of Tata Consultancy Services were trading higher in Tuesday's session. The stock has seen an increase of 0.5 percent amid gains in the IT sec,2025-07-22,0.9983,Positive,0.081,0.01,0.908,1,True,labor,,2026-10-04
TCS,Tata Consultancy Services,"Stocks to Watch Today: TCS, Zydus Lifesciences, RPP Infra Projects, LIC Housing, Galaxy Surfactants, Route Mobile in focus on 6 March Let's catch up on the latest news from the stock market. From sign",2025-03-06,0.9983,Positive,0.128,0.011,0.861,3,True,"water, green energy, labor",,2026-10-04
TCS,Tata Consultancy Services,"Stocks to Watch Today: TCS, Biocon, GAIL, Greaves Cotton, Sun Pharma, Dishman Carbogen Amcis, Coromandel International in focus on 11 April Let's catch up on the latest news from the stock market. Fro",2025-04-11,0.9984,Positive,0.096,0.018,0.886,3,True,"renewable, labor, governance",,2026-10-04
TCS,Tata Consultancy Services,"Stocks to Watch Today: TCS, Cryogenic OGS, Embassy REIT, Indosolar, Enviro Infra Engineers, Emcure Pharma, HCL Technologies, Crizac in focus on 10 July Let's catch up on the latest news from the stock",2025-07-10,0.9966,Positive,0.114,0.012,0.874,2,True,"renewable, labor",,2026-10-04
TCS,Tata Consultancy Services,TCS’s Q1 show misses the mark; what this means for the broader IT landscape India’ largest information technology services player Tata Consultancy Services (TCS) kicked off the earnings season for the,2025-07-14,0.9662,Positive,0.082,0.05,0.868,1,True,governance,,2026-10-04
TCS,Tata Consultancy Services,"Stocks to Watch Today: TCS, PB Fintech, Bharti Airtel, Rail Vikas Nigam, Kaynes Technology, Godrej Agrovet in focus on 12 March Let's catch up on the latest news from the stock market. From significan",2025-03-12,0.997,Positive,0.11,0.024,0.866,3,True,"renewable, green energy, violation",,2026-10-04
TCS,Tata Consultancy Services,"Stocks to Watch Today: TCS, Tata Elxsi, Anand Rathi, IREDA, Hindustan Unilever, Glenmark Pharma, Aegis Logistics, Meta Infotech in focus on 11 July Let's catch up on the latest news from the stock mar",2025-07-11,0.9979,Positive,0.122,0.017,0.861,1,True,renewable,,2026-10-04
TCS,Tata Consultancy Services,"Stocks to Watch Today: Ashok Leyland, Dixon Tech, Zydus Lifesciences, ICICI Lombard, HDB Financial, HDFC Life, Jindal Steel, Biocon in focus on 16 July Let's catch up on the latest news from the stock",2025-07-16,0.9926,Positive,0.09,0.031,0.879,1,True,labor,,2026-10-04
TCS,Tata Consultancy Services,"Clients adjusting to uncertainty, discretionary spend reviving only in pockets: Wipro Chairman Rishad Premji Information technology firm Wipro’s Chairman Rishad Premji said on July 16 that clients acr",2025-07-16,0.5097,Positive,0.05,0.054,0.896,1,True,environment,,2026-10-04
TCS,Tata Consultancy Services,"Buy, hold or sell? Analysts revise IT calls amid headcount woes, AI, disappointing Q1 India’s top IT services companies saw a shift in brokerage sentiment following their June-quarter earnings, amid m",2025-07-30,0.9669,Positive,0.091,0.074,0.835,1,True,"sustainable, environment",brokerage,2026-10-04
TCS,Tata Consultancy Services,"Stocks to Watch Today: Vishal Mega Mart, Biocon, TCS, Mastek, HCL Tech, ICICI Bank, Tanla Platforms, Zee Entertainment, IndiaMART in focus on 17 June Let's catch up on the latest news from the stock m",2025-06-17,0.9985,Positive,0.129,0.017,0.854,2,True,"renewable, labor",,2026-10-04
TCS,Tata Consultancy Services,Retail investors bet big on turnaround stories in hopes of a jackpot India’s retail investors seem to be undergoing a strategic pivot—turning away from legacy giants in IT and increasingly flocking to,2025-06-18,0.9982,Positive,0.165,0.017,0.818,2,True,"renewable, safety",,2026-10-04
TCS,Tata Consultancy Services,"Stocks to Watch Today: Zen Technologies, NLC India, Bajel Projects, Bharat Electronics, Granules India, Waaree Renewable in focus on 23 June Let's catch up on the latest news from the stock market. Fr",2025-06-23,0.9986,Positive,0.118,0.017,0.865,2,True,"renewable, green energy",,2026-10-04
TCS,Tata Consultancy Services,"How TCS, Infosys, HCLTech, Wipro and Tech Mahindra fared in Q1FY26 The first quarter of fiscal FY26 was a mixed bag for the top five Indian IT majors - Tata Consultancy Services (TCS), Infosys, HCLTec",2025-07-25,0.9994,Positive,0.14,0.035,0.824,1,True,environment,,2026-10-04
TCS,Tata Consultancy Services,"Stocks to Watch Today: IndusInd Bank , Adani Total Gas, MGL, Oil India, Vedanta, Aster DM Healthcare, IREDA, ICICI Prudential Life in focus on 16 April Let's catch up on the latest news from the stock",2025-04-16,0.9972,Positive,0.092,0.027,0.88,3,True,"carbon, water, renewable",,2026-10-04
TCS,Tata Consultancy Services,"Stocks to Watch Today: TCS, Quess Corp, Power Grid Corporation, Eris Lifesciences, Omaxe, Kalpataru Projects, Biocon in focus on 7 March Let's catch up on the latest news from the stock market. From s",2025-03-07,0.9978,Positive,0.095,0.009,0.896,1,True,labor,,2026-10-04
TCS,Tata Consultancy Services,"Stocks to Watch Today: Wipro, HDFC Bank, Alkem Labs, Aditya Birla Fashion, Indegene, Tata Technologies, Servotech, Scoda Tubes in focus on 4 June Let's catch up on the latest news from the stock marke",2025-06-04,0.9993,Positive,0.138,0.019,0.843,4,True,"renewable, sustainable, labor, governance",,2026-10-04
TCS,Tata Consultancy Services,"Stocks to Watch Today: TCS, Hindalco, RBL Bank, United Breweries, Godfrey Phillips, Kisan Mouldings, KNR Construction in focus on 14 February Let's catch up on the latest news from the stock market. F",2025-02-14,0.9984,Positive,0.104,0.014,0.882,2,True,"labor, violation",,2026-10-04
TCS,Tata Consultancy Services,"InGovern counters Viceroy’s short-seller report on Vedanta, urges reforms to protect Indian shareholders Proxy advisory firm InGovern Research Services has defended the Vedanta Group against allegatio",2025-07-15,0.8079,Positive,0.077,0.071,0.851,1,True,"sustainable, governance, compliance","intraday, nifty",2026-10-04
TCS,Tata Consultancy Services,"DLF Sells Out Privana North for ₹11,000 Cr in a Week       DLF Limited, India's largest listed real estate company, announced on June 18, 2025, the complete sellout of its latest luxury residential pr",2025-06-18,0.9989,Positive,0.108,0.01,0.882,5,True,"pollution, water, sustainability, labor, safety",,2026-10-04
INFY,Infosys,"Stocks to Watch Today: Infosys, ICICI Bank, HDFC Bank, HDFC Life, NIIT, ABB India, Tata Elxsi, Just Dial, TCS in focus on 21 April Let's catch up on the latest news from the stock market. From signifi",2025-04-21,0.9985,Positive,0.115,0.018,0.868,1,True,labor,,2026-10-04
INFY,Infosys,"Stocks to Watch Today: Asian Paints, Infosys, Garden Reach, GHV Infra Projects, MCX, Bharat Electronics, Afcons Infra, UPL, Hindustan Copper in focus on 9 June Let's catch up on the latest news from t",2025-06-09,0.9966,Positive,0.102,0.023,0.875,2,True,"sustainable, labor",,2026-10-04
INFY,Infosys,"Stocks to Watch Today: Bajaj Auto, Ipca Labs, Mazagon Dock, Lemon Tree Hotels, Suzlon Energy, NBCC, Ola Electric, Sobha in focus on 30 May Let's catch up on the latest news from the stock market. From",2025-05-30,0.9982,Positive,0.129,0.013,0.858,2,True,"renewable, labor",,2026-10-04
INFY,Infosys,"Stocks to Watch Today: Hero MotoCorp, Zydus Life, Lupin, Sonata Software, Dalmia Bharat, Paytm, Infosys, Angel One, Wipro in focus on 17 April Let's catch up on the latest news from the stock market. ",2025-04-17,0.9984,Positive,0.094,0.015,0.891,3,True,"renewable, green energy, labor",,2026-10-04
INFY,Infosys,"Stocks to Watch Today: TCS, Biocon, GAIL, Greaves Cotton, Sun Pharma, Dishman Carbogen Amcis, Coromandel International in focus on 11 April Let's catch up on the latest news from the stock market. Fro",2025-04-11,0.9984,Positive,0.096,0.018,0.886,3,True,"renewable, labor, governance",,2026-10-04
INFY,Infosys,"Stocks to Watch Today: Infosys, Dr Reddys Labs, Tata Consumer, Cigniti, Force Motors, Natco Pharma, IndusInd Bank, BEML, Tilaknagar Ind in focus on 24 July Let's catch up on the latest news from the s",2025-07-24,0.9991,Positive,0.121,0.013,0.865,1,True,labor,,2026-10-04
INFY,Infosys,"Tata Group first Indian brand over the $30 billion value mark, Eternal joins the top 50 list The Tata Group, with a brand value increase of 10 percent to $31.6 billion has once again secured the posit",2025-06-25,0.9972,Positive,0.191,0.01,0.799,2,True,"renewable, green energy",,2026-10-04
INFY,Infosys,"Stocks to Watch Today: PB Fintech, Allied Blenders, LIC Housing, Bharti Airtel, Abbott India, Rail Vikas Nigam, Infosys, JSW Energy in focus on 16 May Let's catch up on the latest news from the stock ",2025-05-16,0.9989,Positive,0.117,0.016,0.866,1,True,labor,,2026-10-04
INFY,Infosys,"Stocks to Watch Today: Eicher Motors, Apollo Tyres, Lupin, Wendt India, HUL, Brigade, Genesys, Wipro, Shilpa Medicare, Yes Bank, Vascon Engineers in focus on 15 May Let's catch up on the latest news f",2025-05-15,0.9993,Positive,0.123,0.018,0.859,1,True,renewable,,2026-10-04
INFY,Infosys,"Stocks to Watch Today: Bajaj Finance, IndusInd Bank, IndiaMART, Schaeffler India, Vishal Mega Mart, Prestige Estates, Strides Pharma in focus on 30 April Let's catch up on the latest news from the sto",2025-04-30,0.9989,Positive,0.118,0.024,0.858,2,True,"climate, labor",,2026-10-04
INFY,Infosys,"Buy, hold or sell? Analysts revise IT calls amid headcount woes, AI, disappointing Q1 India’s top IT services companies saw a shift in brokerage sentiment following their June-quarter earnings, amid m",2025-07-30,0.9669,Positive,0.091,0.074,0.835,1,True,"sustainable, environment",brokerage,2026-10-04
INFY,Infosys,"Stocks to Watch Today: Lupin, Tata Power, Nazara Tech, Shilpa Medicare, GMR Airports, IRB Infra, Railtel, Shyam Metalics in focus on 10 March Let's catch up on the latest news from the stock market. F",2025-03-10,0.9989,Positive,0.111,0.016,0.873,3,True,"renewable, sustainable, net zero",,2026-10-04
INFY,Infosys,Retail investors bet big on turnaround stories in hopes of a jackpot India’s retail investors seem to be undergoing a strategic pivot—turning away from legacy giants in IT and increasingly flocking to,2025-06-18,0.9982,Positive,0.165,0.017,0.818,2,True,"renewable, safety",,2026-10-04
INFY,Infosys,"How TCS, Infosys, HCLTech, Wipro and Tech Mahindra fared in Q1FY26 The first quarter of fiscal FY26 was a mixed bag for the top five Indian IT majors - Tata Consultancy Services (TCS), Infosys, HCLTec",2025-07-25,0.9994,Positive,0.14,0.035,0.824,1,True,environment,,2026-10-04
INFY,Infosys,"Stocks to Watch Today: NCC, Welspun Enterprises, Waaree Renewable, Prism Johnson, SIS, Ashoka Buildcon, Advait Energy Transitions in focus on 26 March Let's catch up on the latest news from the stock ",2025-03-26,0.9991,Positive,0.104,0.011,0.884,4,True,"water, renewable, green energy, labor",,2026-10-04
INFY,Infosys,"Stocks to Watch Today: Infosys, Zaggle Prepaid, Bharat Electronics, Force Motors, Jindal Steel, Zensar Tech, Active Infrastructures, HCLTech in focus on 28 March Let's catch up on the latest news from",2025-03-28,0.9994,Positive,0.116,0.01,0.874,4,True,"renewable, green energy, labor, penalty",,2026-10-04
INFY,Infosys,"Infosys shares trade flat in today's session; over 44.3 lakh shares traded During today's trading session, Infosys shares were trading at Rs 1,580.90 on the NSE as of 12:20 pm, reflecting a marginal d",2025-07-22,0.9966,Positive,0.079,0.011,0.91,1,True,labor,,2026-10-04
INFY,Infosys,Infosys shares gain over 0.5% ahead of Q1 earnings Infosys shares were trading with a gain of over 0.5% in today's session. The tech giant is slated to report Q1 earmings today.    Financial Snapshot:,2025-07-23,0.9976,Positive,0.154,0.011,0.834,1,True,labor,,2026-10-04
INFY,Infosys,"Stocks to Watch Today: Timex Group India, Infosys, Hindalco, BLS E-Services, JB Chemicals, Aurobindo Pharma, Bajel Projects, Arisinfra in focus on 25 June Let's catch up on the latest news from the st",2025-06-25,0.9979,Positive,0.12,0.023,0.857,1,True,labor,,2026-10-04
INFY,Infosys,"Infosys Collaborates with RWE AG to Drive Digital Workplace Transformation   Infosys (NSE, BSE, NYSE: INFY) announced a collaboration with RWE AG to drive automated digital workplace transformation an",2025-07-28,0.9873,Positive,0.166,0.0,0.834,3,True,"sustainability, labor, governance",,2026-10-04
INFY,Infosys,"Stocks to Watch Today: Infosys, BEML, Jubilant Pharmova, Bharat Electronics, NACL Industries, Yatra Online, Swelect Energy Systems in focus on 13 March Let's catch up on the latest news from the stock",2025-03-13,0.9984,Positive,0.134,0.018,0.848,3,True,"renewable, green energy, labor",,2026-10-04
INFY,Infosys,"Bengaluru's Electronics City Metro to be operational by May 2025 Bengaluru Metro's long-pending Yellow Line, stretching between RV Road and Bommasandra, connecting with tech hub Electronics City will ",2025-03-10,0.7003,Positive,0.033,0.019,0.948,1,True,safety,,2026-10-04
INFY,Infosys,"Stocks to Watch Today: Paytm, Lodha Developers, Oberoi Realty, Kirloskar Ferrous, KEI Industries, JSW Infra, Alpex Solar, Monika Alcobev in focus on 23 July Let's catch up on the latest news from the ",2025-07-23,0.9932,Positive,0.088,0.035,0.876,3,True,"water, labor, penalty",,2026-10-04
WIPRO,Wipro,"Stocks to Watch Today: TCS, Zydus Lifesciences, RPP Infra Projects, LIC Housing, Galaxy Surfactants, Route Mobile in focus on 6 March Let's catch up on the latest news from the stock market. From sign",2025-03-06,0.9983,Positive,0.128,0.011,0.861,3,True,"water, green energy, labor",,2026-10-04
WIPRO,Wipro,"Stocks to Watch Today: Wipro, Axis Bank, LTIMindtree, Indian Hotels, Lupin, Tracxn Tech, Capital SFB, Veranda Learning, IndoStar in focus on 18 July Let's catch up on the latest news from the stock ma",2025-07-18,0.9991,Positive,0.119,0.013,0.868,1,True,labor,,2026-10-04
WIPRO,Wipro,"Stocks to Watch Today: Hero MotoCorp, Zydus Life, Lupin, Sonata Software, Dalmia Bharat, Paytm, Infosys, Angel One, Wipro in focus on 17 April Let's catch up on the latest news from the stock market. ",2025-04-17,0.9984,Positive,0.094,0.015,0.891,3,True,"renewable, green energy, labor",,2026-10-04
WIPRO,Wipro,"Stocks to Watch Today: Axis Bank, Tech Mahindra, L&T Tech, Macrotech Developers, Cyient, IEX, Container Corporation in focus on 25 April Let's catch up on the latest news from the stock market. From s",2025-04-25,0.9973,Positive,0.107,0.025,0.868,1,True,labor,,2026-10-04
WIPRO,Wipro,"Stocks to Watch Today: Kotak Bank, CDSL, Balkrishna Ind, Orient Cement, Tata Chemicals, Poonawalla Fincorp, VA Tech Wabag, RITES in focus on 28 July Let's catch up on the latest news from the stock ma",2025-07-28,0.9992,Positive,0.119,0.022,0.859,4,True,"waste, water, green energy, labor",,2026-10-04
WIPRO,Wipro,"Stocks to Watch Today: Eicher Motors, Apollo Tyres, Lupin, Wendt India, HUL, Brigade, Genesys, Wipro, Shilpa Medicare, Yes Bank, Vascon Engineers in focus on 15 May Let's catch up on the latest news f",2025-05-15,0.9993,Positive,0.123,0.018,0.859,1,True,renewable,,2026-10-04
WIPRO,Wipro,"Clients adjusting to uncertainty, discretionary spend reviving only in pockets: Wipro Chairman Rishad Premji Information technology firm Wipro’s Chairman Rishad Premji said on July 16 that clients acr",2025-07-16,0.5097,Positive,0.05,0.054,0.896,1,True,environment,,2026-10-04
WIPRO,Wipro,"Stocks to Watch Today: Alembic Pharma, BHEL, Zydus Life, Zen Technologies, Ajax Engineering, Utkarsh SFB, Glenmark in focus on 17 February Let's catch up on the latest news from the stock market. From",2025-02-17,0.9719,Positive,0.077,0.051,0.872,3,True,"renewable, compliance, penalty",,2026-10-04
WIPRO,Wipro,"Buy, hold or sell? Analysts revise IT calls amid headcount woes, AI, disappointing Q1 India’s top IT services companies saw a shift in brokerage sentiment following their June-quarter earnings, amid m",2025-07-30,0.9669,Positive,0.091,0.074,0.835,1,True,"sustainable, environment",brokerage,2026-10-04
WIPRO,Wipro,Retail investors bet big on turnaround stories in hopes of a jackpot India’s retail investors seem to be undergoing a strategic pivot—turning away from legacy giants in IT and increasingly flocking to,2025-06-18,0.9982,Positive,0.165,0.017,0.818,2,True,"renewable, safety",,2026-10-04
WIPRO,Wipro,"Stocks to Watch Today: HCL Tech, EaseMyTrip, SG Finserve, GNFC, SEAMEC, Garden Reach Shipbuilders, RVNL, Restaurant Brands Asia in focus on 25 March Let's catch up on the latest news from the stock ma",2025-03-25,0.9984,Positive,0.108,0.024,0.868,2,True,"renewable, penalty",,2026-10-04
WIPRO,Wipro,"How TCS, Infosys, HCLTech, Wipro and Tech Mahindra fared in Q1FY26 The first quarter of fiscal FY26 was a mixed bag for the top five Indian IT majors - Tata Consultancy Services (TCS), Infosys, HCLTec",2025-07-25,0.9994,Positive,0.14,0.035,0.824,1,True,environment,,2026-10-04
WIPRO,Wipro,"Stocks to Watch Today: Wipro, NHPC, Dhani Services, Dishman Carbogen Amcis, Dhanlaxmi Bank in focus on 20 March Let's catch up on the latest news from the stock market. From significant investments to",2025-03-20,0.9894,Positive,0.096,0.029,0.876,3,True,"safety, governance, compliance",,2026-10-04
WIPRO,Wipro,"Stocks to Watch Today: Tech Mahindra, Angel One, Ixigo, Maruti Suzuki, Godrej Properties, Hindustan Zinc, Zydus Life, Smartworks in focus on 17 July Let's catch up on the latest news from the stock ma",2025-07-17,0.9953,Positive,0.106,0.025,0.869,1,True,renewable,,2026-10-04
WIPRO,Wipro,"Stocks to Watch Today: KPI Green, Tata Power, Adani Green, Airtel, Waaree Energies, UltraTech Cement, Ceigall India, Mastek in focus on 27 February Let's catch up on the latest news from the stock mar",2025-02-27,0.9979,Positive,0.083,0.016,0.901,6,True,"renewable, environment, green energy, labor, penalty, violation",,2026-10-04
WIPRO,Wipro,"Stocks to Watch Today: IndusInd Bank , Adani Total Gas, MGL, Oil India, Vedanta, Aster DM Healthcare, IREDA, ICICI Prudential Life in focus on 16 April Let's catch up on the latest news from the stock",2025-04-16,0.9972,Positive,0.092,0.027,0.88,3,True,"carbon, water, renewable",,2026-10-04
WIPRO,Wipro,"Stocks to Watch Today: Wipro, HDFC Bank, Alkem Labs, Aditya Birla Fashion, Indegene, Tata Technologies, Servotech, Scoda Tubes in focus on 4 June Let's catch up on the latest news from the stock marke",2025-06-04,0.9993,Positive,0.138,0.019,0.843,4,True,"renewable, sustainable, labor, governance",,2026-10-04
WIPRO,Wipro,"Stocks to Watch Today: Tata Technologies, CESC, Wipro, Landmark Cars, Aurobindo, CSB Bank, PNB Housing, Indegene, Hexaware in focus on 29 April Let's catch up on the latest news from the stock market.",2025-04-29,0.9963,Positive,0.092,0.02,0.888,3,True,"renewable, climate, green energy",,2026-10-04
WIPRO,Wipro,"Stocks to Watch Today: Aditya Birla Capital, Sonata Software, Wipro, Kaynes Technology, CreditAccess Grameen, Reliance Infrastructure in focus on 11 June Let's catch up on the latest news from the sto",2025-06-11,0.998,Positive,0.107,0.02,0.873,2,True,"renewable, labor",,2026-10-04
WIPRO,Wipro,"Stocks to Watch Today: Wipro, BSE, JB Chemicals, Max Financial, Bharat Forge, Sterlite Tech, NBCC, Torrent Power, UPL in focus on 27 March Let's catch up on the latest news from the stock market. From",2025-03-27,0.9983,Positive,0.104,0.029,0.867,4,True,"renewable, green energy, compliance, penalty",,2026-10-04
HCLTECH,HCL Technologies,"Stocks to Watch Today: Wipro, Axis Bank, LTIMindtree, Indian Hotels, Lupin, Tracxn Tech, Capital SFB, Veranda Learning, IndoStar in focus on 18 July Let's catch up on the latest news from the stock ma",2025-07-18,0.9991,Positive,0.119,0.013,0.868,1,True,labor,,2026-10-04
HCLTECH,HCL Technologies,"Stocks to Watch today: NTPC, Asian Paints, Torrent Power, Jubilant Foodworks in focus on June 13 Let's catch up on the latest news from the stock market. From significant investments to major deals, a",2025-06-12,0.9992,Positive,0.17,0.033,0.797,4,True,"water, renewable, green energy, labor",,2026-10-04
HCLTECH,HCL Technologies,"Stocks to Watch Today: TCS, Cryogenic OGS, Embassy REIT, Indosolar, Enviro Infra Engineers, Emcure Pharma, HCL Technologies, Crizac in focus on 10 July Let's catch up on the latest news from the stock",2025-07-10,0.9966,Positive,0.114,0.012,0.874,2,True,"renewable, labor",,2026-10-04
HCLTECH,HCL Technologies,"Stocks to Watch Today: HCL Tech, Sanofi India, KSB, PB Fintech, Transrail Lighting, Tata Power, Granules India, Kernex in focus on 28 February Let's catch up on the latest news from the stock market. ",2025-02-28,0.9993,Positive,0.139,0.011,0.85,4,True,"renewable, green energy, labor, penalty",,2026-10-04
HCLTECH,HCL Technologies,"Tata Group first Indian brand over the $30 billion value mark, Eternal joins the top 50 list The Tata Group, with a brand value increase of 10 percent to $31.6 billion has once again secured the posit",2025-06-25,0.9972,Positive,0.191,0.01,0.799,2,True,"renewable, green energy",,2026-10-04
HCLTECH,HCL Technologies,"Stocks to Watch Today: CG Power, Kalpataru Projects, Ellenbarrie, KSB, NCC, Bharat Electronics, HCL Tech, AAVAS Financiers, Apollo Hospitals in focus on 1 July Let's catch up on the latest news from t",2025-07-01,0.9979,Positive,0.107,0.015,0.878,2,True,"green energy, labor",,2026-10-04
HCLTECH,HCL Technologies,"Stocks to Watch Today: Reliance Industries, IDFC First Bank, Tata Tech, Tejas Networks, India Cements, IGL, Biocon, Zydus Life in focus on 28 April Let's catch up on the latest news from the stock mar",2025-04-28,0.9989,Positive,0.102,0.013,0.886,1,True,green energy,,2026-10-04
HCLTECH,HCL Technologies,"Buy, hold or sell? Analysts revise IT calls amid headcount woes, AI, disappointing Q1 India’s top IT services companies saw a shift in brokerage sentiment following their June-quarter earnings, amid m",2025-07-30,0.9669,Positive,0.091,0.074,0.835,1,True,"sustainable, environment",brokerage,2026-10-04
HCLTECH,HCL Technologies,"Stocks to Watch Today: Vishal Mega Mart, Biocon, TCS, Mastek, HCL Tech, ICICI Bank, Tanla Platforms, Zee Entertainment, IndiaMART in focus on 17 June Let's catch up on the latest news from the stock m",2025-06-17,0.9985,Positive,0.129,0.017,0.854,2,True,"renewable, labor",,2026-10-04
HCLTECH,HCL Technologies,"Stocks to Watch Today: HCL Tech, EaseMyTrip, SG Finserve, GNFC, SEAMEC, Garden Reach Shipbuilders, RVNL, Restaurant Brands Asia in focus on 25 March Let's catch up on the latest news from the stock ma",2025-03-25,0.9984,Positive,0.108,0.024,0.868,2,True,"renewable, penalty",,2026-10-04
HCLTECH,HCL Technologies,"How TCS, Infosys, HCLTech, Wipro and Tech Mahindra fared in Q1FY26 The first quarter of fiscal FY26 was a mixed bag for the top five Indian IT majors - Tata Consultancy Services (TCS), Infosys, HCLTec",2025-07-25,0.9994,Positive,0.14,0.035,0.824,1,True,environment,,2026-10-04
HCLTECH,HCL Technologies,"Stocks to Watch Today: NCC, Welspun Enterprises, Waaree Renewable, Prism Johnson, SIS, Ashoka Buildcon, Advait Energy Transitions in focus on 26 March Let's catch up on the latest news from the stock ",2025-03-26,0.9991,Positive,0.104,0.011,0.884,4,True,"water, renewable, green energy, labor",,2026-10-04
HCLTECH,HCL Technologies,"Stocks to Watch Today: Infosys, Zaggle Prepaid, Bharat Electronics, Force Motors, Jindal Steel, Zensar Tech, Active Infrastructures, HCLTech in focus on 28 March Let's catch up on the latest news from",2025-03-28,0.9994,Positive,0.116,0.01,0.874,4,True,"renewable, green energy, labor, penalty",,2026-10-04
HCLTECH,HCL Technologies,"HCLTech joins hands with Nasdaq-listed chip major AMD to create centers to speed up AI, digital, cloud solutions India's HCLTech has joined hands with Nasdaq-listed global semiconductor major AMD to d",2025-06-24,0.9804,Positive,0.143,0.0,0.857,1,True,labor,,2026-10-04
HCLTECH,HCL Technologies,"Stocks to Watch Today: Zydus Lifesciences, Ashoka Buildcon, Nureca, Cyient, Ahluwalia Contracts, Transrail Lighting, Swiggy in focus on 15 April Let's catch up on the latest news from the stock market",2025-04-15,0.9974,Positive,0.079,0.013,0.909,1,True,renewable,,2026-10-04
HCLTECH,HCL Technologies,"Stocks to Watch Today: DMart, NCC, Kolte Patil, VIP Industries, Sula Vineyards, Wockhardt, Akzo Nobel, Gland Pharma, Travel Food Services in focus on 14 July Let's catch up on the latest news from the",2025-07-14,0.998,Positive,0.107,0.012,0.881,1,True,compliance,,2026-10-04
HCLTECH,HCL Technologies,"Stocks to Watch Today: HCL Tech, Ashoka Buildcon, PNC Infratech, Airtel, Bharat Forge, Cyient DLM, M&M Financial, RBL Bank in focus on 23 April Let's catch up on the latest news from the stock market.",2025-04-23,0.9978,Positive,0.113,0.022,0.865,2,True,"carbon, water",,2026-10-04
HCLTECH,HCL Technologies,"Stocks to Watch Today: HCL Technologies, Zinka Logistics, Biocon, Torrent Power, Jindal Stainless, Frontier Springs, Prostarm Info Systems in focus on 3 June Let's catch up on the latest news from the",2025-06-03,0.9991,Positive,0.121,0.012,0.867,5,True,"water, renewable, green energy, labor, inclusion",,2026-10-04
TECHM,Tech Mahindra,"Stocks to Watch Today: TCS, Zydus Lifesciences, RPP Infra Projects, LIC Housing, Galaxy Surfactants, Route Mobile in focus on 6 March Let's catch up on the latest news from the stock market. From sign",2025-03-06,0.9983,Positive,0.128,0.011,0.861,3,True,"water, green energy, labor",,2026-10-04
TECHM,Tech Mahindra,"Stocks to Watch Today: Axis Bank, Tech Mahindra, L&T Tech, Macrotech Developers, Cyient, IEX, Container Corporation in focus on 25 April Let's catch up on the latest news from the stock market. From s",2025-04-25,0.9973,Positive,0.107,0.025,0.868,1,True,labor,,2026-10-04
TECHM,Tech Mahindra,"Stocks to Watch Today: Tata Motors, Paytm, TVS Motor, NLC India, Piramal Enterprises, International Gemmological Institute, M&M in focus on 3 March Let's catch up on the latest news from the stock mar",2025-03-03,0.9982,Positive,0.079,0.017,0.904,1,True,penalty,,2026-10-04
TECHM,Tech Mahindra,"Reduce Tech Mahindra; target of Rs 1250: ICICI Securities ICICI Securities research report on Tech Mahindra  TechM’s turnaround efforts are yielding results with its BFSI portfolio strengthening, larg",2025-04-25,0.9468,Positive,0.124,0.047,0.83,1,True,environment,,2026-10-04
TECHM,Tech Mahindra,Reduce Tech Mahindra; target of Rs 1600: Emkay Global Financial Emkay Global Financial' research report on Tech Mahindra  TechM’s 1Q operating performance was slightly below expectations. Revenue grew,2025-07-17,0.9545,Positive,0.114,0.045,0.841,1,True,environment,,2026-10-04
TECHM,Tech Mahindra,"Stocks to Watch Today: Ashok Leyland, Dixon Tech, Zydus Lifesciences, ICICI Lombard, HDB Financial, HDFC Life, Jindal Steel, Biocon in focus on 16 July Let's catch up on the latest news from the stock",2025-07-16,0.9926,Positive,0.09,0.031,0.879,1,True,labor,,2026-10-04
TECHM,Tech Mahindra,"Tech Mahindra shares fall 2.01% in Wednesday's trading session Shares of Tech Mahindra declined by 2.01% to Rs 1,455.60 in Wednesday's trading session, as of 11:28 am. This represents a notable decrea",2025-08-06,0.996,Positive,0.071,0.011,0.918,1,True,"esg, compliance",nifty,2026-10-04
TECHM,Tech Mahindra,"Stocks to Watch Today: Emcure Pharma, Bajaj Finance, Bandhan Bank, Marico, Sterling Powergensys, Piramal Pharma, Godavari Biorefineries in focus on 4 July Let's catch up on the latest news from the st",2025-07-04,0.9976,Positive,0.084,0.027,0.889,1,True,penalty,,2026-10-04
TECHM,Tech Mahindra,"Buy, hold or sell? Analysts revise IT calls amid headcount woes, AI, disappointing Q1 India’s top IT services companies saw a shift in brokerage sentiment following their June-quarter earnings, amid m",2025-07-30,0.9669,Positive,0.091,0.074,0.835,1,True,"sustainable, environment",brokerage,2026-10-04
TECHM,Tech Mahindra,Retail investors bet big on turnaround stories in hopes of a jackpot India’s retail investors seem to be undergoing a strategic pivot—turning away from legacy giants in IT and increasingly flocking to,2025-06-18,0.9982,Positive,0.165,0.017,0.818,2,True,"renewable, safety",,2026-10-04
TECHM,Tech Mahindra,"How TCS, Infosys, HCLTech, Wipro and Tech Mahindra fared in Q1FY26 The first quarter of fiscal FY26 was a mixed bag for the top five Indian IT majors - Tata Consultancy Services (TCS), Infosys, HCLTec",2025-07-25,0.9994,Positive,0.14,0.035,0.824,1,True,environment,,2026-10-04
TECHM,Tech Mahindra,"Stocks to Watch Today: Tata Consumer Products, BPCL, Adani Green Energy, Panacea Biotec, Thyrocare, Bajaj Housing, LTIMindtree in focus on 24 April Let's catch up on the latest news from the stock mar",2025-04-24,0.9989,Positive,0.14,0.026,0.835,2,True,"renewable, green energy",,2026-10-04
TECHM,Tech Mahindra,"Stocks to Watch Today: Tech Mahindra, Angel One, Ixigo, Maruti Suzuki, Godrej Properties, Hindustan Zinc, Zydus Life, Smartworks in focus on 17 July Let's catch up on the latest news from the stock ma",2025-07-17,0.9953,Positive,0.106,0.025,0.869,1,True,renewable,,2026-10-04
LTIM,LTIMindtree,"Stocks to Watch Today: ITC, Sun Pharma, IndusInd Bank, Honasa Consumer, MTAR Tech, Metro Brands, Power Mech, Bharat Electronics in focus on 23 May Let's catch up on the latest news from the stock mark",2025-05-23,0.9987,Positive,0.103,0.022,0.875,1,True,"renewable, green energy",sensex,2026-10-04
LTIM,LTIMindtree,"Stocks to Watch Today: Wipro, Axis Bank, LTIMindtree, Indian Hotels, Lupin, Tracxn Tech, Capital SFB, Veranda Learning, IndoStar in focus on 18 July Let's catch up on the latest news from the stock ma",2025-07-18,0.9991,Positive,0.119,0.013,0.868,1,True,labor,,2026-10-04
LTIM,LTIMindtree,"Stocks to Watch Today: ITC, Hindustan Aeronautics, NCC, EIL, HBL Engineering, Power Mech Projects, Prestige Estates, Desco Infratech in focus on 1 April Let's catch up on the latest news from the stoc",2025-04-01,0.9998,Positive,0.128,0.013,0.859,4,True,"water, renewable, environment, penalty",,2026-10-04
LTIM,LTIMindtree,UltraTech plans extensive capex for India Cements to boost efficiency Aditya Birla Group-owned UltraTech Cement's management said in its post-earnings call with investors that it has planned a wide-re,2025-07-21,0.9207,Positive,0.076,0.032,0.892,3,True,"carbon, waste, renewable",,2026-10-04
LTIM,LTIMindtree,"Stocks to Watch Today: Tata Consumer Products, BPCL, Adani Green Energy, Panacea Biotec, Thyrocare, Bajaj Housing, LTIMindtree in focus on 24 April Let's catch up on the latest news from the stock mar",2025-04-24,0.9989,Positive,0.14,0.026,0.835,2,True,"renewable, green energy",,2026-10-04
LTIM,LTIMindtree,"Stocks to Watch Today: Tech Mahindra, Angel One, Ixigo, Maruti Suzuki, Godrej Properties, Hindustan Zinc, Zydus Life, Smartworks in focus on 17 July Let's catch up on the latest news from the stock ma",2025-07-17,0.9953,Positive,0.106,0.025,0.869,1,True,renewable,,2026-10-04
LTIM,LTIMindtree,"Stocks to Watch Today: NCC, Welspun Enterprises, Waaree Renewable, Prism Johnson, SIS, Ashoka Buildcon, Advait Energy Transitions in focus on 26 March Let's catch up on the latest news from the stock ",2025-03-26,0.9991,Positive,0.104,0.011,0.884,4,True,"water, renewable, green energy, labor",,2026-10-04
LTIM,LTIMindtree,"Stocks to Watch Today: Welspun Corp, NCC, Mahindra and Mahindra, Dr Reddys, Alembic Pharma, Godrej Properties, DAM Capital in focus on 24 March Let's catch up on the latest news from the stock market.",2025-03-23,0.9989,Positive,0.085,0.017,0.898,4,True,"green energy, labor, compliance, penalty",,2026-10-04
LTIM,LTIMindtree,Solar stocks shine as analysts see real export potential alongside strong domestic growth The recent US-China agreement to ease tariffs may have dampened hopes of Indian solar equipment exporters look,2025-05-14,0.9997,Positive,0.228,0.011,0.761,1,True,"renewable, green energy",share price,2026-10-04
LTIM,LTIMindtree,"Stocks to Watch Today: HCL Tech, Ashoka Buildcon, PNC Infratech, Airtel, Bharat Forge, Cyient DLM, M&M Financial, RBL Bank in focus on 23 April Let's catch up on the latest news from the stock market.",2025-04-23,0.9978,Positive,0.113,0.022,0.865,2,True,"carbon, water",,2026-10-04
LTIM,LTIMindtree,"Vedanta Sells 1.6% Equity Stake in Hindustan Zinc for Rs 3,028 Cr to Cut Debt       Vedanta Limited on June 18, 2025, announced the sale of a 1.6% stake in its subsidiary, Hindustan Zinc Limited (HZL)",2025-06-18,0.9991,Positive,0.169,0.039,0.792,7,True,"emission, emissions, sustainable, climate, environment, esg, governance",,2026-10-04
LTIM,LTIMindtree,This deal will hopefully inspire other companies to invest more in innovation: Glenn Saldanha Mumbai-based drugmaker Glenmark Pharmaceuticals announced on July 10 one of the largest global licensing d,2025-07-15,0.9993,Positive,0.133,0.047,0.82,1,True,emission,,2026-10-04
LTIM,LTIMindtree,"IREDA moves to file bankruptcy against Gensol Engineering over alleged fraud Indian Renewable Energy Development Agency (IREDA), one of two public sector lenders that had loaned money to scam-hit Gens",2025-05-14,-0.8203,Negative,0.044,0.061,0.895,1,True,renewable,,2026-10-04
LTIM,LTIMindtree,"Stocks to Watch Today: Cipla, Delta Corp, Kotak Bank, JM Financial, Berger Paints, Amara Raja Energy in focus on 21 February Let's catch up on the latest news from the stock market. From significant i",2025-02-21,0.9987,Positive,0.101,0.008,0.891,4,True,"carbon, water, green energy, labor",,2026-10-04
LTIM,LTIMindtree,"Deepak Nitrite announces Rs 3,500 crore major capex to boost supply chain as demand for speciality chemicals swells Speciality chemicals player Deepak Nitrite's subsidiary Deepak Chem Tech will be inv",2025-04-10,0.9832,Positive,0.086,0.022,0.893,2,True,"carbon, labor",,2026-10-04
LTIM,LTIMindtree,Gensol and BluSmart promoter Anmol Singh Jaggi diverted EV loans to purchase a DLF Camellias flat: SEBI Gensol Engineering Ltd promoters Anmol and Puneet Singh Jaggi allegedly diverted loans meant for,2025-04-16,0.9022,Positive,0.025,0.006,0.969,1,True,governance,,2026-10-04
LTIM,LTIMindtree,IREDA files second bankruptcy case against Gensol Engineering over alleged fraud Indian Renewable Energy Development Agency (IREDA) on Friday said it has filed a second bankruptcy application against ,2025-05-16,0.5574,Positive,0.06,0.054,0.887,1,True,"renewable, governance",share price,2026-10-04
LTIM,LTIMindtree,"Lupin Inks Pact with Sino Universal Pharma for Tiotropium DPI in China Market       Global pharmaceutical major Lupin Limited (Lupin) on June 16, 2025, announced a significant move to expand its prese",2025-06-16,0.9995,Positive,0.182,0.024,0.795,1,True,labor,,2026-10-04
MPHASIS,Mphasis,"Stocks to Watch Today: Infosys, Dr Reddys Labs, Tata Consumer, Cigniti, Force Motors, Natco Pharma, IndusInd Bank, BEML, Tilaknagar Ind in focus on 24 July Let's catch up on the latest news from the s",2025-07-24,0.9991,Positive,0.121,0.013,0.865,1,True,labor,,2026-10-04
MPHASIS,Mphasis,"Stocks to Watch Today: Crizac, 5paisa Capital, Tata Motors, Synergy Green, Puravankara, India Shelter Finance, CAMS in focus on 9 July Let's catch up on the latest news from the stock market. From sig",2025-07-09,0.9939,Positive,0.09,0.025,0.885,1,True,green energy,,2026-10-04
MPHASIS,Mphasis,"Stocks to Watch Today: Tata Consumer Products, BPCL, Adani Green Energy, Panacea Biotec, Thyrocare, Bajaj Housing, LTIMindtree in focus on 24 April Let's catch up on the latest news from the stock mar",2025-04-24,0.9989,Positive,0.14,0.026,0.835,2,True,"renewable, green energy",,2026-10-04
MPHASIS,Mphasis,"Stocks to Watch Today: IREDA, Bajaj Finserv, Ashoka Buildcon, Praj Industries, JSW Energy, Coal India, Imagicaaworld Entertainment, 3B Films in focus on 6 June Let's catch up on the latest news from t",2025-06-06,0.9985,Positive,0.111,0.01,0.879,3,True,"water, renewable, green energy",,2026-10-04
MPHASIS,Mphasis,"Dr Reddy’s projects double-digit FY26 growth, eyes resuming manufacturing across US Dr. Reddy's Laboratories Q4 FY25 earnings showed positive momentum amid analysts' expectations of muted Q4FY25 earni",2025-05-09,0.9967,Positive,0.146,0.035,0.819,1,True,labor,,2026-10-04
MPHASIS,Mphasis,"Defence shares rise as Pentagon says India, US to ink 10-year defence framework Defence shares rose on July 3 after Pentagon said Defence Minister Rajnath Singh and his American counterpart Pete Hegse",2025-07-03,0.9807,Positive,0.132,0.022,0.847,1,True,labor,,2026-10-04
MPHASIS,Mphasis,SAIL Appoints Pranoy Roy as Independent Director for Three Years   Steel Authority of India Limited (SAIL) has announced the appointment of Pranoy Roy as an Independent Director on its Board of Direct,2025-07-10,0.9946,Positive,0.1,0.006,0.894,4,True,"environment, governance, compliance, csr",,2026-10-04
PERSISTENT,Persistent Systems,"Stocks to Watch Today: Infosys, Dr Reddys Labs, Tata Consumer, Cigniti, Force Motors, Natco Pharma, IndusInd Bank, BEML, Tilaknagar Ind in focus on 24 July Let's catch up on the latest news from the s",2025-07-24,0.9991,Positive,0.121,0.013,0.865,1,True,labor,,2026-10-04
PERSISTENT,Persistent Systems,Chartist Talks: Sudeep Shah of SBI Securities bullish on these 4 stocks; sees strength in IndusInd Bank but recommends avoiding Sudeep Shah of SBI Securities bullish on Indian Oil Corporation and DLF ,2025-05-03,0.9995,Positive,0.159,0.029,0.812,1,True,"sustainable, governance",nifty,2026-10-04
PERSISTENT,Persistent Systems,"Buy, hold or sell? Analysts revise IT calls amid headcount woes, AI, disappointing Q1 India’s top IT services companies saw a shift in brokerage sentiment following their June-quarter earnings, amid m",2025-07-30,0.9669,Positive,0.091,0.074,0.835,1,True,"sustainable, environment",brokerage,2026-10-04
PERSISTENT,Persistent Systems,"Stocks to Watch Today: Tata Consumer Products, BPCL, Adani Green Energy, Panacea Biotec, Thyrocare, Bajaj Housing, LTIMindtree in focus on 24 April Let's catch up on the latest news from the stock mar",2025-04-24,0.9989,Positive,0.14,0.026,0.835,2,True,"renewable, green energy",,2026-10-04
PERSISTENT,Persistent Systems,"Stocks to Watch Today: Zydus Lifesciences, Ashoka Buildcon, Nureca, Cyient, Ahluwalia Contracts, Transrail Lighting, Swiggy in focus on 15 April Let's catch up on the latest news from the stock market",2025-04-15,0.9974,Positive,0.079,0.013,0.909,1,True,renewable,,2026-10-04
PERSISTENT,Persistent Systems,"Stocks to Watch Today: DMart, NCC, Kolte Patil, VIP Industries, Sula Vineyards, Wockhardt, Akzo Nobel, Gland Pharma, Travel Food Services in focus on 14 July Let's catch up on the latest news from the",2025-07-14,0.998,Positive,0.107,0.012,0.881,1,True,compliance,,2026-10-04
PERSISTENT,Persistent Systems,"Laxmi Organic Industries Submits FY25 Annual Report, Announces ₹1,100 Crore Strategic Investment   Laxmi Organic Industries Ltd. has officially submitted its Annual Report for the financial year ended",2025-07-10,0.9988,Positive,0.157,0.008,0.835,4,True,"sustainability, sustainable, environment, labor",,2026-10-04
PERSISTENT,Persistent Systems,"Stocks to Watch Today: Paytm, Lodha Developers, Oberoi Realty, Kirloskar Ferrous, KEI Industries, JSW Infra, Alpex Solar, Monika Alcobev in focus on 23 July Let's catch up on the latest news from the ",2025-07-23,0.9932,Positive,0.088,0.035,0.876,3,True,"water, labor, penalty",,2026-10-04
COFORGE,Coforge,"Stocks to Watch Today: ITC, Sun Pharma, IndusInd Bank, Honasa Consumer, MTAR Tech, Metro Brands, Power Mech, Bharat Electronics in focus on 23 May Let's catch up on the latest news from the stock mark",2025-05-23,0.9987,Positive,0.103,0.022,0.875,1,True,"renewable, green energy",sensex,2026-10-04
COFORGE,Coforge,"Stocks to Watch Today: Tata Motors, Paytm, TVS Motor, NLC India, Piramal Enterprises, International Gemmological Institute, M&M in focus on 3 March Let's catch up on the latest news from the stock mar",2025-03-03,0.9982,Positive,0.079,0.017,0.904,1,True,penalty,,2026-10-04
COFORGE,Coforge,"Stocks to Watch Today: Larsen and Toubro, Britannia, Titan, Venus Pipes, Paytm, Suzlon, Lupin, Union Bank, Kalyan Jewellers in focus on 9 May Let's catch up on the latest news from the stock market. F",2025-05-09,0.9987,Positive,0.117,0.017,0.866,2,True,"renewable, labor",,2026-10-04
COFORGE,Coforge,"Stocks to Watch Today: SBI, Kotak Mahindra Bank, Marico, Indian Bank, RR Kabel, AU SFB, Azad Engineering, IRCON, Concord Biotech in focus on 5 May Let's catch up on the latest news from the stock mark",2025-05-05,0.9991,Positive,0.109,0.019,0.872,2,True,"renewable, violation",,2026-10-04
COFORGE,Coforge,"Stocks to Watch Today: Indian Hotels, CCL Products, DCM Shriram, Ather Energy, Senores Pharma, Paras Defence, Glenmark in focus on 6 May Let's catch up on the latest news from the stock market. From s",2025-05-06,0.9984,Positive,0.121,0.018,0.861,1,True,penalty,,2026-10-04
COFORGE,Coforge,"Buy, hold or sell? Analysts revise IT calls amid headcount woes, AI, disappointing Q1 India’s top IT services companies saw a shift in brokerage sentiment following their June-quarter earnings, amid m",2025-07-30,0.9669,Positive,0.091,0.074,0.835,1,True,"sustainable, environment",brokerage,2026-10-04
COFORGE,Coforge,"Stocks to Watch Today: Biocon, Coforge, GE Vernova, Power Grid, JSW Energy, Welspun Specialty, Rail Vikas Nigam in focus on 5 March Let's catch up on the latest news from the stock market. From signif",2025-03-05,0.9985,Positive,0.12,0.009,0.87,1,True,renewable,,2026-10-04
COFORGE,Coforge,"Stocks to Watch Today: KPI Green, Tata Power, Adani Green, Airtel, Waaree Energies, UltraTech Cement, Ceigall India, Mastek in focus on 27 February Let's catch up on the latest news from the stock mar",2025-02-27,0.9979,Positive,0.083,0.016,0.901,6,True,"renewable, environment, green energy, labor, penalty, violation",,2026-10-04
COFORGE,Coforge,"Stocks to Watch Today: Wipro, HDFC Bank, Alkem Labs, Aditya Birla Fashion, Indegene, Tata Technologies, Servotech, Scoda Tubes in focus on 4 June Let's catch up on the latest news from the stock marke",2025-06-04,0.9993,Positive,0.138,0.019,0.843,4,True,"renewable, sustainable, labor, governance",,2026-10-04
COFORGE,Coforge,"Stocks to Watch Today: Paytm, Lodha Developers, Oberoi Realty, Kirloskar Ferrous, KEI Industries, JSW Infra, Alpex Solar, Monika Alcobev in focus on 23 July Let's catch up on the latest news from the ",2025-07-23,0.9932,Positive,0.088,0.035,0.876,3,True,"water, labor, penalty",,2026-10-04
LTTS,L&T Technology Services,"Stocks to Watch Today: Wipro, HDFC Bank, Alkem Labs, Aditya Birla Fashion, Indegene, Tata Technologies, Servotech, Scoda Tubes in focus on 4 June Let's catch up on the latest news from the stock marke",2025-06-04,0.9993,Positive,0.138,0.019,0.843,4,True,"renewable, sustainable, labor, governance",,2026-10-04
TATAELXSI,Tata Elxsi,"Stocks to Watch Today: Infosys, ICICI Bank, HDFC Bank, HDFC Life, NIIT, ABB India, Tata Elxsi, Just Dial, TCS in focus on 21 April Let's catch up on the latest news from the stock market. From signifi",2025-04-21,0.9985,Positive,0.115,0.018,0.868,1,True,labor,,2026-10-04
TATAELXSI,Tata Elxsi,Sell Tata Elxsi; target of Rs 4420: ICICI Securities ICICI Securities research report on Tata Elxsi  TATA Elxsi (TELX) reported a disappointing print vs I-Sec’s already muted estimates. Q1FY26 marks t,2025-07-11,0.6249,Positive,0.083,0.064,0.853,1,True,environment,,2026-10-04
TATAELXSI,Tata Elxsi,"Stocks to Watch Today: Hero MotoCorp, Zydus Life, Lupin, Sonata Software, Dalmia Bharat, Paytm, Infosys, Angel One, Wipro in focus on 17 April Let's catch up on the latest news from the stock market. ",2025-04-17,0.9984,Positive,0.094,0.015,0.891,3,True,"renewable, green energy, labor",,2026-10-04
TATAELXSI,Tata Elxsi,"Stocks to Watch Today: TCS, Cryogenic OGS, Embassy REIT, Indosolar, Enviro Infra Engineers, Emcure Pharma, HCL Technologies, Crizac in focus on 10 July Let's catch up on the latest news from the stock",2025-07-10,0.9966,Positive,0.114,0.012,0.874,2,True,"renewable, labor",,2026-10-04
TATAELXSI,Tata Elxsi,"Stocks to Watch Today: TCS, Tata Elxsi, Anand Rathi, IREDA, Hindustan Unilever, Glenmark Pharma, Aegis Logistics, Meta Infotech in focus on 11 July Let's catch up on the latest news from the stock mar",2025-07-11,0.9979,Positive,0.122,0.017,0.861,1,True,renewable,,2026-10-04
TATAELXSI,Tata Elxsi,"Stocks to Watch Today: Zydus Lifesciences, Tata Elxsi, Abbott India, ESAF Small Finance Bank, Siemens Energy, Aegis Vopak, IKS Health, Vodafone in focus on 19 June Let's catch up on the latest news fr",2025-06-19,0.9943,Positive,0.095,0.015,0.89,3,True,"carbon, renewable, safety",,2026-10-04
TATAELXSI,Tata Elxsi,"Stocks to Watch Today: HCL Tech, Ashoka Buildcon, PNC Infratech, Airtel, Bharat Forge, Cyient DLM, M&M Financial, RBL Bank in focus on 23 April Let's catch up on the latest news from the stock market.",2025-04-23,0.9978,Positive,0.113,0.022,0.865,2,True,"carbon, water",,2026-10-04
TATAELXSI,Tata Elxsi,"Stocks to Watch Today: Aditya Birla Capital, Sonata Software, Wipro, Kaynes Technology, CreditAccess Grameen, Reliance Infrastructure in focus on 11 June Let's catch up on the latest news from the sto",2025-06-11,0.998,Positive,0.107,0.02,0.873,2,True,"renewable, labor",,2026-10-04
OFSS,Oracle Financial Services Software,"Stocks to Watch Today: Axis Bank, Tech Mahindra, L&T Tech, Macrotech Developers, Cyient, IEX, Container Corporation in focus on 25 April Let's catch up on the latest news from the stock market. From s",2025-04-25,0.9973,Positive,0.107,0.025,0.868,1,True,labor,,2026-10-04
OFSS,Oracle Financial Services Software,"Stocks to Watch Today: Infosys, Dr Reddys Labs, Tata Consumer, Cigniti, Force Motors, Natco Pharma, IndusInd Bank, BEML, Tilaknagar Ind in focus on 24 July Let's catch up on the latest news from the s",2025-07-24,0.9991,Positive,0.121,0.013,0.865,1,True,labor,,2026-10-04
OFSS,Oracle Financial Services Software,"Stocks to Watch Today: Bharti Airtel, Kfin Technologies, Nazara Tech, Dabur, Blue Star, Voltas, Symphony, United Breweries, Coal India in focus on 8 May Let's catch up on the latest news from the stoc",2025-05-08,0.9978,Positive,0.117,0.019,0.864,1,True,renewable,,2026-10-04
OFSS,Oracle Financial Services Software,"Stocks to Watch Today: Wipro, BSE, JB Chemicals, Max Financial, Bharat Forge, Sterlite Tech, NBCC, Torrent Power, UPL in focus on 27 March Let's catch up on the latest news from the stock market. From",2025-03-27,0.9983,Positive,0.104,0.029,0.867,4,True,"renewable, green energy, compliance, penalty",,2026-10-04
KPITTECH,KPIT Technologies,"Stocks to Watch Today: Kotak Bank, CDSL, Balkrishna Ind, Orient Cement, Tata Chemicals, Poonawalla Fincorp, VA Tech Wabag, RITES in focus on 28 July Let's catch up on the latest news from the stock ma",2025-07-28,0.9992,Positive,0.119,0.022,0.859,4,True,"waste, water, green energy, labor",,2026-10-04
KPITTECH,KPIT Technologies,"Stocks to Watch Today: Indiqube Spaces, GNG Electronics, Dilip Buildcon, GMR Airports, Ask Automotive, GE Vernova, IGI India, L&T in focus on 30 July Let's catch up on the latest news from the stock m",2025-07-30,0.9978,Positive,0.108,0.011,0.881,1,True,labor,,2026-10-04
KPITTECH,KPIT Technologies,"Stocks to Watch Today: Reliance Industries, IDFC First Bank, Tata Tech, Tejas Networks, India Cements, IGL, Biocon, Zydus Life in focus on 28 April Let's catch up on the latest news from the stock mar",2025-04-28,0.9989,Positive,0.102,0.013,0.886,1,True,green energy,,2026-10-04
KPITTECH,KPIT Technologies,"Stocks to Watch Today: IndusInd Bank, Brigade, Maharashtra Seamless, GR Infraprojects, Shilpa Medicare, Alkem Labs, KEC International in focus on 17 March Let's catch up on the latest news from the st",2025-03-17,0.9978,Positive,0.096,0.015,0.889,2,True,"labor, compliance",,2026-10-04
CYIENT,Cyient,"Stocks to Watch Today: Titan Company, Bharat Electronics, KPI Green Energy, M&M, Brigade Enterprises, Lemon Tree Hotels in focus on 8 April Let's catch up on the latest news from the stock market. Fro",2025-04-08,0.9952,Positive,0.123,0.018,0.859,1,True,green energy,,2026-10-04
CYIENT,Cyient,"Stocks to Watch Today: Axis Bank, Tech Mahindra, L&T Tech, Macrotech Developers, Cyient, IEX, Container Corporation in focus on 25 April Let's catch up on the latest news from the stock market. From s",2025-04-25,0.9973,Positive,0.107,0.025,0.868,1,True,labor,,2026-10-04
CYIENT,Cyient,"Stocks to Watch Today: Infosys, Dr Reddys Labs, Tata Consumer, Cigniti, Force Motors, Natco Pharma, IndusInd Bank, BEML, Tilaknagar Ind in focus on 24 July Let's catch up on the latest news from the s",2025-07-24,0.9991,Positive,0.121,0.013,0.865,1,True,labor,,2026-10-04
CYIENT,Cyient,"Stocks to Watch Today: HDB Financial, Hero MotoCorp, Sambhv Steel, Lupin, JSW Energy, Asian Paints, RITES, Paras Defence, Maruti Suzuki in focus on 2 July Let's catch up on the latest news from the st",2025-07-02,0.9987,Positive,0.114,0.025,0.861,1,True,penalty,,2026-10-04
CYIENT,Cyient,"Stocks to Watch Today: Sun Pharma, eClerx, IEX, Anant Raj, REC, Aether Industries, L&T, Enviro Infra, GR Infraprojects, Adani Enterprises in focus on 25 July Let's catch up on the latest news from the",2025-07-25,0.9975,Positive,0.094,0.015,0.891,3,True,"waste, water, labor",,2026-10-04
CYIENT,Cyient,"Stocks to Watch Today: Emcure Pharma, Bajaj Finance, Bandhan Bank, Marico, Sterling Powergensys, Piramal Pharma, Godavari Biorefineries in focus on 4 July Let's catch up on the latest news from the st",2025-07-04,0.9976,Positive,0.084,0.027,0.889,1,True,penalty,,2026-10-04
CYIENT,Cyient,"Stocks to Watch Today: Indian Hotels, CCL Products, DCM Shriram, Ather Energy, Senores Pharma, Paras Defence, Glenmark in focus on 6 May Let's catch up on the latest news from the stock market. From s",2025-05-06,0.9984,Positive,0.121,0.018,0.861,1,True,penalty,,2026-10-04
CYIENT,Cyient,"Stocks to Watch Today: Tata Consumer Products, BPCL, Adani Green Energy, Panacea Biotec, Thyrocare, Bajaj Housing, LTIMindtree in focus on 24 April Let's catch up on the latest news from the stock mar",2025-04-24,0.9989,Positive,0.14,0.026,0.835,2,True,"renewable, green energy",,2026-10-04
CYIENT,Cyient,"Stocks to Watch Today: Infosys, Zaggle Prepaid, Bharat Electronics, Force Motors, Jindal Steel, Zensar Tech, Active Infrastructures, HCLTech in focus on 28 March Let's catch up on the latest news from",2025-03-28,0.9994,Positive,0.116,0.01,0.874,4,True,"renewable, green energy, labor, penalty",,2026-10-04
CYIENT,Cyient,"Stocks to Watch Today: Zydus Lifesciences, Ashoka Buildcon, Nureca, Cyient, Ahluwalia Contracts, Transrail Lighting, Swiggy in focus on 15 April Let's catch up on the latest news from the stock market",2025-04-15,0.9974,Positive,0.079,0.013,0.909,1,True,renewable,,2026-10-04
CYIENT,Cyient,"Stocks to Watch Today: Zydus Lifesciences, CE Info Systems Nazara Tech, Sterlite Technologies, HG Infra, Hindustan Copper, Angel One in focus on 12 June Let's catch up on the latest news from the stoc",2025-06-12,0.9991,Positive,0.132,0.017,0.851,3,True,"renewable, labor, csr",,2026-10-04
CYIENT,Cyient,"Stocks to Watch Today: HCL Tech, Ashoka Buildcon, PNC Infratech, Airtel, Bharat Forge, Cyient DLM, M&M Financial, RBL Bank in focus on 23 April Let's catch up on the latest news from the stock market.",2025-04-23,0.9978,Positive,0.113,0.022,0.865,2,True,"carbon, water",,2026-10-04
CYIENT,Cyient,"Stocks to Watch Today: HFCL, Waaree Energies, IREDA, Tata Technologies, Sundaram Clayton, Orchid Pharma in focus on 20 February Let's catch up on the latest news from the stock market. From significan",2025-02-20,0.9967,Positive,0.12,0.013,0.868,4,True,"water, renewable, green energy, labor",,2026-10-04
CYIENT,Cyient,"Stocks to Watch Today: Yes Bank, Swiggy, Dr Reddys Labs, Navin Fluorine, Bank of India, Manappuram Finance, ABB India, Puravankara in focus on 12 May Let's catch up on the latest news from the stock m",2025-05-12,0.9986,Positive,0.134,0.034,0.832,3,True,"renewable, green energy, labor",,2026-10-04
CYIENT,Cyient,"Stocks to Watch Today: Paytm, Lodha Developers, Oberoi Realty, Kirloskar Ferrous, KEI Industries, JSW Infra, Alpex Solar, Monika Alcobev in focus on 23 July Let's catch up on the latest news from the ",2025-07-23,0.9932,Positive,0.088,0.035,0.876,3,True,"water, labor, penalty",,2026-10-04
BSOFT,Birlasoft,"Stocks to Watch Today: Infosys, ICICI Bank, HDFC Bank, HDFC Life, NIIT, ABB India, Tata Elxsi, Just Dial, TCS in focus on 21 April Let's catch up on the latest news from the stock market. From signifi",2025-04-21,0.9985,Positive,0.115,0.018,0.868,1,True,labor,,2026-10-04
BSOFT,Birlasoft,"Stocks to Watch Today: Wipro, Axis Bank, LTIMindtree, Indian Hotels, Lupin, Tracxn Tech, Capital SFB, Veranda Learning, IndoStar in focus on 18 July Let's catch up on the latest news from the stock ma",2025-07-18,0.9991,Positive,0.119,0.013,0.868,1,True,labor,,2026-10-04
BSOFT,Birlasoft,"Stocks to Watch Today: Hero MotoCorp, Zydus Life, Lupin, Sonata Software, Dalmia Bharat, Paytm, Infosys, Angel One, Wipro in focus on 17 April Let's catch up on the latest news from the stock market. ",2025-04-17,0.9984,Positive,0.094,0.015,0.891,3,True,"renewable, green energy, labor",,2026-10-04
BSOFT,Birlasoft,"Stocks to Watch Today: TCS, Biocon, GAIL, Greaves Cotton, Sun Pharma, Dishman Carbogen Amcis, Coromandel International in focus on 11 April Let's catch up on the latest news from the stock market. Fro",2025-04-11,0.9984,Positive,0.096,0.018,0.886,3,True,"renewable, labor, governance",,2026-10-04
BSOFT,Birlasoft,"Stocks to Watch Today: Titan Company, Bharat Electronics, KPI Green Energy, M&M, Brigade Enterprises, Lemon Tree Hotels in focus on 8 April Let's catch up on the latest news from the stock market. Fro",2025-04-08,0.9952,Positive,0.123,0.018,0.859,1,True,green energy,,2026-10-04
BSOFT,Birlasoft,"Stocks to Watch Today: ITC, Bajaj Finance, Sun Pharmaceutical, Syngene, Natco Pharma, Vedanta, Sacheerome in focus on 16 June Let's catch up on the latest news from the stock market. From significant ",2025-06-16,0.9991,Positive,0.145,0.017,0.838,3,True,"water, renewable, compliance",,2026-10-04
BSOFT,Birlasoft,"Stocks to Watch Today: Mobikwik, Western Carriers, PB Fintech, Texmaco Rail, Om Infra, JSW Energy, SMS Pharmaceuticals in focus on 26 June Let's catch up on the latest news from the stock market. From",2025-06-26,0.999,Positive,0.114,0.016,0.869,2,True,"environment, labor",,2026-10-04
BSOFT,Birlasoft,"Stocks to Watch Today: Vishal Mega Mart, Biocon, TCS, Mastek, HCL Tech, ICICI Bank, Tanla Platforms, Zee Entertainment, IndiaMART in focus on 17 June Let's catch up on the latest news from the stock m",2025-06-17,0.9985,Positive,0.129,0.017,0.854,2,True,"renewable, labor",,2026-10-04
BSOFT,Birlasoft,"Stocks to Watch Today: Zydus Lifesciences, Tata Elxsi, Abbott India, ESAF Small Finance Bank, Siemens Energy, Aegis Vopak, IKS Health, Vodafone in focus on 19 June Let's catch up on the latest news fr",2025-06-19,0.9943,Positive,0.095,0.015,0.89,3,True,"carbon, renewable, safety",,2026-10-04
BSOFT,Birlasoft,"Stocks to Watch Today: Zydus Lifesciences, Ashoka Buildcon, Nureca, Cyient, Ahluwalia Contracts, Transrail Lighting, Swiggy in focus on 15 April Let's catch up on the latest news from the stock market",2025-04-15,0.9974,Positive,0.079,0.013,0.909,1,True,renewable,,2026-10-04
BSOFT,Birlasoft,"Stocks to Watch Today: Urgo Capital, Delhivery, SML Isuzu, Hindustan Zinc, Bharat Forge, Polycab, RailTel Corporation in focus on 18 June Let's catch up on the latest news from the stock market. From ",2025-06-18,0.9964,Positive,0.11,0.03,0.86,3,True,"renewable, labor, violation",,2026-10-04
BSOFT,Birlasoft,"Stocks to Watch Today: IndusInd Bank , Adani Total Gas, MGL, Oil India, Vedanta, Aster DM Healthcare, IREDA, ICICI Prudential Life in focus on 16 April Let's catch up on the latest news from the stock",2025-04-16,0.9972,Positive,0.092,0.027,0.88,3,True,"carbon, water, renewable",,2026-10-04
BSOFT,Birlasoft,"Stocks to Watch Today: SAIL, Avanti Feeds, Insecticides India, Balaji Amines, Cummins, Mishra Dhatu Nigam, IRCTC, Unified Data Tech in focus on 29 May Let's catch up on the latest news from the stock ",2025-05-29,0.9985,Positive,0.11,0.005,0.885,3,True,"carbon, renewable, labor",,2026-10-04
BSOFT,Birlasoft,"Stocks to Watch Today: Tata Steel, Yes Bank, Godrej Properties, AstraZeneca Pharma, IndusInd Bank, Nykaa, Bajaj Housing Finance in focus on 7 April Let's catch up on the latest news from the stock mar",2025-04-07,0.9975,Positive,0.116,0.028,0.856,1,True,green energy,,2026-10-04
ZENSARTECH,Zensar Technologies,"Stocks to Watch Today: Axis Bank, Tech Mahindra, L&T Tech, Macrotech Developers, Cyient, IEX, Container Corporation in focus on 25 April Let's catch up on the latest news from the stock market. From s",2025-04-25,0.9973,Positive,0.107,0.025,0.868,1,True,labor,,2026-10-04
ZENSARTECH,Zensar Technologies,"Stocks to Watch Today: TCS, Tata Elxsi, Anand Rathi, IREDA, Hindustan Unilever, Glenmark Pharma, Aegis Logistics, Meta Infotech in focus on 11 July Let's catch up on the latest news from the stock mar",2025-07-11,0.9979,Positive,0.122,0.017,0.861,1,True,renewable,,2026-10-04
ZENSARTECH,Zensar Technologies,"Stocks to Watch Today: Reliance Industries, IDFC First Bank, Tata Tech, Tejas Networks, India Cements, IGL, Biocon, Zydus Life in focus on 28 April Let's catch up on the latest news from the stock mar",2025-04-28,0.9989,Positive,0.102,0.013,0.886,1,True,green energy,,2026-10-04
ZENSARTECH,Zensar Technologies,"Stocks to Watch Today: Infosys, Zaggle Prepaid, Bharat Electronics, Force Motors, Jindal Steel, Zensar Tech, Active Infrastructures, HCLTech in focus on 28 March Let's catch up on the latest news from",2025-03-28,0.9994,Positive,0.116,0.01,0.874,4,True,"renewable, green energy, labor, penalty",,2026-10-04
ZENSARTECH,Zensar Technologies,"Stocks to Watch Today: Paytm, Lodha Developers, Oberoi Realty, Kirloskar Ferrous, KEI Industries, JSW Infra, Alpex Solar, Monika Alcobev in focus on 23 July Let's catch up on the latest news from the ",2025-07-23,0.9932,Positive,0.088,0.035,0.876,3,True,"water, labor, penalty",,2026-10-04
TATATECH,Tata Technologies,"Stocks to Watch Today: NTPC Green, Diamond Power Infra, Newgen Software, Indosolar, Gland Pharma, Hindustan Aeronautics in focus on 5 June Let's catch up on the latest news from the stock market. From",2025-06-05,0.9958,Positive,0.085,0.013,0.902,7,True,"emission, emissions, renewable, climate, green energy, net zero, labor",,2026-10-04
TATATECH,Tata Technologies,"Stocks to Watch Today: Axis Bank, Tech Mahindra, L&T Tech, Macrotech Developers, Cyient, IEX, Container Corporation in focus on 25 April Let's catch up on the latest news from the stock market. From s",2025-04-25,0.9973,Positive,0.107,0.025,0.868,1,True,labor,,2026-10-04
TATATECH,Tata Technologies,"Stocks to Watch Today: Bajaj Finance, IndusInd Bank, IndiaMART, Schaeffler India, Vishal Mega Mart, Prestige Estates, Strides Pharma in focus on 30 April Let's catch up on the latest news from the sto",2025-04-30,0.9989,Positive,0.118,0.024,0.858,2,True,"climate, labor",,2026-10-04
TATATECH,Tata Technologies,"Stocks to Watch Today: ITC, Bajaj Finance, Sun Pharmaceutical, Syngene, Natco Pharma, Vedanta, Sacheerome in focus on 16 June Let's catch up on the latest news from the stock market. From significant ",2025-06-16,0.9991,Positive,0.145,0.017,0.838,3,True,"water, renewable, compliance",,2026-10-04
TATATECH,Tata Technologies,"Stocks to Watch Today: Reliance Industries, IDFC First Bank, Tata Tech, Tejas Networks, India Cements, IGL, Biocon, Zydus Life in focus on 28 April Let's catch up on the latest news from the stock mar",2025-04-28,0.9989,Positive,0.102,0.013,0.886,1,True,green energy,,2026-10-04
TATATECH,Tata Technologies,"Stocks to Watch Today: Wipro, HDFC Bank, Alkem Labs, Aditya Birla Fashion, Indegene, Tata Technologies, Servotech, Scoda Tubes in focus on 4 June Let's catch up on the latest news from the stock marke",2025-06-04,0.9993,Positive,0.138,0.019,0.843,4,True,"renewable, sustainable, labor, governance",,2026-10-04
TATATECH,Tata Technologies,"Stocks to Watch Today: DMart, NCC, Kolte Patil, VIP Industries, Sula Vineyards, Wockhardt, Akzo Nobel, Gland Pharma, Travel Food Services in focus on 14 July Let's catch up on the latest news from the",2025-07-14,0.998,Positive,0.107,0.012,0.881,1,True,compliance,,2026-10-04
TATATECH,Tata Technologies,"Stocks to Watch Today: Tata Technologies, CESC, Wipro, Landmark Cars, Aurobindo, CSB Bank, PNB Housing, Indegene, Hexaware in focus on 29 April Let's catch up on the latest news from the stock market.",2025-04-29,0.9963,Positive,0.092,0.02,0.888,3,True,"renewable, climate, green energy",,2026-10-04
TATATECH,Tata Technologies,"Stocks to Watch Today: HFCL, Waaree Energies, IREDA, Tata Technologies, Sundaram Clayton, Orchid Pharma in focus on 20 February Let's catch up on the latest news from the stock market. From significan",2025-02-20,0.9967,Positive,0.12,0.013,0.868,4,True,"water, renewable, green energy, labor",,2026-10-04
TATATECH,Tata Technologies,"Block deal fever on D-Street: Shares of Alkem, ABFRL, Tata Tech, Indegene worth Rs 3,480 crore in focus Dalal Street is expected to see four large block deals during the Wednesday, June 4 session, wit",2025-06-04,-0.4404,Negative,0.099,0.083,0.818,1,True,labor,,2026-10-04
TATATECH,Tata Technologies,"Stocks of IREDA, Tata Tech, 4 other F&O entrants extend losses for 2nd day, fall up to 7% The shares of all six companies, which got introduced to the NSE futures and options (F&amp;amp;O) segment fro",2025-03-03,0.7859,Positive,0.106,0.072,0.822,1,True,"renewable, inclusion",share price,2026-10-04
TATATECH,Tata Technologies,"MSCI rebalancing could see Paytm, Nykaa find their way into the Standard index: Nuvama Investors will be closely tracking the MSCI index rebalancing announcement for the Standard and Smallcap indices,",2025-05-13,0.872,Positive,0.044,0.013,0.943,1,True,inclusion,,2026-10-04
HAPPSTMNDS,Happiest Minds Technologies,"Stocks to Watch Today: Manappuram Finance, Hero MotoCorp, Hindalco, Glenmark, TCS, Lloyds Metals, CDSL, RailTel in focus on 21 March Let's catch up on the latest news from the stock market. From signi",2025-03-21,0.9988,Positive,0.109,0.014,0.877,5,True,"sustainable, environment, labor, compliance, csr",,2026-10-04
HAPPSTMNDS,Happiest Minds Technologies,"Stocks to Watch Today: Wipro, Axis Bank, LTIMindtree, Indian Hotels, Lupin, Tracxn Tech, Capital SFB, Veranda Learning, IndoStar in focus on 18 July Let's catch up on the latest news from the stock ma",2025-07-18,0.9991,Positive,0.119,0.013,0.868,1,True,labor,,2026-10-04
HAPPSTMNDS,Happiest Minds Technologies,"Stocks to Watch Today: IndusInd Bank, Waaree Energies, NTPC Green, KEC, Torrent Pharma, PNC Infra, RPSG Ventures, Monarch Surveyors in focus on 29 July Let's catch up on the latest news from the stock",2025-07-29,0.9983,Positive,0.118,0.019,0.863,1,True,green energy,,2026-10-04
HAPPSTMNDS,Happiest Minds Technologies,"Stocks to Watch Today: Yes Bank, Swiggy, Dr Reddys Labs, Navin Fluorine, Bank of India, Manappuram Finance, ABB India, Puravankara in focus on 12 May Let's catch up on the latest news from the stock m",2025-05-12,0.9986,Positive,0.134,0.034,0.832,3,True,"renewable, green energy, labor",,2026-10-04
SONATSOFTW,Sonata Software,"Stocks to Watch Today: Hero MotoCorp, Zydus Life, Lupin, Sonata Software, Dalmia Bharat, Paytm, Infosys, Angel One, Wipro in focus on 17 April Let's catch up on the latest news from the stock market. ",2025-04-17,0.9984,Positive,0.094,0.015,0.891,3,True,"renewable, green energy, labor",,2026-10-04
SONATSOFTW,Sonata Software,"Stocks to Watch Today: Senco Gold, Phoenix Mills, Home First Finance, Concord Biotech, Sasken Tech, BPCL, IRB Infrastructure in focus on 9 April Let's catch up on the latest news from the stock market",2025-04-09,0.9974,Positive,0.111,0.028,0.861,2,True,"renewable, green energy",,2026-10-04
SONATSOFTW,Sonata Software,"Stocks to Watch Today: Bharti Airtel, Kfin Technologies, Nazara Tech, Dabur, Blue Star, Voltas, Symphony, United Breweries, Coal India in focus on 8 May Let's catch up on the latest news from the stoc",2025-05-08,0.9978,Positive,0.117,0.019,0.864,1,True,renewable,,2026-10-04
SONATSOFTW,Sonata Software,"Stocks to Watch Today: BSE, NLC India, GMDC, GP Petroleums, HPCL, Godrej Consumer, KEI Industries, Paytm, Mahanagar Gas in focus on 7 May Let's catch up on the latest news from the stock market. From ",2025-05-07,0.9975,Positive,0.109,0.024,0.867,1,True,labor,,2026-10-04
SONATSOFTW,Sonata Software,"Stocks to Watch Today: Titan, Bharti Airtel, Biocon, Cummins, BSE, LIC, KRBL, Metropolis, Kalpataru Projects, Godrej Consumer, Kalyan Jewellers, AU SFB in focus on 8 August Let's catch up on the lates",2025-08-08,0.9986,Positive,0.092,0.015,0.892,2,True,"labor, compliance",,2026-10-04
SONATSOFTW,Sonata Software,"Stocks to Watch Today: Aditya Birla Capital, Sonata Software, Wipro, Kaynes Technology, CreditAccess Grameen, Reliance Infrastructure in focus on 11 June Let's catch up on the latest news from the sto",2025-06-11,0.998,Positive,0.107,0.02,0.873,2,True,"renewable, labor",,2026-10-04
SONATSOFTW,Sonata Software,"Stocks to Watch Today: Paytm, Lodha Developers, Oberoi Realty, Kirloskar Ferrous, KEI Industries, JSW Infra, Alpex Solar, Monika Alcobev in focus on 23 July Let's catch up on the latest news from the ",2025-07-23,0.9932,Positive,0.088,0.035,0.876,3,True,"water, labor, penalty",,2026-10-04
HEXAWARE,Hexaware Technologies,"Stocks to Watch Today: ITC, Sun Pharma, IndusInd Bank, Honasa Consumer, MTAR Tech, Metro Brands, Power Mech, Bharat Electronics in focus on 23 May Let's catch up on the latest news from the stock mark",2025-05-23,0.9987,Positive,0.103,0.022,0.875,1,True,"renewable, green energy",sensex,2026-10-04
HEXAWARE,Hexaware Technologies,"Stocks to Watch Today: Infosys, Dr Reddys Labs, Tata Consumer, Cigniti, Force Motors, Natco Pharma, IndusInd Bank, BEML, Tilaknagar Ind in focus on 24 July Let's catch up on the latest news from the s",2025-07-24,0.9991,Positive,0.121,0.013,0.865,1,True,labor,,2026-10-04
HEXAWARE,Hexaware Technologies,"Stocks to Watch Today: TCS, PB Fintech, Bharti Airtel, Rail Vikas Nigam, Kaynes Technology, Godrej Agrovet in focus on 12 March Let's catch up on the latest news from the stock market. From significan",2025-03-12,0.997,Positive,0.11,0.024,0.866,3,True,"renewable, green energy, violation",,2026-10-04
HEXAWARE,Hexaware Technologies,"Stocks to Watch Today: Reliance Industries, IDFC First Bank, Tata Tech, Tejas Networks, India Cements, IGL, Biocon, Zydus Life in focus on 28 April Let's catch up on the latest news from the stock mar",2025-04-28,0.9989,Positive,0.102,0.013,0.886,1,True,green energy,,2026-10-04
HEXAWARE,Hexaware Technologies,"Stocks to Watch Today: Zydus Lifesciences, Ashoka Buildcon, Nureca, Cyient, Ahluwalia Contracts, Transrail Lighting, Swiggy in focus on 15 April Let's catch up on the latest news from the stock market",2025-04-15,0.9974,Positive,0.079,0.013,0.909,1,True,renewable,,2026-10-04
HEXAWARE,Hexaware Technologies,"Stocks to Watch Today: Tata Technologies, CESC, Wipro, Landmark Cars, Aurobindo, CSB Bank, PNB Housing, Indegene, Hexaware in focus on 29 April Let's catch up on the latest news from the stock market.",2025-04-29,0.9963,Positive,0.092,0.02,0.888,3,True,"renewable, climate, green energy",,2026-10-04
HEXAWARE,Hexaware Technologies,"Stocks to Watch Today: Tata Steel, Mahindra Lifespace, Aurobindo, Rail Vikas Nigam, Piramal Pharma, Hexaware in focus on 19 February Let's catch up on the latest news from the stock market. From signi",2025-02-19,0.9939,Positive,0.107,0.034,0.859,2,True,"emission, emissions",,2026-10-04
HEXAWARE,Hexaware Technologies,"MSCI rebalancing could see Paytm, Nykaa find their way into the Standard index: Nuvama Investors will be closely tracking the MSCI index rebalancing announcement for the Standard and Smallcap indices,",2025-05-13,0.872,Positive,0.044,0.013,0.943,1,True,inclusion,,2026-10-04
MINDTREE,Mindtree (legacy symbol),"Stocks to Watch Today: ITC, Sun Pharma, IndusInd Bank, Honasa Consumer, MTAR Tech, Metro Brands, Power Mech, Bharat Electronics in focus on 23 May Let's catch up on the latest news from the stock mark",2025-05-23,0.9987,Positive,0.103,0.022,0.875,1,True,"renewable, green energy",sensex,2026-10-04
MINDTREE,Mindtree (legacy symbol),"Stocks to Watch Today: Wipro, Axis Bank, LTIMindtree, Indian Hotels, Lupin, Tracxn Tech, Capital SFB, Veranda Learning, IndoStar in focus on 18 July Let's catch up on the latest news from the stock ma",2025-07-18,0.9991,Positive,0.119,0.013,0.868,1,True,labor,,2026-10-04
MINDTREE,Mindtree (legacy symbol),"Stocks to Watch Today: ITC, Hindustan Aeronautics, NCC, EIL, HBL Engineering, Power Mech Projects, Prestige Estates, Desco Infratech in focus on 1 April Let's catch up on the latest news from the stoc",2025-04-01,0.9998,Positive,0.128,0.013,0.859,4,True,"water, renewable, environment, penalty",,2026-10-04
MINDTREE,Mindtree (legacy symbol),"Stocks to Watch Today: Tata Consumer Products, BPCL, Adani Green Energy, Panacea Biotec, Thyrocare, Bajaj Housing, LTIMindtree in focus on 24 April Let's catch up on the latest news from the stock mar",2025-04-24,0.9989,Positive,0.14,0.026,0.835,2,True,"renewable, green energy",,2026-10-04
MINDTREE,Mindtree (legacy symbol),"Stocks to Watch Today: Tech Mahindra, Angel One, Ixigo, Maruti Suzuki, Godrej Properties, Hindustan Zinc, Zydus Life, Smartworks in focus on 17 July Let's catch up on the latest news from the stock ma",2025-07-17,0.9953,Positive,0.106,0.025,0.869,1,True,renewable,,2026-10-04
MINDTREE,Mindtree (legacy symbol),"Stocks to Watch Today: HCL Tech, Ashoka Buildcon, PNC Infratech, Airtel, Bharat Forge, Cyient DLM, M&M Financial, RBL Bank in focus on 23 April Let's catch up on the latest news from the stock market.",2025-04-23,0.9978,Positive,0.113,0.022,0.865,2,True,"carbon, water",,2026-10-04
MINDTREE,Mindtree (legacy symbol),"Stocks to Watch Today: Cipla, Delta Corp, Kotak Bank, JM Financial, Berger Paints, Amara Raja Energy in focus on 21 February Let's catch up on the latest news from the stock market. From significant i",2025-02-21,0.9987,Positive,0.101,0.008,0.891,4,True,"carbon, water, green energy, labor",,2026-10-04
NEWGEN,Newgen Software Technologies,"Stocks to Watch Today: Wipro, Axis Bank, LTIMindtree, Indian Hotels, Lupin, Tracxn Tech, Capital SFB, Veranda Learning, IndoStar in focus on 18 July Let's catch up on the latest news from the stock ma",2025-07-18,0.9991,Positive,0.119,0.013,0.868,1,True,labor,,2026-10-04
NEWGEN,Newgen Software Technologies,"Stocks to Watch Today: NTPC Green, Diamond Power Infra, Newgen Software, Indosolar, Gland Pharma, Hindustan Aeronautics in focus on 5 June Let's catch up on the latest news from the stock market. From",2025-06-05,0.9958,Positive,0.085,0.013,0.902,7,True,"emission, emissions, renewable, climate, green energy, net zero, labor",,2026-10-04
NEWGEN,Newgen Software Technologies,"Stocks to Watch Today: ITC, Hindustan Aeronautics, NCC, EIL, HBL Engineering, Power Mech Projects, Prestige Estates, Desco Infratech in focus on 1 April Let's catch up on the latest news from the stoc",2025-04-01,0.9998,Positive,0.128,0.013,0.859,4,True,"water, renewable, environment, penalty",,2026-10-04
TANLA,Tanla Platforms,"Stocks to Watch Today: Tata Steel, Hindalco, Paytm, Kfin Technologies, Premier Explosives, Aether Industries, Sundaram Clayton in focus on 13 May Let's catch up on the latest news from the stock marke",2025-05-13,0.9972,Positive,0.105,0.029,0.865,2,True,"pollution, labor",,2026-10-04
TANLA,Tanla Platforms,"Stocks to Watch Today: Axis Bank, Tech Mahindra, L&T Tech, Macrotech Developers, Cyient, IEX, Container Corporation in focus on 25 April Let's catch up on the latest news from the stock market. From s",2025-04-25,0.9973,Positive,0.107,0.025,0.868,1,True,labor,,2026-10-04
TANLA,Tanla Platforms,"Stocks to Watch Today: Infosys, Dr Reddys Labs, Tata Consumer, Cigniti, Force Motors, Natco Pharma, IndusInd Bank, BEML, Tilaknagar Ind in focus on 24 July Let's catch up on the latest news from the s",2025-07-24,0.9991,Positive,0.121,0.013,0.865,1,True,labor,,2026-10-04
TANLA,Tanla Platforms,"Stocks to Watch Today: Bajaj Finance, IndusInd Bank, IndiaMART, Schaeffler India, Vishal Mega Mart, Prestige Estates, Strides Pharma in focus on 30 April Let's catch up on the latest news from the sto",2025-04-30,0.9989,Positive,0.118,0.024,0.858,2,True,"climate, labor",,2026-10-04
TANLA,Tanla Platforms,"Stocks to Watch Today: Sun Pharma, eClerx, IEX, Anant Raj, REC, Aether Industries, L&T, Enviro Infra, GR Infraprojects, Adani Enterprises in focus on 25 July Let's catch up on the latest news from the",2025-07-25,0.9975,Positive,0.094,0.015,0.891,3,True,"waste, water, labor",,2026-10-04
TANLA,Tanla Platforms,"Stocks to Watch Today: Vishal Mega Mart, Biocon, TCS, Mastek, HCL Tech, ICICI Bank, Tanla Platforms, Zee Entertainment, IndiaMART in focus on 17 June Let's catch up on the latest news from the stock m",2025-06-17,0.9985,Positive,0.129,0.017,0.854,2,True,"renewable, labor",,2026-10-04
TANLA,Tanla Platforms,"Stocks to Watch Today: Tata Consumer Products, BPCL, Adani Green Energy, Panacea Biotec, Thyrocare, Bajaj Housing, LTIMindtree in focus on 24 April Let's catch up on the latest news from the stock mar",2025-04-24,0.9989,Positive,0.14,0.026,0.835,2,True,"renewable, green energy",,2026-10-04
TANLA,Tanla Platforms,"Stocks to Watch Today: Cipla, Delta Corp, Kotak Bank, JM Financial, Berger Paints, Amara Raja Energy in focus on 21 February Let's catch up on the latest news from the stock market. From significant i",2025-02-21,0.9987,Positive,0.101,0.008,0.891,4,True,"carbon, water, green energy, labor",,2026-10-04
TANLA,Tanla Platforms,"Stocks to Watch Today: Paytm, Lodha Developers, Oberoi Realty, Kirloskar Ferrous, KEI Industries, JSW Infra, Alpex Solar, Monika Alcobev in focus on 23 July Let's catch up on the latest news from the ",2025-07-23,0.9932,Positive,0.088,0.035,0.876,3,True,"water, labor, penalty",,2026-10-04
INTELLECT,Intellect Design Arena,Indian drugmakers gearing up to target global weight-loss market as semaglutide patents begin to expire in 2026 Indian pharmaceutical companies are preparing to flood the market with generic versions ,2025-06-17,0.9822,Positive,0.087,0.034,0.88,1,True,labor,,2026-10-04
INTELLECT,Intellect Design Arena,"Stocks to Watch Today: Wipro, Axis Bank, LTIMindtree, Indian Hotels, Lupin, Tracxn Tech, Capital SFB, Veranda Learning, IndoStar in focus on 18 July Let's catch up on the latest news from the stock ma",2025-07-18,0.9991,Positive,0.119,0.013,0.868,1,True,labor,,2026-10-04
INTELLECT,Intellect Design Arena,"IPO-bound Anthem Bio says cost arbitrage drove expansion, proposing China alternative for global pharma IPO-bound Anthem Biosciences, a Bengaluru-based contract research development and manufacturing ",2025-07-10,0.9853,Positive,0.078,0.03,0.892,1,True,labor,,2026-10-04
INTELLECT,Intellect Design Arena,"Stocks to Watch Today: Tata Steel, Yes Bank, Godrej Properties, AstraZeneca Pharma, IndusInd Bank, Nykaa, Bajaj Housing Finance in focus on 7 April Let's catch up on the latest news from the stock mar",2025-04-07,0.9975,Positive,0.116,0.028,0.856,1,True,green energy,,2026-10-04
ROUTE,Route Mobile,"Stocks to Watch Today: Infosys, ICICI Bank, HDFC Bank, HDFC Life, NIIT, ABB India, Tata Elxsi, Just Dial, TCS in focus on 21 April Let's catch up on the latest news from the stock market. From signifi",2025-04-21,0.9985,Positive,0.115,0.018,0.868,1,True,labor,,2026-10-04
ROUTE,Route Mobile,"Stocks to Watch Today: Divis Labs, Premier Energies, Delhivery, Dr Reddys, Bharat Electronics, KEC International, Sun Pharma, PNC Infratech in focus on 19 May Let's catch up on the latest news from th",2025-05-19,0.9993,Positive,0.122,0.018,0.859,1,True,labor,,2026-10-04
ROUTE,Route Mobile,"Stocks to Watch Today: TCS, Zydus Lifesciences, RPP Infra Projects, LIC Housing, Galaxy Surfactants, Route Mobile in focus on 6 March Let's catch up on the latest news from the stock market. From sign",2025-03-06,0.9983,Positive,0.128,0.011,0.861,3,True,"water, green energy, labor",,2026-10-04
ROUTE,Route Mobile,Merchant bankers tasked to bring foreign capital into PSU banks during upcoming QIPs Merchant bankers appointed to manage the upcoming qualified institutional placements (QIP) of five nationalised ban,2025-07-30,0.9968,Positive,0.111,0.011,0.879,1,True,governance,,2026-10-04
ROUTE,Route Mobile,"Stocks to Watch Today: Wipro, Axis Bank, LTIMindtree, Indian Hotels, Lupin, Tracxn Tech, Capital SFB, Veranda Learning, IndoStar in focus on 18 July Let's catch up on the latest news from the stock ma",2025-07-18,0.9991,Positive,0.119,0.013,0.868,1,True,labor,,2026-10-04
ROUTE,Route Mobile,"Goldman Sachs bucks the industry trend with booming India P-note business While the broader market for India's participatory notes (P-notes) continues its steady decline, US investment banking giant G",2025-07-16,0.9968,Positive,0.113,0.007,0.879,1,True,environment,,2026-10-04
ROUTE,Route Mobile,"Stocks to Watch Today: Senco Gold, Phoenix Mills, Home First Finance, Concord Biotech, Sasken Tech, BPCL, IRB Infrastructure in focus on 9 April Let's catch up on the latest news from the stock market",2025-04-09,0.9974,Positive,0.111,0.028,0.861,2,True,"renewable, green energy",,2026-10-04
ROUTE,Route Mobile,"Stocks to Watch Today: HCL Tech, Sanofi India, KSB, PB Fintech, Transrail Lighting, Tata Power, Granules India, Kernex in focus on 28 February Let's catch up on the latest news from the stock market. ",2025-02-28,0.9993,Positive,0.139,0.011,0.85,4,True,"renewable, green energy, labor, penalty",,2026-10-04
ROUTE,Route Mobile,"India-UK FTA set to boost pharma and medtech trade The landmark India-UK Free Trade Agreement signed Thursday is poised to boost bilateral trade dynamics, particularly in the pharmaceutical and medica",2025-07-24,0.9977,Positive,0.151,0.006,0.843,1,True,labor,,2026-10-04
ROUTE,Route Mobile,"India Inc courts distant shores as foreign currency borrowing swells to over six-year high in March India saw a sharp surge in external commercial borrowings (ECBs) during March, with private sector c",2025-05-15,0.9762,Positive,0.107,0.012,0.882,1,True,diversity,,2026-10-04
ROUTE,Route Mobile,"Stocks to Watch Today: Vishal Mega Mart, Biocon, TCS, Mastek, HCL Tech, ICICI Bank, Tanla Platforms, Zee Entertainment, IndiaMART in focus on 17 June Let's catch up on the latest news from the stock m",2025-06-17,0.9985,Positive,0.129,0.017,0.854,2,True,"renewable, labor",,2026-10-04
ROUTE,Route Mobile,"Tata Steel is largely expected to be immune from US tariff threats to its Indian operations Metals major Tata Steel's managing director and CEO, T.V Narendran, and executive director and chief financi",2025-08-01,0.9932,Positive,0.072,0.05,0.878,2,True,"water, penalty",,2026-10-04
ROUTE,Route Mobile,"Stocks to Watch Today: TCS, Quess Corp, Power Grid Corporation, Eris Lifesciences, Omaxe, Kalpataru Projects, Biocon in focus on 7 March Let's catch up on the latest news from the stock market. From s",2025-03-07,0.9978,Positive,0.095,0.009,0.896,1,True,labor,,2026-10-04
ROUTE,Route Mobile,"Stocks to Watch Today: Wipro, HDFC Bank, Alkem Labs, Aditya Birla Fashion, Indegene, Tata Technologies, Servotech, Scoda Tubes in focus on 4 June Let's catch up on the latest news from the stock marke",2025-06-04,0.9993,Positive,0.138,0.019,0.843,4,True,"renewable, sustainable, labor, governance",,2026-10-04
ROUTE,Route Mobile,"Stocks to Watch Today: HCL Technologies, Zinka Logistics, Biocon, Torrent Power, Jindal Stainless, Frontier Springs, Prostarm Info Systems in focus on 3 June Let's catch up on the latest news from the",2025-06-03,0.9991,Positive,0.121,0.012,0.867,5,True,"water, renewable, green energy, labor, inclusion",,2026-10-04
ROUTE,Route Mobile,Sebi to soon decide on lenient delisting norms for PSUs with high promoter holding The upcoming board meeting of capital market regulator Sebi - scheduled on June 18 - is likely to decide on the fortu,2025-06-03,0.9473,Positive,0.058,0.018,0.924,1,True,compliance,,2026-10-04
ROUTE,Route Mobile,"IREDA confident of recovery from Gensol EV assets, provisioning may not rise State-run renewable energy financier IREDA sees no further requirement of provisioning for its exposure to troubled borrowe",2025-07-22,-0.75,Negative,0.062,0.069,0.869,2,True,"renewable, governance",,2026-10-04
ROUTE,Route Mobile,Samvardhana Motherson International Announces Postal Ballot for ESOP Scheme Approval   Samvardhana Motherson International Limited has announced a postal ballot seeking shareholder approval for the 'S,2025-07-23,0.9976,Positive,0.184,0.026,0.789,1,True,compliance,,2026-10-04
ROUTE,Route Mobile,"IREDA moves to file bankruptcy against Gensol Engineering over alleged fraud Indian Renewable Energy Development Agency (IREDA), one of two public sector lenders that had loaned money to scam-hit Gens",2025-05-14,-0.8203,Negative,0.044,0.061,0.895,1,True,renewable,,2026-10-04
ROUTE,Route Mobile,"Brookfield’s CleanMax, KKR-backed Hero Future Energies may file draft IPO papers by next week KKR-backed Hero Future Energies, the renewable energy arm of Rahul Munjal-led Hero Group, and CleanMax Env",2025-08-07,0.9985,Positive,0.176,0.0,0.824,2,True,"renewable, green energy",,2026-10-04
ROUTE,Route Mobile,Gensol and BluSmart promoter Anmol Singh Jaggi diverted EV loans to purchase a DLF Camellias flat: SEBI Gensol Engineering Ltd promoters Anmol and Puneet Singh Jaggi allegedly diverted loans meant for,2025-04-16,0.9022,Positive,0.025,0.006,0.969,1,True,governance,,2026-10-04
ROUTE,Route Mobile,"Stocks to Watch Today: Aditya Birla Capital, Sonata Software, Wipro, Kaynes Technology, CreditAccess Grameen, Reliance Infrastructure in focus on 11 June Let's catch up on the latest news from the sto",2025-06-11,0.998,Positive,0.107,0.02,0.873,2,True,"renewable, labor",,2026-10-04
ROUTE,Route Mobile,"IREDA plans to raise Rs 2,500-3,000 crore through QIP this fiscal State-owned IREDA plans to raise Rs 2,500-3,000 crore through qualified institutional placement route this fiscal as it looks to dilut",2025-07-21,0.9884,Positive,0.1,0.0,0.9,1,True,governance,,2026-10-04
ROUTE,Route Mobile,IREDA files second bankruptcy case against Gensol Engineering over alleged fraud Indian Renewable Energy Development Agency (IREDA) on Friday said it has filed a second bankruptcy application against ,2025-05-16,0.5574,Positive,0.06,0.054,0.887,1,True,"renewable, governance",share price,2026-10-04
ROUTE,Route Mobile,"Inox Clean Energy files confidential DRHP for Rs 6,000-crore IPO Uttar Pradesh-based solar modules and cell manufacturer Inox Clean Energy has filed draft red herring prospectus via confidential route",2025-07-11,0.9889,Positive,0.126,0.0,0.874,2,True,"renewable, green energy",,2026-10-04
ROUTE,Route Mobile,"What led to the selloff in PB Fintech shares: IRDAI's regulatory action explained Shares of PB Fintech, the parent entity of PolicyBazaar, fell over 2 percent on August 5 as investors weighed the fall",2025-08-05,0.2336,Positive,0.095,0.094,0.81,2,True,"governance, penalty, violation",brokerage,2026-10-04
ROUTE,Route Mobile,Buy AU Small Finance Bank; target of Rs 875: Motilal Oswal Motilal Oswal's research report on AU Small Finance Bank  RBI has granted in-principle approval to AU SFB (AUBANK) for its transition into a ,2025-08-08,0.9765,Positive,0.121,0.005,0.874,1,True,governance,,2026-10-04
ROUTE,Route Mobile,"Stocks to Watch Today: Paytm, Lodha Developers, Oberoi Realty, Kirloskar Ferrous, KEI Industries, JSW Infra, Alpex Solar, Monika Alcobev in focus on 23 July Let's catch up on the latest news from the ",2025-07-23,0.9932,Positive,0.088,0.035,0.876,3,True,"water, labor, penalty",,2026-10-04
RATEGAIN,RateGain Travel Technologies,"Stocks to Watch Today: Indian Hotels, CCL Products, DCM Shriram, Ather Energy, Senores Pharma, Paras Defence, Glenmark in focus on 6 May Let's catch up on the latest news from the stock market. From s",2025-05-06,0.9984,Positive,0.121,0.018,0.861,1,True,penalty,,2026-10-04
RATEGAIN,RateGain Travel Technologies,"Stocks to Watch Today: TCS, Hindalco, RBL Bank, United Breweries, Godfrey Phillips, Kisan Mouldings, KNR Construction in focus on 14 February Let's catch up on the latest news from the stock market. F",2025-02-14,0.9984,Positive,0.104,0.014,0.882,2,True,"labor, violation",,2026-10-04
ECLERX,eClerx Services,"Stocks to Watch Today: Eicher Motors, Apollo Tyres, Lupin, Wendt India, HUL, Brigade, Genesys, Wipro, Shilpa Medicare, Yes Bank, Vascon Engineers in focus on 15 May Let's catch up on the latest news f",2025-05-15,0.9993,Positive,0.123,0.018,0.859,1,True,renewable,,2026-10-04
ECLERX,eClerx Services,"Stocks to Watch Today: Sun Pharma, eClerx, IEX, Anant Raj, REC, Aether Industries, L&T, Enviro Infra, GR Infraprojects, Adani Enterprises in focus on 25 July Let's catch up on the latest news from the",2025-07-25,0.9975,Positive,0.094,0.015,0.891,3,True,"waste, water, labor",,2026-10-04
ECLERX,eClerx Services,"Stocks to Watch Today: Bharti Airtel, Tata Motors, Dalmia Bharat Sugar, Metropolis, ITD Cementation, ASK Automotive, Bharti Hexacom in focus on 14 May Let's catch up on the latest news from the stock ",2025-05-14,0.9984,Positive,0.122,0.013,0.866,2,True,"renewable, green energy",,2026-10-04
DATAMATICS,Datamatics Global Services,HDFC Bank Opens Special Window for Physical Share Transfer Re-lodgement   HDFC Bank Limited has announced the opening of a special six-month window for the re-lodgement of transfer requests for physic,2025-07-08,0.9985,Positive,0.188,0.046,0.766,2,True,"environment, compliance",,2026-10-04
DATAMATICS,Datamatics Global Services,"HDFC Bank Dividend: Record date announced for shareholder eligibility; buy before deadline to get paid       HDFC Bank has announced Friday, June 27, 2025, as the record date to determine the eligibil",2025-06-25,0.9786,Positive,0.066,0.008,0.926,1,True,compliance,,2026-10-04
MASTEK,Mastek,"Stocks to Watch Today: Wipro, Axis Bank, LTIMindtree, Indian Hotels, Lupin, Tracxn Tech, Capital SFB, Veranda Learning, IndoStar in focus on 18 July Let's catch up on the latest news from the stock ma",2025-07-18,0.9991,Positive,0.119,0.013,0.868,1,True,labor,,2026-10-04
MASTEK,Mastek,"Stocks to Watch Today: RIL, HDFC Bank, ICICI Bank, JSW Steel, IDFC First Bank, Dr Reddys Labs, IRCON, Sona Comstar, Anthem Biosciences in focus on 21 July Let's catch up on the latest news from the st",2025-07-21,0.9992,Positive,0.112,0.024,0.864,1,True,labor,,2026-10-04
MASTEK,Mastek,"Stocks to Watch Today: Vishal Mega Mart, Biocon, TCS, Mastek, HCL Tech, ICICI Bank, Tanla Platforms, Zee Entertainment, IndiaMART in focus on 17 June Let's catch up on the latest news from the stock m",2025-06-17,0.9985,Positive,0.129,0.017,0.854,2,True,"renewable, labor",,2026-10-04
MASTEK,Mastek,"Stocks to Watch Today: KPI Green, Tata Power, Adani Green, Airtel, Waaree Energies, UltraTech Cement, Ceigall India, Mastek in focus on 27 February Let's catch up on the latest news from the stock mar",2025-02-27,0.9979,Positive,0.083,0.016,0.901,6,True,"renewable, environment, green energy, labor, penalty, violation",,2026-10-04
MASTEK,Mastek,"Stocks to Watch Today: Timex Group India, Infosys, Hindalco, BLS E-Services, JB Chemicals, Aurobindo Pharma, Bajel Projects, Arisinfra in focus on 25 June Let's catch up on the latest news from the st",2025-06-25,0.9979,Positive,0.12,0.023,0.857,1,True,labor,,2026-10-04
SONACOMS,Sona BLW Precision Forgings,"Stocks to Watch Today: RIL, HDFC Bank, ICICI Bank, JSW Steel, IDFC First Bank, Dr Reddys Labs, IRCON, Sona Comstar, Anthem Biosciences in focus on 21 July Let's catch up on the latest news from the st",2025-07-21,0.9992,Positive,0.112,0.024,0.864,1,True,labor,,2026-10-04
SONACOMS,Sona BLW Precision Forgings,"Stocks to Watch Today: Bajaj Finance, IndusInd Bank, IndiaMART, Schaeffler India, Vishal Mega Mart, Prestige Estates, Strides Pharma in focus on 30 April Let's catch up on the latest news from the sto",2025-04-30,0.9989,Positive,0.118,0.024,0.858,2,True,"climate, labor",,2026-10-04
SONACOMS,Sona BLW Precision Forgings,"Stocks to Watch Today: Emcure Pharma, Bajaj Finance, Bandhan Bank, Marico, Sterling Powergensys, Piramal Pharma, Godavari Biorefineries in focus on 4 July Let's catch up on the latest news from the st",2025-07-04,0.9976,Positive,0.084,0.027,0.889,1,True,penalty,,2026-10-04
SONACOMS,Sona BLW Precision Forgings,"Stocks to Watch Today: Vishal Mega Mart, Biocon, TCS, Mastek, HCL Tech, ICICI Bank, Tanla Platforms, Zee Entertainment, IndiaMART in focus on 17 June Let's catch up on the latest news from the stock m",2025-06-17,0.9985,Positive,0.129,0.017,0.854,2,True,"renewable, labor",,2026-10-04
SONACOMS,Sona BLW Precision Forgings,"Stocks to Watch Today: Enviro Infra Engineers, HG Infra, Garware Technical Fibres, Metro Brands, Adani Total Gas, CESC, SJVN, Eppeltone in focus on 24 June Let's catch up on the latest news from the s",2025-06-24,0.9947,Positive,0.096,0.026,0.878,3,True,"waste, water, renewable",,2026-10-04
SONACOMS,Sona BLW Precision Forgings,"Stocks to Watch Today: Paytm, Aurobindo Pharma, Aditya Infotech, DLF, Siemens Energy, Inox India, Godfrey Phillips, Azad Engineering in focus on 5 August Let's catch up on the latest news from the sto",2025-08-05,0.9964,Positive,0.105,0.015,0.88,1,True,labor,,2026-10-04
SONACOMS,Sona BLW Precision Forgings,"Stocks to Watch Today: ABB India, Dilip Buildcon, ITC, Railtel Corp, Hero MotoCorp, Delhivery, MCX, Muthoot Capital, Harsha Engineers in focus on 4 August Let's catch up on the latest news from the st",2025-08-04,0.9977,Positive,0.1,0.013,0.887,1,True,labor,,2026-10-04
HGS,Hinduja Global Solutions,"Stocks to Watch Today: Lupin, Tata Power, Nazara Tech, Shilpa Medicare, GMR Airports, IRB Infra, Railtel, Shyam Metalics in focus on 10 March Let's catch up on the latest news from the stock market. F",2025-03-10,0.9989,Positive,0.111,0.016,0.873,3,True,"renewable, sustainable, net zero",,2026-10-04
NIITLTD,NIIT,"Stocks to Watch Today: Infosys, ICICI Bank, HDFC Bank, HDFC Life, NIIT, ABB India, Tata Elxsi, Just Dial, TCS in focus on 21 April Let's catch up on the latest news from the stock market. From signifi",2025-04-21,0.9985,Positive,0.115,0.018,0.868,1,True,labor,,2026-10-04
NIITLTD,NIIT,"Stocks to Watch Today: Lupin, Tata Power, Nazara Tech, Shilpa Medicare, GMR Airports, IRB Infra, Railtel, Shyam Metalics in focus on 10 March Let's catch up on the latest news from the stock market. F",2025-03-10,0.9989,Positive,0.111,0.016,0.873,3,True,"renewable, sustainable, net zero",,2026-10-04
NIITLTD,NIIT,"Stocks to Watch Today: Zydus Lifesciences, CE Info Systems Nazara Tech, Sterlite Technologies, HG Infra, Hindustan Copper, Angel One in focus on 12 June Let's catch up on the latest news from the stoc",2025-06-12,0.9991,Positive,0.132,0.017,0.851,3,True,"renewable, labor, csr",,2026-10-04
E2E,E2E Networks,"Stocks to Watch Today: Reliance Industries, IDFC First Bank, Tata Tech, Tejas Networks, India Cements, IGL, Biocon, Zydus Life in focus on 28 April Let's catch up on the latest news from the stock mar",2025-04-28,0.9989,Positive,0.102,0.013,0.886,1,True,green energy,,2026-10-04
E2E,E2E Networks,"MSCI rebalancing could see Paytm, Nykaa find their way into the Standard index: Nuvama Investors will be closely tracking the MSCI index rebalancing announcement for the Standard and Smallcap indices,",2025-05-13,0.872,Positive,0.044,0.013,0.943,1,True,inclusion,,2026-10-04
AFFLE,Affle India,"Stocks to Watch Today: Sun Pharma, eClerx, IEX, Anant Raj, REC, Aether Industries, L&T, Enviro Infra, GR Infraprojects, Adani Enterprises in focus on 25 July Let's catch up on the latest news from the",2025-07-25,0.9975,Positive,0.094,0.015,0.891,3,True,"waste, water, labor",,2026-10-04
MPSLTD,MPS,"Stocks to Watch Today: Infosys, ICICI Bank, HDFC Bank, HDFC Life, NIIT, ABB India, Tata Elxsi, Just Dial, TCS in focus on 21 April Let's catch up on the latest news from the stock market. From signifi",2025-04-21,0.9985,Positive,0.115,0.018,0.868,1,True,labor,,2026-10-04
MPSLTD,MPS,"Stocks to Watch Today: Bajaj Auto, Ipca Labs, Mazagon Dock, Lemon Tree Hotels, Suzlon Energy, NBCC, Ola Electric, Sobha in focus on 30 May Let's catch up on the latest news from the stock market. From",2025-05-30,0.9982,Positive,0.129,0.013,0.858,2,True,"renewable, labor",,2026-10-04
MPSLTD,MPS,"Stocks to Watch Today: Coal India, Shanti Gold, Swiggy, PB Fintech, Chalet Hotels, RR Kabel, JSW Energy, Aarti Industries, ITC, Eicher Motors in focus on 1 August Let's catch up on the latest news fro",2025-08-01,0.9988,Positive,0.103,0.019,0.878,3,True,"carbon, sustainable, labor",,2026-10-04
MPSLTD,MPS,"Stocks to Watch Today: Divis Labs, Premier Energies, Delhivery, Dr Reddys, Bharat Electronics, KEC International, Sun Pharma, PNC Infratech in focus on 19 May Let's catch up on the latest news from th",2025-05-19,0.9993,Positive,0.122,0.018,0.859,1,True,labor,,2026-10-04
MPSLTD,MPS,"Stocks to Watch Today: ITC, Sun Pharma, IndusInd Bank, Honasa Consumer, MTAR Tech, Metro Brands, Power Mech, Bharat Electronics in focus on 23 May Let's catch up on the latest news from the stock mark",2025-05-23,0.9987,Positive,0.103,0.022,0.875,1,True,"renewable, green energy",sensex,2026-10-04
MPSLTD,MPS,"Stocks to Watch Today: Tata Steel, Hindalco, Paytm, Kfin Technologies, Premier Explosives, Aether Industries, Sundaram Clayton in focus on 13 May Let's catch up on the latest news from the stock marke",2025-05-13,0.9972,Positive,0.105,0.029,0.865,2,True,"pollution, labor",,2026-10-04
MPSLTD,MPS,"Stocks to Watch Today: Wipro, Axis Bank, LTIMindtree, Indian Hotels, Lupin, Tracxn Tech, Capital SFB, Veranda Learning, IndoStar in focus on 18 July Let's catch up on the latest news from the stock ma",2025-07-18,0.9991,Positive,0.119,0.013,0.868,1,True,labor,,2026-10-04
MPSLTD,MPS,"Stocks to Watch Today: Hero MotoCorp, Zydus Life, Lupin, Sonata Software, Dalmia Bharat, Paytm, Infosys, Angel One, Wipro in focus on 17 April Let's catch up on the latest news from the stock market. ",2025-04-17,0.9984,Positive,0.094,0.015,0.891,3,True,"renewable, green energy, labor",,2026-10-04
MPSLTD,MPS,"Stocks to Watch Today: RIL, HDFC Bank, ICICI Bank, JSW Steel, IDFC First Bank, Dr Reddys Labs, IRCON, Sona Comstar, Anthem Biosciences in focus on 21 July Let's catch up on the latest news from the st",2025-07-21,0.9992,Positive,0.112,0.024,0.864,1,True,labor,,2026-10-04
MPSLTD,MPS,"Stocks to Watch Today: Tata Motors, M&M, Niva Bupa, Alembic Pharma, IRCON, Godrej Properties, Titagarh, AstraZeneca, Genus Power, Nykaa in focus on 2 June Let's catch up on the latest news from the st",2025-06-02,0.9976,Positive,0.08,0.019,0.901,1,True,labor,,2026-10-04
MPSLTD,MPS,"Stocks to Watch Today: Axis Bank, Tech Mahindra, L&T Tech, Macrotech Developers, Cyient, IEX, Container Corporation in focus on 25 April Let's catch up on the latest news from the stock market. From s",2025-04-25,0.9973,Positive,0.107,0.025,0.868,1,True,labor,,2026-10-04
MPSLTD,MPS,"Stocks to Watch Today: Senco Gold, Phoenix Mills, Home First Finance, Concord Biotech, Sasken Tech, BPCL, IRB Infrastructure in focus on 9 April Let's catch up on the latest news from the stock market",2025-04-09,0.9974,Positive,0.111,0.028,0.861,2,True,"renewable, green energy",,2026-10-04
MPSLTD,MPS,"Stocks to Watch Today: TCS, Cryogenic OGS, Embassy REIT, Indosolar, Enviro Infra Engineers, Emcure Pharma, HCL Technologies, Crizac in focus on 10 July Let's catch up on the latest news from the stock",2025-07-10,0.9966,Positive,0.114,0.012,0.874,2,True,"renewable, labor",,2026-10-04
MPSLTD,MPS,"Stocks to Watch Today: HCL Tech, Sanofi India, KSB, PB Fintech, Transrail Lighting, Tata Power, Granules India, Kernex in focus on 28 February Let's catch up on the latest news from the stock market. ",2025-02-28,0.9993,Positive,0.139,0.011,0.85,4,True,"renewable, green energy, labor, penalty",,2026-10-04
MPSLTD,MPS,"Stocks to Watch Today: Infosys, Dr Reddys Labs, Tata Consumer, Cigniti, Force Motors, Natco Pharma, IndusInd Bank, BEML, Tilaknagar Ind in focus on 24 July Let's catch up on the latest news from the s",2025-07-24,0.9991,Positive,0.121,0.013,0.865,1,True,labor,,2026-10-04
MPSLTD,MPS,"Stocks to Watch Today: Bharti Airtel, Kfin Technologies, Nazara Tech, Dabur, Blue Star, Voltas, Symphony, United Breweries, Coal India in focus on 8 May Let's catch up on the latest news from the stoc",2025-05-08,0.9978,Positive,0.117,0.019,0.864,1,True,renewable,,2026-10-04
MPSLTD,MPS,"Stocks to Watch Today: PB Fintech, Allied Blenders, LIC Housing, Bharti Airtel, Abbott India, Rail Vikas Nigam, Infosys, JSW Energy in focus on 16 May Let's catch up on the latest news from the stock ",2025-05-16,0.9989,Positive,0.117,0.016,0.866,1,True,labor,,2026-10-04
MPSLTD,MPS,"Stocks to Watch Today: Kotak Bank, CDSL, Balkrishna Ind, Orient Cement, Tata Chemicals, Poonawalla Fincorp, VA Tech Wabag, RITES in focus on 28 July Let's catch up on the latest news from the stock ma",2025-07-28,0.9992,Positive,0.119,0.022,0.859,4,True,"waste, water, green energy, labor",,2026-10-04
MPSLTD,MPS,"Stocks to Watch Today: NHPC, United Spirits, Aster DM Healthcare, GSFC, Gland Pharma, KPR Mills, Dixon Tech, IRCON, Nazara Tech in focus on 21 May Let's catch up on the latest news from the stock mark",2025-05-21,0.9991,Positive,0.108,0.012,0.88,3,True,"renewable, green energy, governance",,2026-10-04
MPSLTD,MPS,"Stocks to Watch Today: NTPC, JSW Steel, JK Cement, Ashoka Buildcon, GNFC, Paytm, Eternal, Zydus Life, Nibe, Havells India in focus on 26 May Let's catch up on the latest news from the stock market. Fr",2025-05-26,0.9992,Positive,0.127,0.012,0.861,1,True,sustainability,,2026-10-04
MPSLTD,MPS,"Stocks to Watch Today: Tata Motors, Paytm, TVS Motor, NLC India, Piramal Enterprises, International Gemmological Institute, M&M in focus on 3 March Let's catch up on the latest news from the stock mar",2025-03-03,0.9982,Positive,0.079,0.017,0.904,1,True,penalty,,2026-10-04
MPSLTD,MPS,"Stocks to Watch Today: Eicher Motors, Apollo Tyres, Lupin, Wendt India, HUL, Brigade, Genesys, Wipro, Shilpa Medicare, Yes Bank, Vascon Engineers in focus on 15 May Let's catch up on the latest news f",2025-05-15,0.9993,Positive,0.123,0.018,0.859,1,True,renewable,,2026-10-04
MPSLTD,MPS,"Stocks to Watch Today: CG Power, Kalpataru Projects, Ellenbarrie, KSB, NCC, Bharat Electronics, HCL Tech, AAVAS Financiers, Apollo Hospitals in focus on 1 July Let's catch up on the latest news from t",2025-07-01,0.9979,Positive,0.107,0.015,0.878,2,True,"green energy, labor",,2026-10-04
MPSLTD,MPS,"Stocks to Watch Today: Bajaj Finance, IndusInd Bank, IndiaMART, Schaeffler India, Vishal Mega Mart, Prestige Estates, Strides Pharma in focus on 30 April Let's catch up on the latest news from the sto",2025-04-30,0.9989,Positive,0.118,0.024,0.858,2,True,"climate, labor",,2026-10-04
MPSLTD,MPS,"Stocks to Watch Today: Indiqube Spaces, GNG Electronics, Dilip Buildcon, GMR Airports, Ask Automotive, GE Vernova, IGI India, L&T in focus on 30 July Let's catch up on the latest news from the stock m",2025-07-30,0.9978,Positive,0.108,0.011,0.881,1,True,labor,,2026-10-04
MPSLTD,MPS,"Stocks to Watch Today: TCS, Tata Elxsi, Anand Rathi, IREDA, Hindustan Unilever, Glenmark Pharma, Aegis Logistics, Meta Infotech in focus on 11 July Let's catch up on the latest news from the stock mar",2025-07-11,0.9979,Positive,0.122,0.017,0.861,1,True,renewable,,2026-10-04
MPSLTD,MPS,"Stocks to Watch Today: Ashok Leyland, Dixon Tech, Zydus Lifesciences, ICICI Lombard, HDB Financial, HDFC Life, Jindal Steel, Biocon in focus on 16 July Let's catch up on the latest news from the stock",2025-07-16,0.9926,Positive,0.09,0.031,0.879,1,True,labor,,2026-10-04
MPSLTD,MPS,"Stocks to Watch Today: Larsen and Toubro, Britannia, Titan, Venus Pipes, Paytm, Suzlon, Lupin, Union Bank, Kalyan Jewellers in focus on 9 May Let's catch up on the latest news from the stock market. F",2025-05-09,0.9987,Positive,0.117,0.017,0.866,2,True,"renewable, labor",,2026-10-04
MPSLTD,MPS,"Stocks to Watch Today: Sun Pharma, eClerx, IEX, Anant Raj, REC, Aether Industries, L&T, Enviro Infra, GR Infraprojects, Adani Enterprises in focus on 25 July Let's catch up on the latest news from the",2025-07-25,0.9975,Positive,0.094,0.015,0.891,3,True,"waste, water, labor",,2026-10-04
MPSLTD,MPS,"Stocks to Watch Today: Emcure Pharma, Bajaj Finance, Bandhan Bank, Marico, Sterling Powergensys, Piramal Pharma, Godavari Biorefineries in focus on 4 July Let's catch up on the latest news from the st",2025-07-04,0.9976,Positive,0.084,0.027,0.889,1,True,penalty,,2026-10-04
MPSLTD,MPS,"Stocks to Watch Today: IndusInd Bank, Hitachi Energy, NTPC, Syngene, MSTC, HEG, Anupam Rasayan, Nectar Life, Indoco Remedies in focus on 11 March Let's catch up on the latest news from the stock marke",2025-03-11,0.9984,Positive,0.112,0.014,0.875,3,True,"renewable, green energy, compliance",,2026-10-04
MPSLTD,MPS,"Stocks to Watch Today: SBI, Kotak Mahindra Bank, Marico, Indian Bank, RR Kabel, AU SFB, Azad Engineering, IRCON, Concord Biotech in focus on 5 May Let's catch up on the latest news from the stock mark",2025-05-05,0.9991,Positive,0.109,0.019,0.872,2,True,"renewable, violation",,2026-10-04
MPSLTD,MPS,"Stocks to Watch Today: Indian Hotels, CCL Products, DCM Shriram, Ather Energy, Senores Pharma, Paras Defence, Glenmark in focus on 6 May Let's catch up on the latest news from the stock market. From s",2025-05-06,0.9984,Positive,0.121,0.018,0.861,1,True,penalty,,2026-10-04
MPSLTD,MPS,"Stocks to Watch Today: Alembic Pharma, BHEL, Zydus Life, Zen Technologies, Ajax Engineering, Utkarsh SFB, Glenmark in focus on 17 February Let's catch up on the latest news from the stock market. From",2025-02-17,0.9719,Positive,0.077,0.051,0.872,3,True,"renewable, compliance, penalty",,2026-10-04
MPSLTD,MPS,"Stocks to Watch Today: Reliance Industries, IDFC First Bank, Tata Tech, Tejas Networks, India Cements, IGL, Biocon, Zydus Life in focus on 28 April Let's catch up on the latest news from the stock mar",2025-04-28,0.9989,Positive,0.102,0.013,0.886,1,True,green energy,,2026-10-04
MPSLTD,MPS,"Stocks to Watch Today: Crizac, 5paisa Capital, Tata Motors, Synergy Green, Puravankara, India Shelter Finance, CAMS in focus on 9 July Let's catch up on the latest news from the stock market. From sig",2025-07-09,0.9939,Positive,0.09,0.025,0.885,1,True,green energy,,2026-10-04
MPSLTD,MPS,"Stocks to Watch Today: Tata Consumer Products, BPCL, Adani Green Energy, Panacea Biotec, Thyrocare, Bajaj Housing, LTIMindtree in focus on 24 April Let's catch up on the latest news from the stock mar",2025-04-24,0.9989,Positive,0.14,0.026,0.835,2,True,"renewable, green energy",,2026-10-04
MPSLTD,MPS,"Stocks to Watch Today: BSE, NLC India, GMDC, GP Petroleums, HPCL, Godrej Consumer, KEI Industries, Paytm, Mahanagar Gas in focus on 7 May Let's catch up on the latest news from the stock market. From ",2025-05-07,0.9975,Positive,0.109,0.024,0.867,1,True,labor,,2026-10-04
MPSLTD,MPS,"Stocks to Watch Today: NSDL, Sri Lotus Developers, Bharti Airtel, Britannia, Lupin, Prestige Estates, EIH, Gland Pharma, HG Infra in focus on 6 August Let's catch up on the latest news from the stock ",2025-08-06,0.9982,Positive,0.112,0.007,0.881,1,True,labor,,2026-10-04
MPSLTD,MPS,"Stocks to Watch Today: Kotak Mahindra Bank, ICICI Bank, RailTel, Vakrangee, Medi Assist, RCF, Honasa Consumer, Muthoot Finance in focus on 13 February Let's catch up on the latest news from the stock ",2025-02-13,0.9988,Positive,0.112,0.009,0.88,4,True,"renewable, sustainable, green energy, labor",,2026-10-04
MPSLTD,MPS,"Stocks to Watch Today: HDFC Bank, Mazagon Dock, DMart, Adani Wilmar, Bajaj Finance, Surya Roshni, Alivus Life, Paras Defence in focus on 4 April Let's catch up on the latest news from the stock market",2025-04-04,0.9981,Positive,0.087,0.011,0.903,2,True,"environment, labor",,2026-10-04
MPSLTD,MPS,"Stocks to Watch Today: Tech Mahindra, Angel One, Ixigo, Maruti Suzuki, Godrej Properties, Hindustan Zinc, Zydus Life, Smartworks in focus on 17 July Let's catch up on the latest news from the stock ma",2025-07-17,0.9953,Positive,0.106,0.025,0.869,1,True,renewable,,2026-10-04
MPSLTD,MPS,"Stocks to Watch Today: IndusInd Bank, Waaree Energies, NTPC Green, KEC, Torrent Pharma, PNC Infra, RPSG Ventures, Monarch Surveyors in focus on 29 July Let's catch up on the latest news from the stock",2025-07-29,0.9983,Positive,0.118,0.019,0.863,1,True,green energy,,2026-10-04
MPSLTD,MPS,"Adani Green Energy Q1 net profit jumps 31% YoY to Rs 824 crore, revenue up 36% Adani Green Energy Ltd (AGEL) on Monday posted a 31 percent percent rise in consolidated net profit to Rs 824 crore in th",2025-07-28,0.9968,Positive,0.134,0.0,0.866,2,True,"renewable, green energy",,2026-10-04
MPSLTD,MPS,"Stocks to Watch Today: Zydus Lifesciences, Ashoka Buildcon, Nureca, Cyient, Ahluwalia Contracts, Transrail Lighting, Swiggy in focus on 15 April Let's catch up on the latest news from the stock market",2025-04-15,0.9974,Positive,0.079,0.013,0.909,1,True,renewable,,2026-10-04
MPSLTD,MPS,"Stocks to Watch Today: IndusInd Bank , Adani Total Gas, MGL, Oil India, Vedanta, Aster DM Healthcare, IREDA, ICICI Prudential Life in focus on 16 April Let's catch up on the latest news from the stock",2025-04-16,0.9972,Positive,0.092,0.027,0.88,3,True,"carbon, water, renewable",,2026-10-04
MPSLTD,MPS,"Ambuja Cements Q1 Results: Net profit jumps 23% to Rs 788 crore, shares drop 2% Ambuja Cements on July 31 reported a net profit of Rs 788 crore for the first quarter of the financial year 2026. This m",2025-07-31,0.9967,Positive,0.184,0.005,0.811,1,True,"sustainability, sustainable",q1 results,2026-10-04
MPSLTD,MPS,"Stocks to Watch Today: TCS, Hindalco, RBL Bank, United Breweries, Godfrey Phillips, Kisan Mouldings, KNR Construction in focus on 14 February Let's catch up on the latest news from the stock market. F",2025-02-14,0.9984,Positive,0.104,0.014,0.882,2,True,"labor, violation",,2026-10-04
MPSLTD,MPS,"Stocks to Watch Today: Bharti Airtel, ABB India, Paytm, KIMS, Zomato, Gabriel India, Thomas Cook in focus on 18 February Let's catch up on the latest news from the stock market. From significant inves",2025-02-18,0.9974,Positive,0.107,0.017,0.876,3,True,"green energy, labor, inclusion",,2026-10-04
MPSLTD,MPS,"Stocks to Watch Today: Paytm, Aurobindo Pharma, Aditya Infotech, DLF, Siemens Energy, Inox India, Godfrey Phillips, Azad Engineering in focus on 5 August Let's catch up on the latest news from the sto",2025-08-05,0.9964,Positive,0.105,0.015,0.88,1,True,labor,,2026-10-04
MPSLTD,MPS,"Stocks to Watch Today: Tata Technologies, CESC, Wipro, Landmark Cars, Aurobindo, CSB Bank, PNB Housing, Indegene, Hexaware in focus on 29 April Let's catch up on the latest news from the stock market.",2025-04-29,0.9963,Positive,0.092,0.02,0.888,3,True,"renewable, climate, green energy",,2026-10-04
MPSLTD,MPS,"Stocks to Watch Today: ABB India, Dilip Buildcon, ITC, Railtel Corp, Hero MotoCorp, Delhivery, MCX, Muthoot Capital, Harsha Engineers in focus on 4 August Let's catch up on the latest news from the st",2025-08-04,0.9977,Positive,0.1,0.013,0.887,1,True,labor,,2026-10-04
MPSLTD,MPS,"Stocks to Watch Today: Titan, Bharti Airtel, Biocon, Cummins, BSE, LIC, KRBL, Metropolis, Kalpataru Projects, Godrej Consumer, Kalyan Jewellers, AU SFB in focus on 8 August Let's catch up on the lates",2025-08-08,0.9986,Positive,0.092,0.015,0.892,2,True,"labor, compliance",,2026-10-04
MPSLTD,MPS,"Stocks to Watch Today: HCL Technologies, Zinka Logistics, Biocon, Torrent Power, Jindal Stainless, Frontier Springs, Prostarm Info Systems in focus on 3 June Let's catch up on the latest news from the",2025-06-03,0.9991,Positive,0.121,0.012,0.867,5,True,"water, renewable, green energy, labor, inclusion",,2026-10-04
MPSLTD,MPS,"Stocks to Watch Today: SAIL, Avanti Feeds, Insecticides India, Balaji Amines, Cummins, Mishra Dhatu Nigam, IRCTC, Unified Data Tech in focus on 29 May Let's catch up on the latest news from the stock ",2025-05-29,0.9985,Positive,0.11,0.005,0.885,3,True,"carbon, renewable, labor",,2026-10-04
MPSLTD,MPS,"Stocks to Watch Today: Bharti Airtel, Tata Motors, Dalmia Bharat Sugar, Metropolis, ITD Cementation, ASK Automotive, Bharti Hexacom in focus on 14 May Let's catch up on the latest news from the stock ",2025-05-14,0.9984,Positive,0.122,0.013,0.866,2,True,"renewable, green energy",,2026-10-04
MPSLTD,MPS,"IREDA confident of recovery from Gensol EV assets, provisioning may not rise State-run renewable energy financier IREDA sees no further requirement of provisioning for its exposure to troubled borrowe",2025-07-22,-0.75,Negative,0.062,0.069,0.869,2,True,"renewable, governance",,2026-10-04
MPSLTD,MPS,Godrej Agrovet Announces Book Closure for AGM and Final Dividend   Godrej Agrovet Limited has announced that the Register of Members and the Share Transfer Books of the Company will be closed from Aug,2025-07-15,0.9928,Positive,0.094,0.018,0.888,6,True,"water, renewable, sustainability, sustainable, climate, environment",,2026-10-04
MPSLTD,MPS,"Stocks to Watch Today: Tata Motors, IDFC First Bank, Manappuram Finance, Power Mech Projects, Entero Healthcare, Voltas, Siemens in focus on 11 August Let's catch up on the latest news from the stock ",2025-08-11,0.998,Positive,0.104,0.013,0.883,3,True,"green energy, labor, penalty",,2026-10-04
MPSLTD,MPS,"Stocks to Watch Today: Tata Steel, Yes Bank, Godrej Properties, AstraZeneca Pharma, IndusInd Bank, Nykaa, Bajaj Housing Finance in focus on 7 April Let's catch up on the latest news from the stock mar",2025-04-07,0.9975,Positive,0.116,0.028,0.856,1,True,green energy,,2026-10-04
MPSLTD,MPS,"Glenmark: USFDA Issues 5 Procedural Observations for Monroe Unit       Glenmark Pharmaceuticals Limited announced on June 18, 2025, that its manufacturing facility located in Monroe, North Carolina, U",2025-06-18,0.9946,Positive,0.1,0.035,0.865,1,True,"labor, compliance",stock price,2026-10-04
MPSLTD,MPS,"Stocks to Watch Today: Yes Bank, Swiggy, Dr Reddys Labs, Navin Fluorine, Bank of India, Manappuram Finance, ABB India, Puravankara in focus on 12 May Let's catch up on the latest news from the stock m",2025-05-12,0.9986,Positive,0.134,0.034,0.832,3,True,"renewable, green energy, labor",,2026-10-04
MPSLTD,MPS,"Stocks to Watch Today: Paytm, Lodha Developers, Oberoi Realty, Kirloskar Ferrous, KEI Industries, JSW Infra, Alpex Solar, Monika Alcobev in focus on 23 July Let's catch up on the latest news from the ",2025-07-23,0.9932,Positive,0.088,0.035,0.876,3,True,"water, labor, penalty",,2026-10-04
MPSLTD,MPS,"Stocks to Watch Today: Paytm, Lloyds Metals, Info Edge, GNG Electronics, Aditya Infotech, Endurance, Regaal Resources, Phoenix Mills in focus on 20 August Let's catch up on the latest news from the st",2025-08-20,0.9969,Positive,0.105,0.017,0.878,3,True,"renewable, green energy, labor",,2026-10-04
MPSLTD,MPS,PB Fintech shares fall after disclosure shows fine by IRDAI over regulatory lapses Insurance regulator IRDAI has imposed a fine of Rs 5 crore on PB Fintech's online insurance aggregator - Policybazaar,2025-08-05,-0.7003,Negative,0.065,0.075,0.86,2,True,"penalty, violation",,2026-10-04
SUBEXLTD,Subex,"Stocks to Watch Today: Zen Technologies, NLC India, Bajel Projects, Bharat Electronics, Granules India, Waaree Renewable in focus on 23 June Let's catch up on the latest news from the stock market. Fr",2025-06-23,0.9986,Positive,0.118,0.017,0.865,2,True,"renewable, green energy",,2026-10-04
SIS,Security and Intelligence Services,Hold Shriram Finance: target of Rs 640: ICICI Securities ICICI Securities research report on Shriram Finance  Shriram Finance’s (Shriram) Q4FY25 financial performance was subdued with a sharp NIM cont,2025-04-29,0.9858,Positive,0.151,0.034,0.815,1,True,environment,,2026-10-04
SIS,Security and Intelligence Services,"Bharti Airtel shares decline 0.55% today Shares of Bharti Airtel were trading lower in Thursday's session. At 1:30 pm, the stock was trading at Rs 1,922, a decline of 0.55% from its previous close. Ea",2025-07-31,0.9906,Positive,0.109,0.017,0.874,1,True,green energy,,2026-10-04
SIS,Security and Intelligence Services,"Stocks to Watch Today: Infosys, ICICI Bank, HDFC Bank, HDFC Life, NIIT, ABB India, Tata Elxsi, Just Dial, TCS in focus on 21 April Let's catch up on the latest news from the stock market. From signifi",2025-04-21,0.9985,Positive,0.115,0.018,0.868,1,True,labor,,2026-10-04
SIS,Security and Intelligence Services,"Stocks to Watch Today: Asian Paints, Infosys, Garden Reach, GHV Infra Projects, MCX, Bharat Electronics, Afcons Infra, UPL, Hindustan Copper in focus on 9 June Let's catch up on the latest news from t",2025-06-09,0.9966,Positive,0.102,0.023,0.875,2,True,"sustainable, labor",,2026-10-04
SIS,Security and Intelligence Services,"Stocks to Watch Today: Manappuram Finance, Hero MotoCorp, Hindalco, Glenmark, TCS, Lloyds Metals, CDSL, RailTel in focus on 21 March Let's catch up on the latest news from the stock market. From signi",2025-03-21,0.9988,Positive,0.109,0.014,0.877,5,True,"sustainable, environment, labor, compliance, csr",,2026-10-04
SIS,Security and Intelligence Services,"Chartist Talks: SBI Securities' Sudeep Shah still sees nearly 4% upside in Bank Nifty, bullish on these 4 stocks Going ahead, Sudeep Shah of SBI Securities believes the Nifty 50 is well poised to test",2025-06-08,0.9993,Positive,0.149,0.038,0.813,1,True,"sustainability, sustainable, environment","resistance, nifty",2026-10-04
SIS,Security and Intelligence Services,Tata Consultancy Services shares gain 0.5% in trade Shares of Tata Consultancy Services were trading higher in Tuesday's session. The stock has seen an increase of 0.5 percent amid gains in the IT sec,2025-07-22,0.9983,Positive,0.081,0.01,0.908,1,True,labor,,2026-10-04
SIS,Security and Intelligence Services,"Buy UltraTech Cement; target of Rs 13,900: Motilal Oswal Motilal Oswal's research report on UltraTech Cement  UltraTech Cement (UTCEM)’s 4QFY25 performance was in line with our estimates. EBITDA incre",2025-04-29,0.8658,Positive,0.075,0.034,0.891,1,True,sustainable,,2026-10-04
SIS,Security and Intelligence Services,"Stocks to Watch Today: TCS, Zydus Lifesciences, RPP Infra Projects, LIC Housing, Galaxy Surfactants, Route Mobile in focus on 6 March Let's catch up on the latest news from the stock market. From sign",2025-03-06,0.9983,Positive,0.128,0.011,0.861,3,True,"water, green energy, labor",,2026-10-04
SIS,Security and Intelligence Services,"Bharti Airtel quarterly results to be announced on August 5 Bharti Airtel is scheduled to announce its quarterly results on August 5, 2025. In other news, on July 28, 2025, Bharti Airtel announced a p",2025-07-29,0.9861,Positive,0.061,0.015,0.925,1,True,"green energy, labor",nifty,2026-10-04
SIS,Security and Intelligence Services,"Stocks to Watch Today: Bajaj Auto, LIC, Dr Reddys Labs Zydus Lifesciences, GR Infraprojects, Super Iron Foundry, Uflex in focus on 19 March Let's catch up on the latest news from the stock market. Fro",2025-03-19,0.9946,Positive,0.085,0.025,0.89,3,True,"renewable, sustainable, labor",,2026-10-04
SIS,Security and Intelligence Services,"Stocks to Watch Today: ITC, Sun Pharma, IndusInd Bank, Honasa Consumer, MTAR Tech, Metro Brands, Power Mech, Bharat Electronics in focus on 23 May Let's catch up on the latest news from the stock mark",2025-05-23,0.9987,Positive,0.103,0.022,0.875,1,True,"renewable, green energy",sensex,2026-10-04
SIS,Security and Intelligence Services,"NTPC Unit Adds 660 MW; Group Capacity Reaches 81,368 MW       NTPC Limited, India's largest integrated power utility, has announced a significant enhancement to its generation capacity with the succes",2025-06-12,0.9964,Positive,0.141,0.011,0.848,3,True,"renewable, inclusion, compliance",,2026-10-04
SIS,Security and Intelligence Services,"Stocks to Watch Today: Hero MotoCorp, Zydus Life, Lupin, Sonata Software, Dalmia Bharat, Paytm, Infosys, Angel One, Wipro in focus on 17 April Let's catch up on the latest news from the stock market. ",2025-04-17,0.9984,Positive,0.094,0.015,0.891,3,True,"renewable, green energy, labor",,2026-10-04
SIS,Security and Intelligence Services,"Stocks to Watch today: NTPC, Asian Paints, Torrent Power, Jubilant Foodworks in focus on June 13 Let's catch up on the latest news from the stock market. From significant investments to major deals, a",2025-06-12,0.9992,Positive,0.17,0.033,0.797,4,True,"water, renewable, green energy, labor",,2026-10-04
SIS,Security and Intelligence Services,"Mutual funds cut exposure to Adani Group, shares worth over Rs 1,160 crore sold in April Mutual funds are gradually reducing their exposure to Adani Group companies, signalling a sustained decline in ",2025-05-16,0.959,Positive,0.091,0.042,0.867,3,True,"environment, green energy, governance",,2026-10-04
SIS,Security and Intelligence Services,"Stocks to Watch Today: TCS, Biocon, GAIL, Greaves Cotton, Sun Pharma, Dishman Carbogen Amcis, Coromandel International in focus on 11 April Let's catch up on the latest news from the stock market. Fro",2025-04-11,0.9984,Positive,0.096,0.018,0.886,3,True,"renewable, labor, governance",,2026-10-04
SIS,Security and Intelligence Services,"ITC shares trade flat; over 10.6 lakh shares traded ITC shares were trading marginally higher in Wednesday's session, with the stock currently priced at Rs 417.30 on the NSE, a 0.02% increase from its",2025-07-09,0.9974,Positive,0.076,0.011,0.912,1,True,compliance,,2026-10-04
SIS,Security and Intelligence Services,"Stocks to Watch Today: Tata Motors, M&M, Niva Bupa, Alembic Pharma, IRCON, Godrej Properties, Titagarh, AstraZeneca, Genus Power, Nykaa in focus on 2 June Let's catch up on the latest news from the st",2025-06-02,0.9976,Positive,0.08,0.019,0.901,1,True,labor,,2026-10-04
SIS,Security and Intelligence Services,Cipla Appoints BNP &amp; Associates as Secretarial Auditors for Five Years   Cipla Limited has announced the appointment of M/s BNP &amp;amp; Associates as the Secretarial Auditors for a term of five ,2025-07-17,0.9747,Positive,0.095,0.006,0.899,2,True,"governance, compliance",,2026-10-04
SIS,Security and Intelligence Services,"Stocks to Watch Today: NTPC Green, Diamond Power Infra, Newgen Software, Indosolar, Gland Pharma, Hindustan Aeronautics in focus on 5 June Let's catch up on the latest news from the stock market. From",2025-06-05,0.9958,Positive,0.085,0.013,0.902,7,True,"emission, emissions, renewable, climate, green energy, net zero, labor",,2026-10-04
SIS,Security and Intelligence Services,"Coal India May Output Dips 1.4% YoY, Offtake Falls 7.8%       State-owned mining behemoth Coal India Ltd (CIL) on June 2, 2025, announced its provisional production and off-take performance for May 20",2025-06-02,0.5467,Positive,0.025,0.024,0.951,1,True,compliance,,2026-10-04
SIS,Security and Intelligence Services,HAL sets record date for Rs 15 per share final dividend; announces AGM to seek shareholders' nod Hindustan Aeronautics Limited (HAL) has declared a final dividend of ₹15 per share with a face value of,2025-07-30,0.9929,Positive,0.097,0.013,0.89,5,True,"renewable, environment, esg, governance, csr",,2026-10-04
SIS,Security and Intelligence Services,"Stocks to Watch Today: Biocon, Texmaco Rail, NTPC Green Energy, UPL, SpiceJet in focus on 25 February Let's catch up on the latest news from the stock market. From significant investments to major dea",2025-02-25,0.9882,Positive,0.079,0.02,0.901,5,True,"carbon, water, renewable, green energy, penalty",,2026-10-04
SIS,Security and Intelligence Services,"Stocks to Watch Today: Senco Gold, Phoenix Mills, Home First Finance, Concord Biotech, Sasken Tech, BPCL, IRB Infrastructure in focus on 9 April Let's catch up on the latest news from the stock market",2025-04-09,0.9974,Positive,0.111,0.028,0.861,2,True,"renewable, green energy",,2026-10-04
SIS,Security and Intelligence Services,"Stocks to Watch Today: HCL Tech, Sanofi India, KSB, PB Fintech, Transrail Lighting, Tata Power, Granules India, Kernex in focus on 28 February Let's catch up on the latest news from the stock market. ",2025-02-28,0.9993,Positive,0.139,0.011,0.85,4,True,"renewable, green energy, labor, penalty",,2026-10-04
SIS,Security and Intelligence Services,"Stocks to Watch Today: Infosys, Dr Reddys Labs, Tata Consumer, Cigniti, Force Motors, Natco Pharma, IndusInd Bank, BEML, Tilaknagar Ind in focus on 24 July Let's catch up on the latest news from the s",2025-07-24,0.9991,Positive,0.121,0.013,0.865,1,True,labor,,2026-10-04
SIS,Security and Intelligence Services,TCS’s Q1 show misses the mark; what this means for the broader IT landscape India’ largest information technology services player Tata Consultancy Services (TCS) kicked off the earnings season for the,2025-07-14,0.9662,Positive,0.082,0.05,0.868,1,True,governance,,2026-10-04
SIS,Security and Intelligence Services,"Stocks to Watch Today: Maruti Suzuki, PNB, Dabur, Bharat Electronics, Kirloskar Oil, Interarch Building, VVIP Infratech, Mahindra Lifespace in focus on 3 April Let's catch up on the latest news from t",2025-04-03,0.9989,Positive,0.095,0.016,0.889,2,True,"labor, compliance",,2026-10-04
SIS,Security and Intelligence Services,"Stocks to Watch Today: NHPC, United Spirits, Aster DM Healthcare, GSFC, Gland Pharma, KPR Mills, Dixon Tech, IRCON, Nazara Tech in focus on 21 May Let's catch up on the latest news from the stock mark",2025-05-21,0.9991,Positive,0.108,0.012,0.88,3,True,"renewable, green energy, governance",,2026-10-04
SIS,Security and Intelligence Services,"India-UK FTA set to boost pharma and medtech trade The landmark India-UK Free Trade Agreement signed Thursday is poised to boost bilateral trade dynamics, particularly in the pharmaceutical and medica",2025-07-24,0.9977,Positive,0.151,0.006,0.843,1,True,labor,,2026-10-04
SIS,Security and Intelligence Services,"Stocks to Watch Today: TCS, PB Fintech, Bharti Airtel, Rail Vikas Nigam, Kaynes Technology, Godrej Agrovet in focus on 12 March Let's catch up on the latest news from the stock market. From significan",2025-03-12,0.997,Positive,0.11,0.024,0.866,3,True,"renewable, green energy, violation",,2026-10-04
SIS,Security and Intelligence Services,"Buy UltraTech Cement; target of Rs 13,992: ICICI Securities ICICI Securities research report on UltraTech Cement  UltraTech Cement’s (UTCEM) commentary on short-term challenges (mainly low demand in Q",2025-04-29,0.9789,Positive,0.129,0.021,0.849,1,True,sustainability,,2026-10-04
SIS,Security and Intelligence Services,"Stocks to Watch Today: Eicher Motors, Apollo Tyres, Lupin, Wendt India, HUL, Brigade, Genesys, Wipro, Shilpa Medicare, Yes Bank, Vascon Engineers in focus on 15 May Let's catch up on the latest news f",2025-05-15,0.9993,Positive,0.123,0.018,0.859,1,True,renewable,,2026-10-04
SIS,Security and Intelligence Services,Chartist Talks: Sudeep Shah of SBI Securities bullish on these 4 stocks; sees strength in IndusInd Bank but recommends avoiding Sudeep Shah of SBI Securities bullish on Indian Oil Corporation and DLF ,2025-05-03,0.9995,Positive,0.159,0.029,0.812,1,True,"sustainable, governance",nifty,2026-10-04
SIS,Security and Intelligence Services,"Stocks to Watch Today: CG Power, Kalpataru Projects, Ellenbarrie, KSB, NCC, Bharat Electronics, HCL Tech, AAVAS Financiers, Apollo Hospitals in focus on 1 July Let's catch up on the latest news from t",2025-07-01,0.9979,Positive,0.107,0.015,0.878,2,True,"green energy, labor",,2026-10-04
SIS,Security and Intelligence Services,"Stocks to Watch Today: Bajaj Finance, IndusInd Bank, IndiaMART, Schaeffler India, Vishal Mega Mart, Prestige Estates, Strides Pharma in focus on 30 April Let's catch up on the latest news from the sto",2025-04-30,0.9989,Positive,0.118,0.024,0.858,2,True,"climate, labor",,2026-10-04
SIS,Security and Intelligence Services,"Asian Paints sees single-digit volume, value growth in near-term: CEO Amit Syngle India's largest paints player Asian Paints expects muted growth in the short-term as weak demand conditions and fallin",2025-07-29,0.916,Positive,0.077,0.062,0.861,1,True,environment,,2026-10-04
SIS,Security and Intelligence Services,Reduce Tech Mahindra; target of Rs 1600: Emkay Global Financial Emkay Global Financial' research report on Tech Mahindra  TechM’s 1Q operating performance was slightly below expectations. Revenue grew,2025-07-17,0.9545,Positive,0.114,0.045,0.841,1,True,environment,,2026-10-04
SIS,Security and Intelligence Services,"Stocks to Watch Today: TCS, Tata Elxsi, Anand Rathi, IREDA, Hindustan Unilever, Glenmark Pharma, Aegis Logistics, Meta Infotech in focus on 11 July Let's catch up on the latest news from the stock mar",2025-07-11,0.9979,Positive,0.122,0.017,0.861,1,True,renewable,,2026-10-04
SIS,Security and Intelligence Services,"Stocks to Watch Today: ITC, Hindustan Aeronautics, NCC, EIL, HBL Engineering, Power Mech Projects, Prestige Estates, Desco Infratech in focus on 1 April Let's catch up on the latest news from the stoc",2025-04-01,0.9998,Positive,0.128,0.013,0.859,4,True,"water, renewable, environment, penalty",,2026-10-04
SIS,Security and Intelligence Services,"Reliance Q4 earnings: Company records strong double-digit growth in digital, retail businesses; here are 10 key important highlights Billionaire Mukesh Ambani-owned Reliance Industries ---the first In",2025-04-25,0.9992,Positive,0.135,0.011,0.854,2,True,"renewable, environment",,2026-10-04
SIS,Security and Intelligence Services,"Full transcript: Rajiv Bajaj's exclusive interview to Moneycontrol Bajaj Auto MD and CEO, Rajiv Bajaj, sat down with Moneycontrol’s Latha Venkatesh for an insightful conversation in the &quot;Latha &a",2025-04-28,1.0,Positive,0.134,0.024,0.843,4,True,"emission, sustainable, environment, safety",,2026-10-04
SIS,Security and Intelligence Services,"Stocks to Watch Today: IndusInd Bank, Dabur India, Senco Gold, Rail Vikas Nigam, BEML, Shilpa Medicare, Godrej Consumer Products in focus on 7 July Let's catch up on the latest news from the stock mar",2025-07-07,0.9993,Positive,0.137,0.028,0.835,1,True,green energy,,2026-10-04
SIS,Security and Intelligence Services,"NTPC eyes robust 3-year capex growth, bets big on nuclear expansion Over the next three years, power major NTPC expects to see standalone capex to grow by around Rs 32,000 crore on average, the manage",2025-05-24,0.9899,Positive,0.098,0.017,0.886,5,True,"water, renewable, climate, green energy, net zero",,2026-10-04
SIS,Security and Intelligence Services,"Stocks to Watch Today: CSB Bank, Siemens, Zaggle Prepaid, Coal India, Hyundai Motor, NMDC, MOIL, Hindustan Copper in focus on 2 April Let's catch up on the latest news from the stock market. From sign",2025-04-02,0.9964,Positive,0.072,0.01,0.918,2,True,"green energy, safety",,2026-10-04
SIS,Security and Intelligence Services,"Stocks to Watch Today: Emcure Pharma, Bajaj Finance, Bandhan Bank, Marico, Sterling Powergensys, Piramal Pharma, Godavari Biorefineries in focus on 4 July Let's catch up on the latest news from the st",2025-07-04,0.9976,Positive,0.084,0.027,0.889,1,True,penalty,,2026-10-04
SIS,Security and Intelligence Services,Adani Group stocks rise up to 11% amid report of Gautam Adani's aides meeting Trump officials Adani Group stocks saw investor interest on May 5 after a report said representatives for billionaire Gaut,2025-05-05,0.9001,Positive,0.092,0.041,0.867,2,True,"green energy, compliance",,2026-10-04
SIS,Security and Intelligence Services,"In Sickness & In Health: Lilly, Apollo Hospitals join forces to tackle obesity, diabetes Eli Lilly and Company (India) has partnered with Apollo Health and Lifestyle and Apollo HealthCo,  both part of",2025-05-29,0.9851,Positive,0.144,0.032,0.824,1,True,labor,,2026-10-04
SIS,Security and Intelligence Services,"Stocks to Watch Today: IndusInd Bank, Hitachi Energy, NTPC, Syngene, MSTC, HEG, Anupam Rasayan, Nectar Life, Indoco Remedies in focus on 11 March Let's catch up on the latest news from the stock marke",2025-03-11,0.9984,Positive,0.112,0.014,0.875,3,True,"renewable, green energy, compliance",,2026-10-04
SIS,Security and Intelligence Services,"Stocks to Watch Today: SBI, Kotak Mahindra Bank, Marico, Indian Bank, RR Kabel, AU SFB, Azad Engineering, IRCON, Concord Biotech in focus on 5 May Let's catch up on the latest news from the stock mark",2025-05-05,0.9991,Positive,0.109,0.019,0.872,2,True,"renewable, violation",,2026-10-04
SIS,Security and Intelligence Services,"Airtel Partners with Perplexity, Offers Free Perplexity Pro Subscription   Bharti Airtel has partnered with Perplexity to provide a complimentary 12-month subscription to Perplexity Pro for its 360 mi",2025-07-17,0.9877,Positive,0.12,0.012,0.869,1,True,labor,,2026-10-04
SIS,Security and Intelligence Services,"Bharti Airtel shares gain marginally in Wednesday's session Shares of Bharti Airtel were trading at Rs 1,936.20 on the NSE, up 0.10% from the previous close, at 9:20 am.    Financial snapshot:    Bhar",2025-07-16,0.9874,Positive,0.105,0.011,0.884,1,True,compliance,,2026-10-04
SIS,Security and Intelligence Services,"Stocks to Watch Today: Reliance Industries, IDFC First Bank, Tata Tech, Tejas Networks, India Cements, IGL, Biocon, Zydus Life in focus on 28 April Let's catch up on the latest news from the stock mar",2025-04-28,0.9989,Positive,0.102,0.013,0.886,1,True,green energy,,2026-10-04
SIS,Security and Intelligence Services,"Buy, hold or sell? Analysts revise IT calls amid headcount woes, AI, disappointing Q1 India’s top IT services companies saw a shift in brokerage sentiment following their June-quarter earnings, amid m",2025-07-30,0.9669,Positive,0.091,0.074,0.835,1,True,"sustainable, environment",brokerage,2026-10-04
SIS,Security and Intelligence Services,Adani Group bonds rise on easing concerns over US indictment Prices of Adani Group's long-term dollar-denominated bonds are off recent lows on renewed investor optimism - attributed by analysts to geo,2025-02-17,0.9948,Positive,0.112,0.038,0.85,2,True,"green energy, violation",,2026-10-04
SIS,Security and Intelligence Services,"Stocks to Watch Today: Crizac, 5paisa Capital, Tata Motors, Synergy Green, Puravankara, India Shelter Finance, CAMS in focus on 9 July Let's catch up on the latest news from the stock market. From sig",2025-07-09,0.9939,Positive,0.09,0.025,0.885,1,True,green energy,,2026-10-04
SIS,Security and Intelligence Services,"Stocks to Watch Today: Biocon, Coforge, GE Vernova, Power Grid, JSW Energy, Welspun Specialty, Rail Vikas Nigam in focus on 5 March Let's catch up on the latest news from the stock market. From signif",2025-03-05,0.9985,Positive,0.12,0.009,0.87,1,True,renewable,,2026-10-04
SIS,Security and Intelligence Services,"Stocks to Watch Today: Lupin, Tata Power, Nazara Tech, Shilpa Medicare, GMR Airports, IRB Infra, Railtel, Shyam Metalics in focus on 10 March Let's catch up on the latest news from the stock market. F",2025-03-10,0.9989,Positive,0.111,0.016,0.873,3,True,"renewable, sustainable, net zero",,2026-10-04
SIS,Security and Intelligence Services,"Stocks to Watch Today: Vishal Mega Mart, Biocon, TCS, Mastek, HCL Tech, ICICI Bank, Tanla Platforms, Zee Entertainment, IndiaMART in focus on 17 June Let's catch up on the latest news from the stock m",2025-06-17,0.9985,Positive,0.129,0.017,0.854,2,True,"renewable, labor",,2026-10-04
SIS,Security and Intelligence Services,Retail investors bet big on turnaround stories in hopes of a jackpot India’s retail investors seem to be undergoing a strategic pivot—turning away from legacy giants in IT and increasingly flocking to,2025-06-18,0.9982,Positive,0.165,0.017,0.818,2,True,"renewable, safety",,2026-10-04
SIS,Security and Intelligence Services,"Adani Group's 12-month trailing EBITDA rises 10% on year to a record high of Rs 86,789 crore Billionaire Gautam Adani’s portfolio companies - with business interests across cement, airports, ports and",2025-02-20,0.9853,Positive,0.145,0.022,0.833,1,True,green energy,,2026-10-04
SIS,Security and Intelligence Services,"Stocks to Watch Today: HCL Tech, EaseMyTrip, SG Finserve, GNFC, SEAMEC, Garden Reach Shipbuilders, RVNL, Restaurant Brands Asia in focus on 25 March Let's catch up on the latest news from the stock ma",2025-03-25,0.9984,Positive,0.108,0.024,0.868,2,True,"renewable, penalty",,2026-10-04
SIS,Security and Intelligence Services,"Stocks to Watch Today: Zen Technologies, NLC India, Bajel Projects, Bharat Electronics, Granules India, Waaree Renewable in focus on 23 June Let's catch up on the latest news from the stock market. Fr",2025-06-23,0.9986,Positive,0.118,0.017,0.865,2,True,"renewable, green energy",,2026-10-04
SIS,Security and Intelligence Services,"How TCS, Infosys, HCLTech, Wipro and Tech Mahindra fared in Q1FY26 The first quarter of fiscal FY26 was a mixed bag for the top five Indian IT majors - Tata Consultancy Services (TCS), Infosys, HCLTec",2025-07-25,0.9994,Positive,0.14,0.035,0.824,1,True,environment,,2026-10-04
SIS,Security and Intelligence Services,"Stocks to Watch Today: Tata Consumer Products, BPCL, Adani Green Energy, Panacea Biotec, Thyrocare, Bajaj Housing, LTIMindtree in focus on 24 April Let's catch up on the latest news from the stock mar",2025-04-24,0.9989,Positive,0.14,0.026,0.835,2,True,"renewable, green energy",,2026-10-04
SIS,Security and Intelligence Services,"L&T to build India’s maiden green hydrogen plant at IOC's refinery L&amp;amp;T Energy GreenTech, a subsidiary of Larsen &amp;amp; Toubro will be setting up India’s maiden green hydrogen plant at India",2025-07-21,0.9741,Positive,0.085,0.013,0.902,6,True,"emission, emissions, carbon, water, renewable, green energy",,2026-10-04
SIS,Security and Intelligence Services,"Stocks to Watch Today: Wipro, NHPC, Dhani Services, Dishman Carbogen Amcis, Dhanlaxmi Bank in focus on 20 March Let's catch up on the latest news from the stock market. From significant investments to",2025-03-20,0.9894,Positive,0.096,0.029,0.876,3,True,"safety, governance, compliance",,2026-10-04
SIS,Security and Intelligence Services,"Trent Ltd Sets July 12 for 73rd AGM, E-voting Details Announced       Trent Limited, a prominent entity in the Tata Group, has formally notified the stock exchanges regarding the publication of newspa",2025-06-12,0.9874,Positive,0.059,0.024,0.917,3,True,"safety, governance, compliance",,2026-10-04
SIS,Security and Intelligence Services,"Stocks to Watch Today: Kotak Mahindra Bank, ICICI Bank, RailTel, Vakrangee, Medi Assist, RCF, Honasa Consumer, Muthoot Finance in focus on 13 February Let's catch up on the latest news from the stock ",2025-02-13,0.9988,Positive,0.112,0.009,0.88,4,True,"renewable, sustainable, green energy, labor",,2026-10-04
SIS,Security and Intelligence Services,"Stocks to Watch Today: Zydus Lifesciences, Tata Elxsi, Abbott India, ESAF Small Finance Bank, Siemens Energy, Aegis Vopak, IKS Health, Vodafone in focus on 19 June Let's catch up on the latest news fr",2025-06-19,0.9943,Positive,0.095,0.015,0.89,3,True,"carbon, renewable, safety",,2026-10-04
SIS,Security and Intelligence Services,"Stocks to Watch Today: HDFC Bank, Mazagon Dock, DMart, Adani Wilmar, Bajaj Finance, Surya Roshni, Alivus Life, Paras Defence in focus on 4 April Let's catch up on the latest news from the stock market",2025-04-04,0.9981,Positive,0.087,0.011,0.903,2,True,"environment, labor",,2026-10-04
SIS,Security and Intelligence Services,"Stocks to Watch Today: Tech Mahindra, Angel One, Ixigo, Maruti Suzuki, Godrej Properties, Hindustan Zinc, Zydus Life, Smartworks in focus on 17 July Let's catch up on the latest news from the stock ma",2025-07-17,0.9953,Positive,0.106,0.025,0.869,1,True,renewable,,2026-10-04
SIS,Security and Intelligence Services,"Stocks to Watch Today: NCC, Welspun Enterprises, Waaree Renewable, Prism Johnson, SIS, Ashoka Buildcon, Advait Energy Transitions in focus on 26 March Let's catch up on the latest news from the stock ",2025-03-26,0.9991,Positive,0.104,0.011,0.884,4,True,"water, renewable, green energy, labor",,2026-10-04
SIS,Security and Intelligence Services,"HUL flags optimistic near-term consumption outlook, aided by macro tailwinds One of India's largest fast-moving consumer goods companies Hindustan Unilever Ltd (HUL) flagged an improving consumption e",2025-07-31,0.9959,Positive,0.146,0.034,0.82,1,True,environment,,2026-10-04
SIS,Security and Intelligence Services,"Stocks to Watch Today: Infosys, Zaggle Prepaid, Bharat Electronics, Force Motors, Jindal Steel, Zensar Tech, Active Infrastructures, HCLTech in focus on 28 March Let's catch up on the latest news from",2025-03-28,0.9994,Positive,0.116,0.01,0.874,4,True,"renewable, green energy, labor, penalty",,2026-10-04
SIS,Security and Intelligence Services,"Stocks to Watch Today: Welspun Corp, NCC, Mahindra and Mahindra, Dr Reddys, Alembic Pharma, Godrej Properties, DAM Capital in focus on 24 March Let's catch up on the latest news from the stock market.",2025-03-23,0.9989,Positive,0.085,0.017,0.898,4,True,"green energy, labor, compliance, penalty",,2026-10-04
SIS,Security and Intelligence Services,"Titan Co. Details June 2025 Investor Meeting Schedule       Titan Company Limited, a prominent Tata Group entity and a leader in India's lifestyle segment, has formally announced its schedule for anal",2025-06-13,0.9983,Positive,0.122,0.024,0.854,1,True,"governance, compliance",stock price,2026-10-04
SIS,Security and Intelligence Services,"Stocks to Watch Today: IREDA, Bajaj Finserv, Ashoka Buildcon, Praj Industries, JSW Energy, Coal India, Imagicaaworld Entertainment, 3B Films in focus on 6 June Let's catch up on the latest news from t",2025-06-06,0.9985,Positive,0.111,0.01,0.879,3,True,"water, renewable, green energy",,2026-10-04
SIS,Security and Intelligence Services,"Buy Hindalco Industries; target of Rs 804: Prabhudas Lilladher Prabhudas Lilladher's research report on Hindalco Industries  We attended the new brand identity exhibition organized by Hindalco (HNDL),",2025-03-25,0.8402,Positive,0.042,0.0,0.958,2,True,"sustainability, sustainable",,2026-10-04
SIS,Security and Intelligence Services,"Stocks to Watch Today: Avenue Supermarts, Indogulf Cropsciences, Punjab National Bank, Nykaa, Aurobindo Pharma, Le Lavoir in focus on 3 July Let's catch up on the latest news from the stock market. Fr",2025-07-03,0.995,Positive,0.083,0.019,0.898,1,True,penalty,,2026-10-04
SIS,Security and Intelligence Services,"Adani Green Energy stocks gain 4% as Macquarie initiates coverage with 'outperform' rating Macquarie, on March 13, initiated its coverage on the Adani Green stock, rating it as 'outperform' at a price",2025-03-13,0.9447,Positive,0.109,0.046,0.844,1,True,"green energy, governance",stock price,2026-10-04
SIS,Security and Intelligence Services,"Stocks to Watch Today: KPI Green, Tata Power, Adani Green, Airtel, Waaree Energies, UltraTech Cement, Ceigall India, Mastek in focus on 27 February Let's catch up on the latest news from the stock mar",2025-02-27,0.9979,Positive,0.083,0.016,0.901,6,True,"renewable, environment, green energy, labor, penalty, violation",,2026-10-04
SIS,Security and Intelligence Services,Sebi investigating IndusInd Bank officials for alleged insider trading in client companies Capital market regulator Sebi is investigating senior officials of IndusInd Bank for trading in the shares of,2025-05-15,0.9384,Positive,0.06,0.036,0.904,1,True,compliance,,2026-10-04
SIS,Security and Intelligence Services,"HDB Financial Services unlisted shares gain 30% in one month ahead of SEBI nod for IPO Unlisted shares of HDB Financial Services, a key subsidiary of HDFC Bank, have recorded a sharp 30 percent rally ",2025-06-04,0.9869,Positive,0.096,0.01,0.894,1,True,compliance,,2026-10-04
SIS,Security and Intelligence Services,"Dr Reddy’s projects double-digit FY26 growth, eyes resuming manufacturing across US Dr. Reddy's Laboratories Q4 FY25 earnings showed positive momentum amid analysts' expectations of muted Q4FY25 earni",2025-05-09,0.9967,Positive,0.146,0.035,0.819,1,True,labor,,2026-10-04
SIS,Security and Intelligence Services,Centre unlikely to intervene in JSW-Bhushan Power matter as IBC ‘not questioned’ by apex court The central government believes there is no need for it to be a party to any review petition being filed ,2025-05-21,0.9729,Positive,0.08,0.031,0.889,1,True,compliance,,2026-10-04
SIS,Security and Intelligence Services,"Stocks to Watch Today: Zydus Lifesciences, Ashoka Buildcon, Nureca, Cyient, Ahluwalia Contracts, Transrail Lighting, Swiggy in focus on 15 April Let's catch up on the latest news from the stock market",2025-04-15,0.9974,Positive,0.079,0.013,0.909,1,True,renewable,,2026-10-04
SIS,Security and Intelligence Services,"Stocks to Watch Today: IndusInd Bank , Adani Total Gas, MGL, Oil India, Vedanta, Aster DM Healthcare, IREDA, ICICI Prudential Life in focus on 16 April Let's catch up on the latest news from the stock",2025-04-16,0.9972,Positive,0.092,0.027,0.88,3,True,"carbon, water, renewable",,2026-10-04
SIS,Security and Intelligence Services,Adani Green shares jump nearly 5% as firm's operational capacity rises 30% YoY in FY25 Shares of Adani Green Energy Ltd rose nearly 5% on April 15 as the firm's operational capacity rose 30% on an ann,2025-04-15,0.9451,Positive,0.094,0.008,0.898,1,True,green energy,,2026-10-04
SIS,Security and Intelligence Services,"'Black swans and gray rhinos': Nestle India's Suresh Narayanan recalls Maggi crisis among 'greatest challenges' in last letter to shareholders Nestle India's Chairman and Managing Director, Suresh Nar",2025-06-03,0.8712,Positive,0.085,0.053,0.862,1,True,safety,,2026-10-04
SIS,Security and Intelligence Services,"Stocks to Watch Today: Wipro, HDFC Bank, Alkem Labs, Aditya Birla Fashion, Indegene, Tata Technologies, Servotech, Scoda Tubes in focus on 4 June Let's catch up on the latest news from the stock marke",2025-06-04,0.9993,Positive,0.138,0.019,0.843,4,True,"renewable, sustainable, labor, governance",,2026-10-04
SIS,Security and Intelligence Services,"Stocks to Watch Today: DMart, NCC, Kolte Patil, VIP Industries, Sula Vineyards, Wockhardt, Akzo Nobel, Gland Pharma, Travel Food Services in focus on 14 July Let's catch up on the latest news from the",2025-07-14,0.998,Positive,0.107,0.012,0.881,1,True,compliance,,2026-10-04
SIS,Security and Intelligence Services,"Sell Dr Reddys Laboratories; target of Rs 1120: Deven Choksey Deven Choksey's research report on Dr Reddys Laboratories  For Q1FY26, the revenue increased by 11.4% YoY (+0.5% QoQ) to INR 85,721 Mn, be",2025-07-30,-0.3612,Negative,0.046,0.055,0.899,1,True,labor,,2026-10-04
SIS,Security and Intelligence Services,Solar stocks shine as analysts see real export potential alongside strong domestic growth The recent US-China agreement to ease tariffs may have dampened hopes of Indian solar equipment exporters look,2025-05-14,0.9997,Positive,0.228,0.011,0.761,1,True,"renewable, green energy",share price,2026-10-04
SIS,Security and Intelligence Services,"Stocks to Watch Today: TCS, Hindalco, RBL Bank, United Breweries, Godfrey Phillips, Kisan Mouldings, KNR Construction in focus on 14 February Let's catch up on the latest news from the stock market. F",2025-02-14,0.9984,Positive,0.104,0.014,0.882,2,True,"labor, violation",,2026-10-04
SIS,Security and Intelligence Services,HDFC Bank Opens Special Window for Physical Share Transfer Re-lodgement   HDFC Bank Limited has announced the opening of a special six-month window for the re-lodgement of transfer requests for physic,2025-07-08,0.9985,Positive,0.188,0.046,0.766,2,True,"environment, compliance",,2026-10-04
SIS,Security and Intelligence Services,"Stocks to Watch Today: Zydus Lifesciences, CE Info Systems Nazara Tech, Sterlite Technologies, HG Infra, Hindustan Copper, Angel One in focus on 12 June Let's catch up on the latest news from the stoc",2025-06-12,0.9991,Positive,0.132,0.017,0.851,3,True,"renewable, labor, csr",,2026-10-04
SIS,Security and Intelligence Services,"Crisis of confidence at IndusInd Bank, say analysts, lender assures clean-up is underway IndusInd Bank's March quarter results have prompted a chorus of concern from analysts, with multiple brokerages",2025-05-22,0.9472,Positive,0.092,0.058,0.851,2,True,"sustainability, governance, compliance",brokerage,2026-10-04
SIS,Security and Intelligence Services,Infosys shares gain over 0.5% ahead of Q1 earnings Infosys shares were trading with a gain of over 0.5% in today's session. The tech giant is slated to report Q1 earmings today.    Financial Snapshot:,2025-07-23,0.9976,Positive,0.154,0.011,0.834,1,True,labor,,2026-10-04
SIS,Security and Intelligence Services,"IndusInd Bank reports a worse-than-feared net loss of Rs 2328.92 crore for Q4FY25, NPAs rise Private sector lender IndusInd Bank on May 21 reported a net loss of Rs 2328.92 crore in the fourth quarter",2025-05-21,-0.3612,Negative,0.062,0.066,0.872,1,True,governance,,2026-10-04
SIS,Security and Intelligence Services,"Dr Reddys Laboratories shares rise by 2.03% in today's trading session In today's session, Dr Reddys Laboratories stock displayed positive movement, with a rise of 2.03%, reaching a price of Rs 1,344.",2025-06-24,0.9882,Positive,0.118,0.007,0.875,1,True,"labor, inclusion",nifty,2026-10-04
SIS,Security and Intelligence Services,"ABB India shares 6 percent lower on muted outlook for large orders, forex volatility Power equipment manufacturer ABB India's shares are sharply lower by up to 6 percent on August 4 after the company ",2025-08-04,0.9437,Positive,0.084,0.022,0.894,2,True,"renewable, environment",,2026-10-04
SIS,Security and Intelligence Services,"Stocks to Watch Today: Bharti Airtel, ABB India, Paytm, KIMS, Zomato, Gabriel India, Thomas Cook in focus on 18 February Let's catch up on the latest news from the stock market. From significant inves",2025-02-18,0.9974,Positive,0.107,0.017,0.876,3,True,"green energy, labor, inclusion",,2026-10-04
SIS,Security and Intelligence Services,"Stocks to Watch Today: Timex Group India, Infosys, Hindalco, BLS E-Services, JB Chemicals, Aurobindo Pharma, Bajel Projects, Arisinfra in focus on 25 June Let's catch up on the latest news from the st",2025-06-25,0.9979,Positive,0.12,0.023,0.857,1,True,labor,,2026-10-04
SIS,Security and Intelligence Services,"Stocks to Watch Today: Enviro Infra Engineers, HG Infra, Garware Technical Fibres, Metro Brands, Adani Total Gas, CESC, SJVN, Eppeltone in focus on 24 June Let's catch up on the latest news from the s",2025-06-24,0.9947,Positive,0.096,0.026,0.878,3,True,"waste, water, renewable",,2026-10-04
SIS,Security and Intelligence Services,"Hero MotoCorp to invest Rs 525 crore in Euler Motors, forays into e-three wheeler space Hero MotoCorp on Thursday said that it will make a strategic investment of upto Rs 525 crore (in one or more tra",2025-03-20,0.9961,Positive,0.177,0.005,0.818,3,True,"sustainability, sustainable, labor",,2026-10-04
SIS,Security and Intelligence Services,"Adani Power Q1 FY26 Net Profit Falls 15.5% On-Year to ₹3,305 Crore Adani Power Ltd. reported a consolidated Profit After Tax (PAT) of ₹3,305.13 crore for the quarter ended June 30, 2025, reflecting a ",2025-08-01,0.9709,Positive,0.069,0.034,0.897,6,True,"emission, emissions, water, renewable, sustainable, environment",,2026-10-04
SIS,Security and Intelligence Services,"LIC Acquires Over 2% Equity Stake in Dr Reddy's via Open Market, Boosts Total Shareholding to 8.216%       Life Insurance Corporation of India (LIC), the country's largest institutional investor, has ",2025-06-05,0.9981,Positive,0.119,0.005,0.876,3,True,"labor, governance, compliance",,2026-10-04
SIS,Security and Intelligence Services,SC agrees to open court hearing of JSW Steel's review petition against scrapping of BSPL resolution: CNBC-TV18 The Supreme Court has agreed to an open court hearing of the review petition by JSW Steel,2025-07-29,0.9871,Positive,0.121,0.015,0.864,1,True,compliance,,2026-10-04
SIS,Security and Intelligence Services,PNB-led CoC of Bhushan Power to meet in 2-3 days to decide on future course of action: CEO Ashok Chandra Committee of creditors (CoC) led by Punjab National Bank in Bhushan Power and Steel Ltd (BPSL) ,2025-05-07,0.802,Positive,0.063,0.036,0.901,1,True,compliance,,2026-10-04
SIS,Security and Intelligence Services,"Stocks to Watch Today: Tata Technologies, CESC, Wipro, Landmark Cars, Aurobindo, CSB Bank, PNB Housing, Indegene, Hexaware in focus on 29 April Let's catch up on the latest news from the stock market.",2025-04-29,0.9963,Positive,0.092,0.02,0.888,3,True,"renewable, climate, green energy",,2026-10-04
SIS,Security and Intelligence Services,"Fit case to recall judgment, consider matter afresh: SC bench on JSW Steel and lenders' plea The Supreme Court's bench hearing the review petition by JSW Steel and lenders over Bhushan Power resolutio",2025-07-31,0.9931,Positive,0.138,0.014,0.848,1,True,compliance,,2026-10-04
SIS,Security and Intelligence Services,L&T Q1 preview: Robust profit growth on strong execution; but weaker order flows may limit near-term upside Larsen &amp;amp; Toubro (L&amp;amp;T) is expected to report robust Q1FY26 results on July 29,2025-07-27,0.9976,Positive,0.153,0.044,0.803,2,True,"carbon, water, green energy",brokerage,2026-10-04
SIS,Security and Intelligence Services,"Stocks to Watch Today: Titan, Bharti Airtel, Biocon, Cummins, BSE, LIC, KRBL, Metropolis, Kalpataru Projects, Godrej Consumer, Kalyan Jewellers, AU SFB in focus on 8 August Let's catch up on the lates",2025-08-08,0.9986,Positive,0.092,0.015,0.892,2,True,"labor, compliance",,2026-10-04
SIS,Security and Intelligence Services,Sebi's Tuhin Kanta says looking into IndusInd Bank case if there are any 'egregious violations' Capital market regulator Sebi is examining for any major violations in the IndusInd Bank case as per its,2025-05-22,-0.9705,Negative,0.035,0.08,0.885,2,True,"governance, violation",,2026-10-04
SIS,Security and Intelligence Services,"Stocks to Watch Today: HCL Technologies, Zinka Logistics, Biocon, Torrent Power, Jindal Stainless, Frontier Springs, Prostarm Info Systems in focus on 3 June Let's catch up on the latest news from the",2025-06-03,0.9991,Positive,0.121,0.012,0.867,5,True,"water, renewable, green energy, labor, inclusion",,2026-10-04
SIS,Security and Intelligence Services,JSW Steel Q1 FY26 Crude Steel Production Rises 14% YoY to 7.26 Million Tonnes   JSW Steel Limited reported its consolidated crude steel production for the first quarter of the financial year 2025-26 (,2025-07-08,0.9946,Positive,0.114,0.038,0.848,12,True,"emission, emissions, carbon, air quality, water, renewable, sustainability, sustainable, climate, environment, labor, diversity",,2026-10-04
SIS,Security and Intelligence Services,"Buy Ambuja Cement; target of Rs 625: Choice Equity Broking Choice Equity Broking's report on Ambuja Cement  We forecast ACEM EBITDA to grow at a CAGR of 27.3% over FY25–28E, supported by our assumptio",2025-04-30,0.9862,Positive,0.156,0.005,0.839,1,True,renewable,,2026-10-04
SIS,Security and Intelligence Services,"Defence shares rise as Pentagon says India, US to ink 10-year defence framework Defence shares rose on July 3 after Pentagon said Defence Minister Rajnath Singh and his American counterpart Pete Hegse",2025-07-03,0.9807,Positive,0.132,0.022,0.847,1,True,labor,,2026-10-04
SIS,Security and Intelligence Services,"Vedanta Sells 1.6% Equity Stake in Hindustan Zinc for Rs 3,028 Cr to Cut Debt       Vedanta Limited on June 18, 2025, announced the sale of a 1.6% stake in its subsidiary, Hindustan Zinc Limited (HZL)",2025-06-18,0.9991,Positive,0.169,0.039,0.792,7,True,"emission, emissions, sustainable, climate, environment, esg, governance",,2026-10-04
SIS,Security and Intelligence Services,"IPO-bound Anthem Bio says cost arbitrage drove expansion, proposing China alternative for global pharma IPO-bound Anthem Biosciences, a Bengaluru-based contract research development and manufacturing ",2025-07-10,0.9853,Positive,0.078,0.03,0.892,1,True,labor,,2026-10-04
SIS,Security and Intelligence Services,"Alkem Labs Appoints Diwakar Gupta as Independent Director       Alkem Laboratories Ltd. (BSE: 539523, NSE: ALKEM) announced on June 18, 2025, that its Board of Directors has approved the appointment o",2025-06-18,0.9976,Positive,0.123,0.015,0.862,5,True,"environment, esg, labor, governance, compliance",,2026-10-04
SIS,Security and Intelligence Services,"Zydus targets FY26 expansion, but warns of slower US momentum post-Revlimid peak Zydus Lifesciences is targeting double-digit revenue growth for the fiscal year 2026, driven by robust performance in i",2025-05-20,0.9991,Positive,0.159,0.02,0.821,2,True,"labor, compliance",,2026-10-04
SIS,Security and Intelligence Services,"SC dismisses Vodafone Idea's plea for waiver of AGR dues; telco's shares tumble 9% The Supreme Court on May 19 dismissed the pleas of telecom majors Vodafone Idea, Airtel and Tata Teleservices seeking",2025-05-19,0.9683,Positive,0.117,0.078,0.806,1,True,penalty,,2026-10-04
SIS,Security and Intelligence Services,"Stocks to Watch Today: Infosys, BEML, Jubilant Pharmova, Bharat Electronics, NACL Industries, Yatra Online, Swelect Energy Systems in focus on 13 March Let's catch up on the latest news from the stock",2025-03-13,0.9984,Positive,0.134,0.018,0.848,3,True,"renewable, green energy, labor",,2026-10-04
SIS,Security and Intelligence Services,ideaForge Technology Confirms SEBI Demat Compliance for Q1 FY26       ideaForge Technology Limited has confirmed its compliance with Regulation 74(5) of the SEBI (Depositories and Participants) Regula,2025-07-08,0.9948,Positive,0.118,0.039,0.843,2,True,"governance, compliance",,2026-10-04
SIS,Security and Intelligence Services,"Alkem Laboratories shares sink as 1.4% stake offloaded in block deal, promotor likely seller Alkem Laboratories Ltd shares sank in early trade on Wednesday, June 4, as a block deal totalling 1.4 perce",2025-06-04,0.9042,Positive,0.068,0.025,0.907,1,True,labor,,2026-10-04
SIS,Security and Intelligence Services,"Vedanta to Transfer Unclaimed Dividends and Redemption Amounts to IEPF, Sets Deadline Vedanta Limited announced that unclaimed dividends and redemption amounts from the financial year 2018-19 will be ",2025-07-30,-0.3182,Negative,0.046,0.044,0.91,1,True,compliance,,2026-10-04
SIS,Security and Intelligence Services,"Himadri Speciality Chemical Board to Meet July 15 for Q1 FY26 Results Himadri Speciality Chemical Ltd (HSCL) has announced that a meeting of its Board of Directors will be held on Tuesday, July 15, 20",2025-07-08,0.9897,Positive,0.082,0.006,0.912,2,True,"governance, compliance",,2026-10-04
SIS,Security and Intelligence Services,"Zydus Lifesciences Q4 net profit rises 18% on strong US, India sales Zydus Lifesciences reported an 18% year-on-year (YoY) rise in net profit to Rs 1,390.5 crore, (adjusted for exceptional item) for t",2025-05-20,0.9964,Positive,0.168,0.008,0.823,1,True,sustainable,,2026-10-04
SIS,Security and Intelligence Services,"InGovern counters Viceroy’s short-seller report on Vedanta, urges reforms to protect Indian shareholders Proxy advisory firm InGovern Research Services has defended the Vedanta Group against allegatio",2025-07-15,0.8079,Positive,0.077,0.071,0.851,1,True,"sustainable, governance, compliance","intraday, nifty",2026-10-04
SIS,Security and Intelligence Services,"Pidilite Details Dividend Tax Rules, Declares Deadline for Forms, Record Date for Shareholder Eligibility       Pidilite Industries Limited (BSE: 500331, NSE: PIDILITIND) has issued a detailed communi",2025-06-18,0.9978,Positive,0.085,0.027,0.888,1,True,compliance,,2026-10-04
SIS,Security and Intelligence Services,Samvardhana Motherson International Announces Postal Ballot for ESOP Scheme Approval   Samvardhana Motherson International Limited has announced a postal ballot seeking shareholder approval for the 'S,2025-07-23,0.9976,Positive,0.184,0.026,0.789,1,True,compliance,,2026-10-04
SIS,Security and Intelligence Services,"Gland Pharma Secures Danish Medicines Agency GMP Certificate for Pashamylaram Facility     Gland Pharma Limited announced on July 11, 2025, that its Pashamylaram Facility has successfully received a G",2025-07-11,0.9982,Positive,0.14,0.012,0.848,2,True,"safety, compliance",,2026-10-04
SIS,Security and Intelligence Services,"IREDA shares jump 7% on robust Q4 earnings, net profit soars 49% Shares of Indian Renewable Energy Development Agency (IREDA) jumped seven percent on open on April 16, after reporting a robust set of ",2025-04-16,0.9947,Positive,0.159,0.011,0.83,2,True,"renewable, green energy",,2026-10-04
SIS,Security and Intelligence Services,"Gland Pharma gets US FDA nod for Visakhapatnam facility       Gland Pharma Limited announced on Tuesday, June 24, 2025, that it has received an Establishment Inspection Report (EIR) from the U.S. Food",2025-06-24,0.9953,Positive,0.124,0.012,0.864,1,True,compliance,,2026-10-04
SIS,Security and Intelligence Services,Paras Defence to Host Investor Meet with Al Dhabi Capital on July 14   Paras Defence and Space Technologies Limited has announced that its management will engage in a one-on-one meeting with Al Dhabi ,2025-07-09,0.9978,Positive,0.182,0.013,0.805,1,True,governance,,2026-10-04
SIS,Security and Intelligence Services,"Weak urban demand may continue to sour sentiment for FMCG in March quarter Patchy urban demand continues to weigh on the performance of FMCG companies in Q4FY25, even as rural recovery and strong inte",2025-04-10,0.9935,Positive,0.133,0.062,0.805,1,True,environment,,2026-10-04
SIS,Security and Intelligence Services,"Vodafone Idea cautions Centre, can't operate beyond FY26 without support: Sources to CNBC-TV18 Vodafone Idea has cautioned government that it cannot operate beyond the current financial year without i",2025-05-16,0.9607,Positive,0.095,0.057,0.848,1,True,penalty,,2026-10-04
SIS,Security and Intelligence Services,"Piramal Pharma Receives ESG Rating of 61 from NSE Sustainability for FY24     Piramal Pharma Limited (PPLPHARMA) has received an Environment, Social, and Governance (ESG) Rating of '61' for the financ",2025-07-10,0.9926,Positive,0.11,0.036,0.854,12,True,"emission, emissions, carbon, waste, sustainability, sustainable, environment, esg, safety, governance, compliance, ethics",,2026-10-04
SIS,Security and Intelligence Services,"Warburg Pincus, ADIA to invest up to Rs 7,500 crore in IDFC First Bank IDFC First Bank on April 17 approved a plan to raise funds of up to Rs 7,500 crore by issuing preferential shares to affiliate fi",2025-04-17,0.9985,Positive,0.165,0.005,0.83,1,True,sustainable,,2026-10-04
SIS,Security and Intelligence Services,Buy Lloyds Metals and Energy; target of Rs 1570: Anand Rathi Anand Rathi's research report on Lloyds Metals and Energy  Public hearing and mine inspection for EC enhancement has already been completed,2025-05-02,0.796,Positive,0.045,0.014,0.941,1,True,environment,,2026-10-04
SIS,Security and Intelligence Services,"Vedanta refutes Viceroy Research's allegations, calls report 'false propaganda' Vedanta Ltd issued a clarification on July 9 with regard to short seller Viceroy Research's report on its parent firm Ve",2025-07-09,-0.9638,Negative,0.055,0.101,0.845,1,True,sustainable,,2026-10-04
SIS,Security and Intelligence Services,"Stocks to Watch Today: IndusInd Bank, HUL, Bank of Maharashtra, IRCON, Star Cement, Raymond Lifestyle, Shilpa Medicare, NBCC in focus on 18 March Let's catch up on the latest news from the stock marke",2025-03-18,0.9981,Positive,0.112,0.022,0.866,2,True,"renewable, labor, governance",nifty,2026-10-04
SIS,Security and Intelligence Services,Clean Science Q1 FY26 Net Profit Rises 6% YoY to ₹70 Crore     Clean Science and Technology Limited reported a 6% year-on-year increase in consolidated profit after tax (PAT) to ₹70 crore for the firs,2025-07-17,0.9942,Positive,0.14,0.014,0.846,4,True,"water, sustainability, sustainable, esg",,2026-10-04
SIS,Security and Intelligence Services,"Gland Pharma shares rise 2.05% in morning trade Shares of Gland Pharma gained 2.05% to trade at Rs 2,059.60 in Monday's session. The stock is trading higher compared to its previous close.    The comp",2025-07-28,0.9974,Positive,0.076,0.015,0.909,1,True,compliance,,2026-10-04
SIS,Security and Intelligence Services,Hindustan Zinc Credit Rating Reaffirmed at ICRA A1+     Hindustan Zinc Limited (HZL) announced that ICRA Limited reaffirmed the company's credit rating for commercial paper at ICRA A1+. The reaffirmat,2025-07-18,0.9916,Positive,0.237,0.041,0.722,2,True,"sustainable, environment",,2026-10-04
SIS,Security and Intelligence Services,"Stocks to Watch Today: Tata Steel, Yes Bank, Godrej Properties, AstraZeneca Pharma, IndusInd Bank, Nykaa, Bajaj Housing Finance in focus on 7 April Let's catch up on the latest news from the stock mar",2025-04-07,0.9975,Positive,0.116,0.028,0.856,1,True,green energy,,2026-10-04
SIS,Security and Intelligence Services,"Glenmark’s myeloma drug delivers high response in phase-1 trial Ichnos Glenmark Innovation (IGI), part of Glenmark on Monday said its novel trispecific antibody, ISB 2001, demonstrated deep and durabl",2025-06-02,0.9535,Positive,0.063,0.034,0.902,3,True,"emission, emissions, safety",,2026-10-04
SIS,Security and Intelligence Services,"Hindustan Zinc Q1 Net Profit Declines to ₹2,234 Crore, Revenue at ₹7,771 Crore   Hindustan Zinc Limited reported a consolidated net profit of ₹2,234 crore for the first quarter ended June 30, 2025, co",2025-07-18,0.9861,Positive,0.077,0.017,0.906,1,True,renewable,,2026-10-04
SIS,Security and Intelligence Services,"Vedanta to hold 60th AGM on July 10 via VC; e-voting, book closure dates announced       Vedanta Limited has announced that its 60th Annual General Meeting (AGM) will be held on Thursday, July 10, 202",2025-06-19,0.9785,Positive,0.048,0.025,0.927,1,True,compliance,,2026-10-04
SIS,Security and Intelligence Services,Gensol and BluSmart promoter Anmol Singh Jaggi diverted EV loans to purchase a DLF Camellias flat: SEBI Gensol Engineering Ltd promoters Anmol and Puneet Singh Jaggi allegedly diverted loans meant for,2025-04-16,0.9022,Positive,0.025,0.006,0.969,1,True,governance,,2026-10-04
SIS,Security and Intelligence Services,"Jindal Stainless promoter entity JSL Overseas buys 1.87 lakh shares       JSL Overseas Holding Limited, an entity belonging to the promoter group of Jindal Stainless Limited, has increased its shareho",2025-06-19,0.9951,Positive,0.116,0.051,0.833,1,True,compliance,,2026-10-04
SIS,Security and Intelligence Services,"Suven to Divi’s: Indian CDMOs seize opportunity in pivot away from China amid global trade tensions Suven Pharmaceuticals, Syngene International, Laurus Labs, and Divi’s Laboratories are among the key",2025-05-05,0.998,Positive,0.13,0.027,0.843,1,True,labor,,2026-10-04
SIS,Security and Intelligence Services,Vodafone Idea to amend shareholders' pact to enable promoters retain management rights Debt-ridden Vodafone Ide on Friday said its board has approved an amendment in shareholders’ agreement to enable ,2025-05-02,0.9725,Positive,0.1,0.045,0.855,1,True,governance,,2026-10-04
SIS,Security and Intelligence Services,"Gland Pharma shares fall 2.27% in early trade; stock among top losers on Nifty Midcap 150 Shares of Gland Pharma declined by 2.27% to Rs 1,954.90 in early trade on Monday. At 9:26 am, the stock was am",2025-07-21,0.9914,Positive,0.063,0.02,0.917,1,True,"environment, compliance",nifty,2026-10-04
SIS,Security and Intelligence Services,"Titagarh Rail Systems Board Approves ₹199.99 Crore Preferential Issue of Warrants to Promoters       Titagarh Rail Systems Limited's Board of Directors, in a meeting held on Wednesday, July 9, 2025, a",2025-07-10,0.9979,Positive,0.115,0.011,0.874,1,True,compliance,,2026-10-04
SIS,Security and Intelligence Services,"IREDA raises Rs 2,006 crore from QIP, LIC picks 50% shares at Rs 1,003 crore Indian Renewable Energy Development Agency (IREDA) on June 11 said it has raised Rs 2,005.90 crore through a qualified inst",2025-06-11,0.9867,Positive,0.109,0.0,0.891,1,True,renewable,,2026-10-04
SIS,Security and Intelligence Services,"Stocks to Watch Today: Aditya Birla Capital, Sonata Software, Wipro, Kaynes Technology, CreditAccess Grameen, Reliance Infrastructure in focus on 11 June Let's catch up on the latest news from the sto",2025-06-11,0.998,Positive,0.107,0.02,0.873,2,True,"renewable, labor",,2026-10-04
SIS,Security and Intelligence Services,"RailTel board to meet on June 15 to mull FY25 final dividend       RailTel Corporation of India Ltd. has informed the stock exchanges that its Board of Directors is scheduled to convene on Sunday, Jun",2025-06-10,0.9939,Positive,0.079,0.011,0.91,1,True,"governance, compliance",share price,2026-10-04
SIS,Security and Intelligence Services,"IREDA plans to raise Rs 2,500-3,000 crore through QIP this fiscal State-owned IREDA plans to raise Rs 2,500-3,000 crore through qualified institutional placement route this fiscal as it looks to dilut",2025-07-21,0.9884,Positive,0.1,0.0,0.9,1,True,governance,,2026-10-04
SIS,Security and Intelligence Services,"Yes Bank’s deposits costs to be at par with larger peers in 2–3 years, says MD & CEO Prashant Kumar Private sector lender Yes Bank is confident of significantly narrowing the gap with larger peers reg",2025-04-28,0.9878,Positive,0.084,0.038,0.878,1,True,sustainable,,2026-10-04
SIS,Security and Intelligence Services,"Glenmark: USFDA Issues 5 Procedural Observations for Monroe Unit       Glenmark Pharmaceuticals Limited announced on June 18, 2025, that its manufacturing facility located in Monroe, North Carolina, U",2025-06-18,0.9946,Positive,0.1,0.035,0.865,1,True,"labor, compliance",stock price,2026-10-04
SIS,Security and Intelligence Services,Why defence stocks are firing – three catalysts and a warning shot Defense stocks are on a warpath—surging up to 30% in just a week and more than 100% from their recent lows. But is this just a tactic,2025-03-24,0.9991,Positive,0.179,0.063,0.757,2,True,"renewable, climate, environment",stock price,2026-10-04
SIS,Security and Intelligence Services,"Mankind Pharma's Q4 net profit drops 10% to Rs 477 crore on one-off costs Mankind Pharma on Wednesday reported a 10% year-on-year (YoY) decrease in net profit to Rs 429 crore in Q4 FY24, attributed to",2025-05-21,0.9956,Positive,0.136,0.015,0.849,1,True,sustainable,,2026-10-04
SIS,Security and Intelligence Services,"Hind Zinc's Rajasthan units in 'emergency preparedness' but no disruption despite tense border One of the world’s leading zinc producers, Hindustan Zinc has activated its emergency preparedness protoc",2025-05-09,-0.9655,Negative,0.099,0.134,0.766,1,True,safety,,2026-10-04
SIS,Security and Intelligence Services,"Vedanta shares decline over 3% as Viceroy Research shorts parent's debt, says 'resembles a Ponzi scheme' Shares of Anil Agarwal-owned mining conglomerate Vedanta Ltd fell over 3% on July 9 after short",2025-07-09,0.9505,Positive,0.11,0.093,0.797,1,True,"sustainable, governance, violation","intraday, nifty",2026-10-04
SIS,Security and Intelligence Services,"Lupin Inks Pact with Sino Universal Pharma for Tiotropium DPI in China Market       Global pharmaceutical major Lupin Limited (Lupin) on June 16, 2025, announced a significant move to expand its prese",2025-06-16,0.9995,Positive,0.182,0.024,0.795,1,True,labor,,2026-10-04
SIS,Security and Intelligence Services,"Stocks to Watch Today: Tata Steel, Mahindra Lifespace, Aurobindo, Rail Vikas Nigam, Piramal Pharma, Hexaware in focus on 19 February Let's catch up on the latest news from the stock market. From signi",2025-02-19,0.9939,Positive,0.107,0.034,0.859,2,True,"emission, emissions",,2026-10-04
SIS,Security and Intelligence Services,SAIL Appoints Pranoy Roy as Independent Director for Three Years   Steel Authority of India Limited (SAIL) has announced the appointment of Pranoy Roy as an Independent Director on its Board of Direct,2025-07-10,0.9946,Positive,0.1,0.006,0.894,4,True,"environment, governance, compliance, csr",,2026-10-04
SIS,Security and Intelligence Services,"Laxmi Organic Industries Submits FY25 Annual Report, Announces ₹1,100 Crore Strategic Investment   Laxmi Organic Industries Ltd. has officially submitted its Annual Report for the financial year ended",2025-07-10,0.9988,Positive,0.157,0.008,0.835,4,True,"sustainability, sustainable, environment, labor",,2026-10-04
SIS,Security and Intelligence Services,"What led to the selloff in PB Fintech shares: IRDAI's regulatory action explained Shares of PB Fintech, the parent entity of PolicyBazaar, fell over 2 percent on August 5 as investors weighed the fall",2025-08-05,0.2336,Positive,0.095,0.094,0.81,2,True,"governance, penalty, violation",brokerage,2026-10-04
SIS,Security and Intelligence Services,Buy AU Small Finance Bank; target of Rs 875: Motilal Oswal Motilal Oswal's research report on AU Small Finance Bank  RBI has granted in-principle approval to AU SFB (AUBANK) for its transition into a ,2025-08-08,0.9765,Positive,0.121,0.005,0.874,1,True,governance,,2026-10-04
SIS,Security and Intelligence Services,Max Financial Services Confirms Q1 FY26 Share Dematerialization Compliance   Max Financial Services Limited (MFSL) has announced its adherence to Regulation 74(5) of the Securities and Exchange Board ,2025-07-07,0.9968,Positive,0.146,0.041,0.813,3,True,"environment, governance, compliance",,2026-10-04
SIS,Security and Intelligence Services,"Stocks to Watch Today: Paytm, Lodha Developers, Oberoi Realty, Kirloskar Ferrous, KEI Industries, JSW Infra, Alpex Solar, Monika Alcobev in focus on 23 July Let's catch up on the latest news from the ",2025-07-23,0.9932,Positive,0.088,0.035,0.876,3,True,"water, labor, penalty",,2026-10-04
SIS,Security and Intelligence Services,"Broking stocks higher as Sebi consultation paper seeks to revamp regulation, ease compliance burden Capital market regulator Sebi has issued a consultation paper seeking views on its plan to revamp th",2025-08-13,0.9716,Positive,0.08,0.018,0.902,1,True,"environment, compliance",nifty,2026-10-04
ZOMATO,Eternal (formerly Zomato),"Stocks to Watch Today: Infosys, ICICI Bank, HDFC Bank, HDFC Life, NIIT, ABB India, Tata Elxsi, Just Dial, TCS in focus on 21 April Let's catch up on the latest news from the stock market. From signifi",2025-04-21,0.9985,Positive,0.115,0.018,0.868,1,True,labor,,2026-10-04
ZOMATO,Eternal (formerly Zomato),"Stocks to Watch Today: Manappuram Finance, Hero MotoCorp, Hindalco, Glenmark, TCS, Lloyds Metals, CDSL, RailTel in focus on 21 March Let's catch up on the latest news from the stock market. From signi",2025-03-21,0.9988,Positive,0.109,0.014,0.877,5,True,"sustainable, environment, labor, compliance, csr",,2026-10-04
ZOMATO,Eternal (formerly Zomato),"Stocks to Watch Today: Zomato, Jio Financial, Lupin, RVNL, Ujjivan SFB, Granules India, Vedanta, Paisalo Digital in focus on 24 February Let's catch up on the latest news from the stock market. From s",2025-02-24,0.9966,Positive,0.088,0.019,0.893,3,True,"carbon, renewable, green energy, labor",nifty,2026-10-04
ZOMATO,Eternal (formerly Zomato),"Stocks to Watch today: NTPC, Asian Paints, Torrent Power, Jubilant Foodworks in focus on June 13 Let's catch up on the latest news from the stock market. From significant investments to major deals, a",2025-06-12,0.9992,Positive,0.17,0.033,0.797,4,True,"water, renewable, green energy, labor",,2026-10-04
ZOMATO,Eternal (formerly Zomato),"Stocks to Watch Today: TCS, Biocon, GAIL, Greaves Cotton, Sun Pharma, Dishman Carbogen Amcis, Coromandel International in focus on 11 April Let's catch up on the latest news from the stock market. Fro",2025-04-11,0.9984,Positive,0.096,0.018,0.886,3,True,"renewable, labor, governance",,2026-10-04
ZOMATO,Eternal (formerly Zomato),"Tata Group first Indian brand over the $30 billion value mark, Eternal joins the top 50 list The Tata Group, with a brand value increase of 10 percent to $31.6 billion has once again secured the posit",2025-06-25,0.9972,Positive,0.191,0.01,0.799,2,True,"renewable, green energy",,2026-10-04
ZOMATO,Eternal (formerly Zomato),"Stocks to Watch Today: NTPC, JSW Steel, JK Cement, Ashoka Buildcon, GNFC, Paytm, Eternal, Zydus Life, Nibe, Havells India in focus on 26 May Let's catch up on the latest news from the stock market. Fr",2025-05-26,0.9992,Positive,0.127,0.012,0.861,1,True,sustainability,,2026-10-04
ZOMATO,Eternal (formerly Zomato),"Stocks to Watch Today: Bajaj Finance, IndusInd Bank, IndiaMART, Schaeffler India, Vishal Mega Mart, Prestige Estates, Strides Pharma in focus on 30 April Let's catch up on the latest news from the sto",2025-04-30,0.9989,Positive,0.118,0.024,0.858,2,True,"climate, labor",,2026-10-04
ZOMATO,Eternal (formerly Zomato),"Stocks to Watch Today: ITC, Hindustan Aeronautics, NCC, EIL, HBL Engineering, Power Mech Projects, Prestige Estates, Desco Infratech in focus on 1 April Let's catch up on the latest news from the stoc",2025-04-01,0.9998,Positive,0.128,0.013,0.859,4,True,"water, renewable, environment, penalty",,2026-10-04
ZOMATO,Eternal (formerly Zomato),"Stocks to Watch Today: HDFC Bank, Mazagon Dock, DMart, Adani Wilmar, Bajaj Finance, Surya Roshni, Alivus Life, Paras Defence in focus on 4 April Let's catch up on the latest news from the stock market",2025-04-04,0.9981,Positive,0.087,0.011,0.903,2,True,"environment, labor",,2026-10-04
ZOMATO,Eternal (formerly Zomato),"Stocks to Watch Today: Bharti Airtel, ABB India, Paytm, KIMS, Zomato, Gabriel India, Thomas Cook in focus on 18 February Let's catch up on the latest news from the stock market. From significant inves",2025-02-18,0.9974,Positive,0.107,0.017,0.876,3,True,"green energy, labor, inclusion",,2026-10-04
ZOMATO,Eternal (formerly Zomato),"Zomato introduces long-distance fee, rider assurance plan for restaurants to boost order margins Eternal, the parent of food delivery giant Zomato, has made it costlier for restaurants to service orde",2025-06-09,0.9921,Positive,0.093,0.033,0.874,1,True,environment,,2026-10-04
ZOMATO,Eternal (formerly Zomato),"Swiggy, Eternal shares fall for 2nd day amid jitters over Rapido's potential foray into food delivery The shares of Swiggy and Zomato-parent Eternal extended losses on June 10, amid buzz around ride-h",2025-06-10,0.3536,Positive,0.057,0.059,0.884,1,True,safety,,2026-10-04
ZOMATO,Eternal (formerly Zomato),"Eternal CEO-backed LAT Aerospace buys Bombardier private jet; Deepinder Goyal denies deal Eternal CEO Deepinder Goyal-backed LAT Aerospace has bought a Bombardier Global jet, multiple people familiar ",2025-07-16,0.995,Positive,0.075,0.015,0.911,1,True,compliance,,2026-10-04
ZOMATO,Eternal (formerly Zomato),"Stocks to Watch Today: Titan, Bharti Airtel, Biocon, Cummins, BSE, LIC, KRBL, Metropolis, Kalpataru Projects, Godrej Consumer, Kalyan Jewellers, AU SFB in focus on 8 August Let's catch up on the lates",2025-08-08,0.9986,Positive,0.092,0.015,0.892,2,True,"labor, compliance",,2026-10-04
ZOMATO,Eternal (formerly Zomato),Info Edge CFO Chintan Thakkar resigns after 12-year tenure; shares down 1% The shares of Info Edge dropped around 1 percent in the early trading hours of August 20 after the company announced that its,2025-08-20,0.9869,Positive,0.107,0.024,0.87,2,True,"governance, compliance",,2026-10-04
PAYTM,One 97 Communications,"Stocks to Watch Today: Tata Steel, Hindalco, Paytm, Kfin Technologies, Premier Explosives, Aether Industries, Sundaram Clayton in focus on 13 May Let's catch up on the latest news from the stock marke",2025-05-13,0.9972,Positive,0.105,0.029,0.865,2,True,"pollution, labor",,2026-10-04
PAYTM,One 97 Communications,"Stocks to Watch Today: Hero MotoCorp, Zydus Life, Lupin, Sonata Software, Dalmia Bharat, Paytm, Infosys, Angel One, Wipro in focus on 17 April Let's catch up on the latest news from the stock market. ",2025-04-17,0.9984,Positive,0.094,0.015,0.891,3,True,"renewable, green energy, labor",,2026-10-04
PAYTM,One 97 Communications,"Goldman Sachs bucks the industry trend with booming India P-note business While the broader market for India's participatory notes (P-notes) continues its steady decline, US investment banking giant G",2025-07-16,0.9968,Positive,0.113,0.007,0.879,1,True,environment,,2026-10-04
PAYTM,One 97 Communications,"Stocks to Watch Today: PB Fintech, Allied Blenders, LIC Housing, Bharti Airtel, Abbott India, Rail Vikas Nigam, Infosys, JSW Energy in focus on 16 May Let's catch up on the latest news from the stock ",2025-05-16,0.9989,Positive,0.117,0.016,0.866,1,True,labor,,2026-10-04
PAYTM,One 97 Communications,"Stocks to Watch Today: NTPC, JSW Steel, JK Cement, Ashoka Buildcon, GNFC, Paytm, Eternal, Zydus Life, Nibe, Havells India in focus on 26 May Let's catch up on the latest news from the stock market. Fr",2025-05-26,0.9992,Positive,0.127,0.012,0.861,1,True,sustainability,,2026-10-04
PAYTM,One 97 Communications,"Stocks to Watch Today: Tata Motors, Paytm, TVS Motor, NLC India, Piramal Enterprises, International Gemmological Institute, M&M in focus on 3 March Let's catch up on the latest news from the stock mar",2025-03-03,0.9982,Positive,0.079,0.017,0.904,1,True,penalty,,2026-10-04
PAYTM,One 97 Communications,"Airtel to offer free 1-year Perplexity Pro subscription to its customers Artificial intelligence (AI)-powered answer engine Perplexity is offering a one-year free subscription to its premium tier, Per",2025-07-17,0.9981,Positive,0.152,0.014,0.835,1,True,labor,,2026-10-04
PAYTM,One 97 Communications,"Stocks to Watch Today: ITC, Hindustan Aeronautics, NCC, EIL, HBL Engineering, Power Mech Projects, Prestige Estates, Desco Infratech in focus on 1 April Let's catch up on the latest news from the stoc",2025-04-01,0.9998,Positive,0.128,0.013,0.859,4,True,"water, renewable, environment, penalty",,2026-10-04
PAYTM,One 97 Communications,"Stocks to Watch Today: Larsen and Toubro, Britannia, Titan, Venus Pipes, Paytm, Suzlon, Lupin, Union Bank, Kalyan Jewellers in focus on 9 May Let's catch up on the latest news from the stock market. F",2025-05-09,0.9987,Positive,0.117,0.017,0.866,2,True,"renewable, labor",,2026-10-04
PAYTM,One 97 Communications,"Stocks to Watch Today: Indian Hotels, CCL Products, DCM Shriram, Ather Energy, Senores Pharma, Paras Defence, Glenmark in focus on 6 May Let's catch up on the latest news from the stock market. From s",2025-05-06,0.9984,Positive,0.121,0.018,0.861,1,True,penalty,,2026-10-04
PAYTM,One 97 Communications,"Stocks to Watch Today: BSE, NLC India, GMDC, GP Petroleums, HPCL, Godrej Consumer, KEI Industries, Paytm, Mahanagar Gas in focus on 7 May Let's catch up on the latest news from the stock market. From ",2025-05-07,0.9975,Positive,0.109,0.024,0.867,1,True,labor,,2026-10-04
PAYTM,One 97 Communications,"Stocks to Watch Today: NSDL, Sri Lotus Developers, Bharti Airtel, Britannia, Lupin, Prestige Estates, EIH, Gland Pharma, HG Infra in focus on 6 August Let's catch up on the latest news from the stock ",2025-08-06,0.9982,Positive,0.112,0.007,0.881,1,True,labor,,2026-10-04
PAYTM,One 97 Communications,"Stocks to Watch Today: TCS, Hindalco, RBL Bank, United Breweries, Godfrey Phillips, Kisan Mouldings, KNR Construction in focus on 14 February Let's catch up on the latest news from the stock market. F",2025-02-14,0.9984,Positive,0.104,0.014,0.882,2,True,"labor, violation",,2026-10-04
PAYTM,One 97 Communications,"Stocks to Watch Today: Bharti Airtel, ABB India, Paytm, KIMS, Zomato, Gabriel India, Thomas Cook in focus on 18 February Let's catch up on the latest news from the stock market. From significant inves",2025-02-18,0.9974,Positive,0.107,0.017,0.876,3,True,"green energy, labor, inclusion",,2026-10-04
PAYTM,One 97 Communications,"Stocks to Watch Today: Paytm, Aurobindo Pharma, Aditya Infotech, DLF, Siemens Energy, Inox India, Godfrey Phillips, Azad Engineering in focus on 5 August Let's catch up on the latest news from the sto",2025-08-05,0.9964,Positive,0.105,0.015,0.88,1,True,labor,,2026-10-04
PAYTM,One 97 Communications,"BFSI market cap soared over 50x in two decades, powered by digitalization and fintech In a note highlighting the growth in India's BFSI space, Motilal Oswal on April 22 said it believes the next phase",2025-04-22,0.9973,Positive,0.137,0.009,0.855,1,True,"labor, inclusion",nifty,2026-10-04
PAYTM,One 97 Communications,"Stocks to Watch Today: Bharti Airtel, Tata Motors, Dalmia Bharat Sugar, Metropolis, ITD Cementation, ASK Automotive, Bharti Hexacom in focus on 14 May Let's catch up on the latest news from the stock ",2025-05-14,0.9984,Positive,0.122,0.013,0.866,2,True,"renewable, green energy",,2026-10-04
PAYTM,One 97 Communications,"MSCI rebalancing could see Paytm, Nykaa find their way into the Standard index: Nuvama Investors will be closely tracking the MSCI index rebalancing announcement for the Standard and Smallcap indices,",2025-05-13,0.872,Positive,0.044,0.013,0.943,1,True,inclusion,,2026-10-04
PAYTM,One 97 Communications,"Stocks to Watch Today: Paytm, Lodha Developers, Oberoi Realty, Kirloskar Ferrous, KEI Industries, JSW Infra, Alpex Solar, Monika Alcobev in focus on 23 July Let's catch up on the latest news from the ",2025-07-23,0.9932,Positive,0.088,0.035,0.876,3,True,"water, labor, penalty",,2026-10-04
PAYTM,One 97 Communications,"Stocks to Watch Today: Paytm, Lloyds Metals, Info Edge, GNG Electronics, Aditya Infotech, Endurance, Regaal Resources, Phoenix Mills in focus on 20 August Let's catch up on the latest news from the st",2025-08-20,0.9969,Positive,0.105,0.017,0.878,3,True,"renewable, green energy, labor",,2026-10-04
POLICYBZR,PB Fintech,"Stocks to Watch Today: Coal India, Shanti Gold, Swiggy, PB Fintech, Chalet Hotels, RR Kabel, JSW Energy, Aarti Industries, ITC, Eicher Motors in focus on 1 August Let's catch up on the latest news fro",2025-08-01,0.9988,Positive,0.103,0.019,0.878,3,True,"carbon, sustainable, labor",,2026-10-04
POLICYBZR,PB Fintech,"Stocks to Watch Today: HCL Tech, Sanofi India, KSB, PB Fintech, Transrail Lighting, Tata Power, Granules India, Kernex in focus on 28 February Let's catch up on the latest news from the stock market. ",2025-02-28,0.9993,Positive,0.139,0.011,0.85,4,True,"renewable, green energy, labor, penalty",,2026-10-04
POLICYBZR,PB Fintech,"Stocks to Watch Today: PB Fintech, Allied Blenders, LIC Housing, Bharti Airtel, Abbott India, Rail Vikas Nigam, Infosys, JSW Energy in focus on 16 May Let's catch up on the latest news from the stock ",2025-05-16,0.9989,Positive,0.117,0.016,0.866,1,True,labor,,2026-10-04
POLICYBZR,PB Fintech,"Stocks to Watch Today: TCS, PB Fintech, Bharti Airtel, Rail Vikas Nigam, Kaynes Technology, Godrej Agrovet in focus on 12 March Let's catch up on the latest news from the stock market. From significan",2025-03-12,0.997,Positive,0.11,0.024,0.866,3,True,"renewable, green energy, violation",,2026-10-04
POLICYBZR,PB Fintech,"Stocks to Watch Today: Eicher Motors, Apollo Tyres, Lupin, Wendt India, HUL, Brigade, Genesys, Wipro, Shilpa Medicare, Yes Bank, Vascon Engineers in focus on 15 May Let's catch up on the latest news f",2025-05-15,0.9993,Positive,0.123,0.018,0.859,1,True,renewable,,2026-10-04
POLICYBZR,PB Fintech,"Stocks to Watch Today: CG Power, Kalpataru Projects, Ellenbarrie, KSB, NCC, Bharat Electronics, HCL Tech, AAVAS Financiers, Apollo Hospitals in focus on 1 July Let's catch up on the latest news from t",2025-07-01,0.9979,Positive,0.107,0.015,0.878,2,True,"green energy, labor",,2026-10-04
POLICYBZR,PB Fintech,"Stocks to Watch Today: Mobikwik, Western Carriers, PB Fintech, Texmaco Rail, Om Infra, JSW Energy, SMS Pharmaceuticals in focus on 26 June Let's catch up on the latest news from the stock market. From",2025-06-26,0.999,Positive,0.114,0.016,0.869,2,True,"environment, labor",,2026-10-04
POLICYBZR,PB Fintech,"What led to the selloff in PB Fintech shares: IRDAI's regulatory action explained Shares of PB Fintech, the parent entity of PolicyBazaar, fell over 2 percent on August 5 as investors weighed the fall",2025-08-05,0.2336,Positive,0.095,0.094,0.81,2,True,"governance, penalty, violation",brokerage,2026-10-04
POLICYBZR,PB Fintech,PB Fintech shares fall after disclosure shows fine by IRDAI over regulatory lapses Insurance regulator IRDAI has imposed a fine of Rs 5 crore on PB Fintech's online insurance aggregator - Policybazaar,2025-08-05,-0.7003,Negative,0.065,0.075,0.86,2,True,"penalty, violation",,2026-10-04
DELHIVERY,Delhivery,"Stocks to Watch Today: Coal India, Shanti Gold, Swiggy, PB Fintech, Chalet Hotels, RR Kabel, JSW Energy, Aarti Industries, ITC, Eicher Motors in focus on 1 August Let's catch up on the latest news fro",2025-08-01,0.9988,Positive,0.103,0.019,0.878,3,True,"carbon, sustainable, labor",,2026-10-04
DELHIVERY,Delhivery,"Stocks to Watch Today: Divis Labs, Premier Energies, Delhivery, Dr Reddys, Bharat Electronics, KEC International, Sun Pharma, PNC Infratech in focus on 19 May Let's catch up on the latest news from th",2025-05-19,0.9993,Positive,0.122,0.018,0.859,1,True,labor,,2026-10-04
DELHIVERY,Delhivery,"Stocks to Watch Today: PB Fintech, Allied Blenders, LIC Housing, Bharti Airtel, Abbott India, Rail Vikas Nigam, Infosys, JSW Energy in focus on 16 May Let's catch up on the latest news from the stock ",2025-05-16,0.9989,Positive,0.117,0.016,0.866,1,True,labor,,2026-10-04
DELHIVERY,Delhivery,"Stocks to Watch Today: KPI Green, Tata Power, Adani Green, Airtel, Waaree Energies, UltraTech Cement, Ceigall India, Mastek in focus on 27 February Let's catch up on the latest news from the stock mar",2025-02-27,0.9979,Positive,0.083,0.016,0.901,6,True,"renewable, environment, green energy, labor, penalty, violation",,2026-10-04
DELHIVERY,Delhivery,"Stocks to Watch Today: Zydus Lifesciences, Ashoka Buildcon, Nureca, Cyient, Ahluwalia Contracts, Transrail Lighting, Swiggy in focus on 15 April Let's catch up on the latest news from the stock market",2025-04-15,0.9974,Positive,0.079,0.013,0.909,1,True,renewable,,2026-10-04
DELHIVERY,Delhivery,"Stocks to Watch Today: Urgo Capital, Delhivery, SML Isuzu, Hindustan Zinc, Bharat Forge, Polycab, RailTel Corporation in focus on 18 June Let's catch up on the latest news from the stock market. From ",2025-06-18,0.9964,Positive,0.11,0.03,0.86,3,True,"renewable, labor, violation",,2026-10-04
DELHIVERY,Delhivery,"Stocks to Watch Today: ABB India, Dilip Buildcon, ITC, Railtel Corp, Hero MotoCorp, Delhivery, MCX, Muthoot Capital, Harsha Engineers in focus on 4 August Let's catch up on the latest news from the st",2025-08-04,0.9977,Positive,0.1,0.013,0.887,1,True,labor,,2026-10-04
NAZARA,Nazara Technologies,"Stocks to Watch Today: Biocon, Texmaco Rail, NTPC Green Energy, UPL, SpiceJet in focus on 25 February Let's catch up on the latest news from the stock market. From significant investments to major dea",2025-02-25,0.9882,Positive,0.079,0.02,0.901,5,True,"carbon, water, renewable, green energy, penalty",,2026-10-04
NAZARA,Nazara Technologies,"Stocks to Watch Today: Bharti Airtel, Kfin Technologies, Nazara Tech, Dabur, Blue Star, Voltas, Symphony, United Breweries, Coal India in focus on 8 May Let's catch up on the latest news from the stoc",2025-05-08,0.9978,Positive,0.117,0.019,0.864,1,True,renewable,,2026-10-04
NAZARA,Nazara Technologies,"Stocks to Watch Today: NHPC, United Spirits, Aster DM Healthcare, GSFC, Gland Pharma, KPR Mills, Dixon Tech, IRCON, Nazara Tech in focus on 21 May Let's catch up on the latest news from the stock mark",2025-05-21,0.9991,Positive,0.108,0.012,0.88,3,True,"renewable, green energy, governance",,2026-10-04
NAZARA,Nazara Technologies,"Stocks to Watch Today: NTPC, JSW Steel, JK Cement, Ashoka Buildcon, GNFC, Paytm, Eternal, Zydus Life, Nibe, Havells India in focus on 26 May Let's catch up on the latest news from the stock market. Fr",2025-05-26,0.9992,Positive,0.127,0.012,0.861,1,True,sustainability,,2026-10-04
NAZARA,Nazara Technologies,"Stocks to Watch Today: HDB Financial, Hero MotoCorp, Sambhv Steel, Lupin, JSW Energy, Asian Paints, RITES, Paras Defence, Maruti Suzuki in focus on 2 July Let's catch up on the latest news from the st",2025-07-02,0.9987,Positive,0.114,0.025,0.861,1,True,penalty,,2026-10-04
NAZARA,Nazara Technologies,"Stocks to Watch Today: ITC, Bajaj Finance, Sun Pharmaceutical, Syngene, Natco Pharma, Vedanta, Sacheerome in focus on 16 June Let's catch up on the latest news from the stock market. From significant ",2025-06-16,0.9991,Positive,0.145,0.017,0.838,3,True,"water, renewable, compliance",,2026-10-04
NAZARA,Nazara Technologies,"Stocks to Watch Today: Lupin, Tata Power, Nazara Tech, Shilpa Medicare, GMR Airports, IRB Infra, Railtel, Shyam Metalics in focus on 10 March Let's catch up on the latest news from the stock market. F",2025-03-10,0.9989,Positive,0.111,0.016,0.873,3,True,"renewable, sustainable, net zero",,2026-10-04
NAZARA,Nazara Technologies,"Stocks to Watch Today: TCS, Hindalco, RBL Bank, United Breweries, Godfrey Phillips, Kisan Mouldings, KNR Construction in focus on 14 February Let's catch up on the latest news from the stock market. F",2025-02-14,0.9984,Positive,0.104,0.014,0.882,2,True,"labor, violation",,2026-10-04
NAZARA,Nazara Technologies,"Stocks to Watch Today: Zydus Lifesciences, CE Info Systems Nazara Tech, Sterlite Technologies, HG Infra, Hindustan Copper, Angel One in focus on 12 June Let's catch up on the latest news from the stoc",2025-06-12,0.9991,Positive,0.132,0.017,0.851,3,True,"renewable, labor, csr",,2026-10-04
NAZARA,Nazara Technologies,"Stocks to Watch Today: Bharti Airtel, ABB India, Paytm, KIMS, Zomato, Gabriel India, Thomas Cook in focus on 18 February Let's catch up on the latest news from the stock market. From significant inves",2025-02-18,0.9974,Positive,0.107,0.017,0.876,3,True,"green energy, labor, inclusion",,2026-10-04
TATACOMM,Tata Communications,"Stocks to Watch Today: Wipro, Axis Bank, LTIMindtree, Indian Hotels, Lupin, Tracxn Tech, Capital SFB, Veranda Learning, IndoStar in focus on 18 July Let's catch up on the latest news from the stock ma",2025-07-18,0.9991,Positive,0.119,0.013,0.868,1,True,labor,,2026-10-04
TATACOMM,Tata Communications,"Stocks to Watch Today: Maruti Suzuki, PNB, Dabur, Bharat Electronics, Kirloskar Oil, Interarch Building, VVIP Infratech, Mahindra Lifespace in focus on 3 April Let's catch up on the latest news from t",2025-04-03,0.9989,Positive,0.095,0.016,0.889,2,True,"labor, compliance",,2026-10-04
TATACOMM,Tata Communications,"Stocks to Watch Today: Tata Motors, Paytm, TVS Motor, NLC India, Piramal Enterprises, International Gemmological Institute, M&M in focus on 3 March Let's catch up on the latest news from the stock mar",2025-03-03,0.9982,Positive,0.079,0.017,0.904,1,True,penalty,,2026-10-04
TATACOMM,Tata Communications,"Stocks to Watch Today: Zydus Lifesciences, Tata Elxsi, Abbott India, ESAF Small Finance Bank, Siemens Energy, Aegis Vopak, IKS Health, Vodafone in focus on 19 June Let's catch up on the latest news fr",2025-06-19,0.9943,Positive,0.095,0.015,0.89,3,True,"carbon, renewable, safety",,2026-10-04
TATACOMM,Tata Communications,"Stocks to Watch Today: Tech Mahindra, Angel One, Ixigo, Maruti Suzuki, Godrej Properties, Hindustan Zinc, Zydus Life, Smartworks in focus on 17 July Let's catch up on the latest news from the stock ma",2025-07-17,0.9953,Positive,0.106,0.025,0.869,1,True,renewable,,2026-10-04
TATACOMM,Tata Communications,"Stocks to Watch Today: HCL Tech, Ashoka Buildcon, PNC Infratech, Airtel, Bharat Forge, Cyient DLM, M&M Financial, RBL Bank in focus on 23 April Let's catch up on the latest news from the stock market.",2025-04-23,0.9978,Positive,0.113,0.022,0.865,2,True,"carbon, water",,2026-10-04
INDUSTOWER,Indus Towers,"Stocks to Watch Today: Zomato, Jio Financial, Lupin, RVNL, Ujjivan SFB, Granules India, Vedanta, Paisalo Digital in focus on 24 February Let's catch up on the latest news from the stock market. From s",2025-02-24,0.9966,Positive,0.088,0.019,0.893,3,True,"carbon, renewable, green energy, labor",nifty,2026-10-04
INDUSTOWER,Indus Towers,"Stocks to Watch Today: ITC, Sun Pharma, IndusInd Bank, Honasa Consumer, MTAR Tech, Metro Brands, Power Mech, Bharat Electronics in focus on 23 May Let's catch up on the latest news from the stock mark",2025-05-23,0.9987,Positive,0.103,0.022,0.875,1,True,"renewable, green energy",sensex,2026-10-04
INDUSTOWER,Indus Towers,"Stocks to Watch Today: TCS, Biocon, GAIL, Greaves Cotton, Sun Pharma, Dishman Carbogen Amcis, Coromandel International in focus on 11 April Let's catch up on the latest news from the stock market. Fro",2025-04-11,0.9984,Positive,0.096,0.018,0.886,3,True,"renewable, labor, governance",,2026-10-04
INDUSTOWER,Indus Towers,"Stocks to Watch Today: Bajaj Finance, IndusInd Bank, IndiaMART, Schaeffler India, Vishal Mega Mart, Prestige Estates, Strides Pharma in focus on 30 April Let's catch up on the latest news from the sto",2025-04-30,0.9989,Positive,0.118,0.024,0.858,2,True,"climate, labor",,2026-10-04
INDUSTOWER,Indus Towers,"Stocks to Watch Today: Indiqube Spaces, GNG Electronics, Dilip Buildcon, GMR Airports, Ask Automotive, GE Vernova, IGI India, L&T in focus on 30 July Let's catch up on the latest news from the stock m",2025-07-30,0.9978,Positive,0.108,0.011,0.881,1,True,labor,,2026-10-04
INDUSTOWER,Indus Towers,"SC dismisses Vodafone Idea's plea for waiver of AGR dues; telco's shares tumble 9% The Supreme Court on May 19 dismissed the pleas of telecom majors Vodafone Idea, Airtel and Tata Teleservices seeking",2025-05-19,0.9683,Positive,0.117,0.078,0.806,1,True,penalty,,2026-10-04
BHARTIARTL,Bharti Airtel,"Bharti Airtel shares decline 0.55% today Shares of Bharti Airtel were trading lower in Thursday's session. At 1:30 pm, the stock was trading at Rs 1,922, a decline of 0.55% from its previous close. Ea",2025-07-31,0.9906,Positive,0.109,0.017,0.874,1,True,green energy,,2026-10-04
BHARTIARTL,Bharti Airtel,"Stocks to Watch Today: Divis Labs, Premier Energies, Delhivery, Dr Reddys, Bharat Electronics, KEC International, Sun Pharma, PNC Infratech in focus on 19 May Let's catch up on the latest news from th",2025-05-19,0.9993,Positive,0.122,0.018,0.859,1,True,labor,,2026-10-04
BHARTIARTL,Bharti Airtel,"Bharti Airtel quarterly results to be announced on August 5 Bharti Airtel is scheduled to announce its quarterly results on August 5, 2025. In other news, on July 28, 2025, Bharti Airtel announced a p",2025-07-29,0.9861,Positive,0.061,0.015,0.925,1,True,"green energy, labor",nifty,2026-10-04
BHARTIARTL,Bharti Airtel,"Stocks to Watch Today: Zomato, Jio Financial, Lupin, RVNL, Ujjivan SFB, Granules India, Vedanta, Paisalo Digital in focus on 24 February Let's catch up on the latest news from the stock market. From s",2025-02-24,0.9966,Positive,0.088,0.019,0.893,3,True,"carbon, renewable, green energy, labor",nifty,2026-10-04
BHARTIARTL,Bharti Airtel,"Stocks to Watch Today: Tata Steel, Hindalco, Paytm, Kfin Technologies, Premier Explosives, Aether Industries, Sundaram Clayton in focus on 13 May Let's catch up on the latest news from the stock marke",2025-05-13,0.9972,Positive,0.105,0.029,0.865,2,True,"pollution, labor",,2026-10-04
BHARTIARTL,Bharti Airtel,"Bharti Airtel to Hold 30th AGM on August 8, 2025 Bharti Airtel Limited announced that its 30th Annual General Meeting (AGM) will be held on Friday, August 08, 2025, at 11:30 A.M. (IST) through Video C",2025-07-17,0.9816,Positive,0.076,0.005,0.92,6,True,"sustainability, climate, environment, esg, governance, compliance",,2026-10-04
BHARTIARTL,Bharti Airtel,"Stocks to Watch Today: Torrent Pharma, JB Chemicals, Jyoti CNC, BHEL, Alembic Pharma, Waaree Energies, Prestige Estates, Hind Rectifiers in focus on 30 June Let's catch up on the latest news from the ",2025-06-30,0.9977,Positive,0.119,0.025,0.856,2,True,"renewable, green energy",,2026-10-04
BHARTIARTL,Bharti Airtel,"Stocks to Watch Today: Wipro, Axis Bank, LTIMindtree, Indian Hotels, Lupin, Tracxn Tech, Capital SFB, Veranda Learning, IndoStar in focus on 18 July Let's catch up on the latest news from the stock ma",2025-07-18,0.9991,Positive,0.119,0.013,0.868,1,True,labor,,2026-10-04
BHARTIARTL,Bharti Airtel,"Goldman Sachs bucks the industry trend with booming India P-note business While the broader market for India's participatory notes (P-notes) continues its steady decline, US investment banking giant G",2025-07-16,0.9968,Positive,0.113,0.007,0.879,1,True,environment,,2026-10-04
BHARTIARTL,Bharti Airtel,"Stocks to Watch Today: TCS, Cryogenic OGS, Embassy REIT, Indosolar, Enviro Infra Engineers, Emcure Pharma, HCL Technologies, Crizac in focus on 10 July Let's catch up on the latest news from the stock",2025-07-10,0.9966,Positive,0.114,0.012,0.874,2,True,"renewable, labor",,2026-10-04
BHARTIARTL,Bharti Airtel,"Stocks to Watch Today: Bharti Airtel, Kfin Technologies, Nazara Tech, Dabur, Blue Star, Voltas, Symphony, United Breweries, Coal India in focus on 8 May Let's catch up on the latest news from the stoc",2025-05-08,0.9978,Positive,0.117,0.019,0.864,1,True,renewable,,2026-10-04
BHARTIARTL,Bharti Airtel,"Stocks to Watch Today: PB Fintech, Allied Blenders, LIC Housing, Bharti Airtel, Abbott India, Rail Vikas Nigam, Infosys, JSW Energy in focus on 16 May Let's catch up on the latest news from the stock ",2025-05-16,0.9989,Positive,0.117,0.016,0.866,1,True,labor,,2026-10-04
BHARTIARTL,Bharti Airtel,"Stocks to Watch Today: NTPC, JSW Steel, JK Cement, Ashoka Buildcon, GNFC, Paytm, Eternal, Zydus Life, Nibe, Havells India in focus on 26 May Let's catch up on the latest news from the stock market. Fr",2025-05-26,0.9992,Positive,0.127,0.012,0.861,1,True,sustainability,,2026-10-04
BHARTIARTL,Bharti Airtel,"Stocks to Watch Today: TCS, PB Fintech, Bharti Airtel, Rail Vikas Nigam, Kaynes Technology, Godrej Agrovet in focus on 12 March Let's catch up on the latest news from the stock market. From significan",2025-03-12,0.997,Positive,0.11,0.024,0.866,3,True,"renewable, green energy, violation",,2026-10-04
BHARTIARTL,Bharti Airtel,"Airtel to offer free 1-year Perplexity Pro subscription to its customers Artificial intelligence (AI)-powered answer engine Perplexity is offering a one-year free subscription to its premium tier, Per",2025-07-17,0.9981,Positive,0.152,0.014,0.835,1,True,labor,,2026-10-04
BHARTIARTL,Bharti Airtel,"Stocks to Watch Today: HDB Financial, Hero MotoCorp, Sambhv Steel, Lupin, JSW Energy, Asian Paints, RITES, Paras Defence, Maruti Suzuki in focus on 2 July Let's catch up on the latest news from the st",2025-07-02,0.9987,Positive,0.114,0.025,0.861,1,True,penalty,,2026-10-04
BHARTIARTL,Bharti Airtel,"Stocks to Watch Today: IndusInd Bank, Hitachi Energy, NTPC, Syngene, MSTC, HEG, Anupam Rasayan, Nectar Life, Indoco Remedies in focus on 11 March Let's catch up on the latest news from the stock marke",2025-03-11,0.9984,Positive,0.112,0.014,0.875,3,True,"renewable, green energy, compliance",,2026-10-04
BHARTIARTL,Bharti Airtel,"Airtel Partners with Perplexity, Offers Free Perplexity Pro Subscription   Bharti Airtel has partnered with Perplexity to provide a complimentary 12-month subscription to Perplexity Pro for its 360 mi",2025-07-17,0.9877,Positive,0.12,0.012,0.869,1,True,labor,,2026-10-04
BHARTIARTL,Bharti Airtel,"Bharti Airtel shares gain marginally in Wednesday's session Shares of Bharti Airtel were trading at Rs 1,936.20 on the NSE, up 0.10% from the previous close, at 9:20 am.    Financial snapshot:    Bhar",2025-07-16,0.9874,Positive,0.105,0.011,0.884,1,True,compliance,,2026-10-04
BHARTIARTL,Bharti Airtel,"Trade Spotlight: How should you trade Fortis Healthcare, Bharti Airtel, Piramal Enterprises, Naukri, Godrej Agrovet, Chalet Hotels and others on July 24? Equity benchmark indices bounced back on July ",2025-07-23,0.9975,Positive,0.112,0.022,0.866,1,True,labor,,2026-10-04
BHARTIARTL,Bharti Airtel,"Stocks to Watch Today: NSDL, Sri Lotus Developers, Bharti Airtel, Britannia, Lupin, Prestige Estates, EIH, Gland Pharma, HG Infra in focus on 6 August Let's catch up on the latest news from the stock ",2025-08-06,0.9982,Positive,0.112,0.007,0.881,1,True,labor,,2026-10-04
BHARTIARTL,Bharti Airtel,"Stocks to Watch Today: KPI Green, Tata Power, Adani Green, Airtel, Waaree Energies, UltraTech Cement, Ceigall India, Mastek in focus on 27 February Let's catch up on the latest news from the stock mar",2025-02-27,0.9979,Positive,0.083,0.016,0.901,6,True,"renewable, environment, green energy, labor, penalty, violation",,2026-10-04
BHARTIARTL,Bharti Airtel,"Stocks to Watch Today: Bharti Airtel, ABB India, Paytm, KIMS, Zomato, Gabriel India, Thomas Cook in focus on 18 February Let's catch up on the latest news from the stock market. From significant inves",2025-02-18,0.9974,Positive,0.107,0.017,0.876,3,True,"green energy, labor, inclusion",,2026-10-04
BHARTIARTL,Bharti Airtel,"Stocks to Watch Today: Paytm, Aurobindo Pharma, Aditya Infotech, DLF, Siemens Energy, Inox India, Godfrey Phillips, Azad Engineering in focus on 5 August Let's catch up on the latest news from the sto",2025-08-05,0.9964,Positive,0.105,0.015,0.88,1,True,labor,,2026-10-04
BHARTIARTL,Bharti Airtel,"Stocks to Watch Today: HCL Tech, Ashoka Buildcon, PNC Infratech, Airtel, Bharat Forge, Cyient DLM, M&M Financial, RBL Bank in focus on 23 April Let's catch up on the latest news from the stock market.",2025-04-23,0.9978,Positive,0.113,0.022,0.865,2,True,"carbon, water",,2026-10-04
BHARTIARTL,Bharti Airtel,"Stocks to Watch Today: Titan, Bharti Airtel, Biocon, Cummins, BSE, LIC, KRBL, Metropolis, Kalpataru Projects, Godrej Consumer, Kalyan Jewellers, AU SFB in focus on 8 August Let's catch up on the lates",2025-08-08,0.9986,Positive,0.092,0.015,0.892,2,True,"labor, compliance",,2026-10-04
BHARTIARTL,Bharti Airtel,"Stocks to Watch Today: Bharti Airtel, Tata Motors, Dalmia Bharat Sugar, Metropolis, ITD Cementation, ASK Automotive, Bharti Hexacom in focus on 14 May Let's catch up on the latest news from the stock ",2025-05-14,0.9984,Positive,0.122,0.013,0.866,2,True,"renewable, green energy",,2026-10-04
BHARTIARTL,Bharti Airtel,"SC dismisses Vodafone Idea's plea for waiver of AGR dues; telco's shares tumble 9% The Supreme Court on May 19 dismissed the pleas of telecom majors Vodafone Idea, Airtel and Tata Teleservices seeking",2025-05-19,0.9683,Positive,0.117,0.078,0.806,1,True,penalty,,2026-10-04
BHARTIARTL,Bharti Airtel,"Stocks to Watch Today: Tata Motors, IDFC First Bank, Manappuram Finance, Power Mech Projects, Entero Healthcare, Voltas, Siemens in focus on 11 August Let's catch up on the latest news from the stock ",2025-08-11,0.998,Positive,0.104,0.013,0.883,3,True,"green energy, labor, penalty",,2026-10-04
BHARTIARTL,Bharti Airtel,"Vodafone Idea cautions Centre, can't operate beyond FY26 without support: Sources to CNBC-TV18 Vodafone Idea has cautioned government that it cannot operate beyond the current financial year without i",2025-05-16,0.9607,Positive,0.095,0.057,0.848,1,True,penalty,,2026-10-04
BHARTIARTL,Bharti Airtel,"Indian telcos must monetise 5G first, even as 6G research gains momentum: GSMA chief Telecommunication operators in India and across the world must first realise the full potential of 5G, including th",2025-06-17,0.9999,Positive,0.155,0.022,0.823,5,True,"sustainability, sustainable, environment, labor, safety",,2026-10-04
BHARTIARTL,Bharti Airtel,"Vodafone Idea near day's high on filing fresh SC plea seeking Rs 30,000 crore as AGR relief Vodafone Idea has filed a fresh plea before the Supreme Court seeking further relief regarding the adjusted ",2025-05-15,0.9872,Positive,0.178,0.058,0.764,1,True,penalty,,2026-10-04
BHARTIARTL,Bharti Airtel,"Stocks to Watch Today: Tata Steel, Mahindra Lifespace, Aurobindo, Rail Vikas Nigam, Piramal Pharma, Hexaware in focus on 19 February Let's catch up on the latest news from the stock market. From signi",2025-02-19,0.9939,Positive,0.107,0.034,0.859,2,True,"emission, emissions",,2026-10-04
TEJASNET,Tejas Networks,"Stocks to Watch Today: Axis Bank, Tech Mahindra, L&T Tech, Macrotech Developers, Cyient, IEX, Container Corporation in focus on 25 April Let's catch up on the latest news from the stock market. From s",2025-04-25,0.9973,Positive,0.107,0.025,0.868,1,True,labor,,2026-10-04
TEJASNET,Tejas Networks,"Stocks to Watch Today: Mobikwik, Western Carriers, PB Fintech, Texmaco Rail, Om Infra, JSW Energy, SMS Pharmaceuticals in focus on 26 June Let's catch up on the latest news from the stock market. From",2025-06-26,0.999,Positive,0.114,0.016,0.869,2,True,"environment, labor",,2026-10-04
TEJASNET,Tejas Networks,"Stocks to Watch Today: Reliance Industries, IDFC First Bank, Tata Tech, Tejas Networks, India Cements, IGL, Biocon, Zydus Life in focus on 28 April Let's catch up on the latest news from the stock mar",2025-04-28,0.9989,Positive,0.102,0.013,0.886,1,True,green energy,,2026-10-04
TEJASNET,Tejas Networks,"Stocks to Watch Today: Zydus Lifesciences, Tata Elxsi, Abbott India, ESAF Small Finance Bank, Siemens Energy, Aegis Vopak, IKS Health, Vodafone in focus on 19 June Let's catch up on the latest news fr",2025-06-19,0.9943,Positive,0.095,0.015,0.89,3,True,"carbon, renewable, safety",,2026-10-04
TEJASNET,Tejas Networks,"Stocks to Watch Today: IREDA, Bajaj Finserv, Ashoka Buildcon, Praj Industries, JSW Energy, Coal India, Imagicaaworld Entertainment, 3B Films in focus on 6 June Let's catch up on the latest news from t",2025-06-06,0.9985,Positive,0.111,0.01,0.879,3,True,"water, renewable, green energy",,2026-10-04
TEJASNET,Tejas Networks,"Stocks to Watch Today: DMart, NCC, Kolte Patil, VIP Industries, Sula Vineyards, Wockhardt, Akzo Nobel, Gland Pharma, Travel Food Services in focus on 14 July Let's catch up on the latest news from the",2025-07-14,0.998,Positive,0.107,0.012,0.881,1,True,compliance,,2026-10-04
TEJASNET,Tejas Networks,"Stocks to Watch Today: IndusInd Bank, Brigade, Maharashtra Seamless, GR Infraprojects, Shilpa Medicare, Alkem Labs, KEC International in focus on 17 March Let's catch up on the latest news from the st",2025-03-17,0.9978,Positive,0.096,0.015,0.889,2,True,"labor, compliance",,2026-10-04
REDINGTON,Redington,"Stocks to Watch Today: Emcure Pharma, Bajaj Finance, Bandhan Bank, Marico, Sterling Powergensys, Piramal Pharma, Godavari Biorefineries in focus on 4 July Let's catch up on the latest news from the st",2025-07-04,0.9976,Positive,0.084,0.027,0.889,1,True,penalty,,2026-10-04
REDINGTON,Redington,"Stocks to Watch Today: NCC, Welspun Enterprises, Waaree Renewable, Prism Johnson, SIS, Ashoka Buildcon, Advait Energy Transitions in focus on 26 March Let's catch up on the latest news from the stock ",2025-03-26,0.9991,Positive,0.104,0.011,0.884,4,True,"water, renewable, green energy, labor",,2026-10-04
HCL-INFO,HCL Infosystems,"Stocks to Watch Today: Lupin, Tata Power, Nazara Tech, Shilpa Medicare, GMR Airports, IRB Infra, Railtel, Shyam Metalics in focus on 10 March Let's catch up on the latest news from the stock market. F",2025-03-10,0.9989,Positive,0.111,0.016,0.873,3,True,"renewable, sustainable, net zero",,2026-10-04
MAZDOCK,Mazagon Dock Shipbuilders,"Stocks to Watch Today: Bajaj Auto, Ipca Labs, Mazagon Dock, Lemon Tree Hotels, Suzlon Energy, NBCC, Ola Electric, Sobha in focus on 30 May Let's catch up on the latest news from the stock market. From",2025-05-30,0.9982,Positive,0.129,0.013,0.858,2,True,"renewable, labor",,2026-10-04
MAZDOCK,Mazagon Dock Shipbuilders,"Stocks to Watch Today: Kotak Bank, CDSL, Balkrishna Ind, Orient Cement, Tata Chemicals, Poonawalla Fincorp, VA Tech Wabag, RITES in focus on 28 July Let's catch up on the latest news from the stock ma",2025-07-28,0.9992,Positive,0.119,0.022,0.859,4,True,"waste, water, green energy, labor",,2026-10-04
MAZDOCK,Mazagon Dock Shipbuilders,"Stocks to Watch Today: Tata Motors, Paytm, TVS Motor, NLC India, Piramal Enterprises, International Gemmological Institute, M&M in focus on 3 March Let's catch up on the latest news from the stock mar",2025-03-03,0.9982,Positive,0.079,0.017,0.904,1,True,penalty,,2026-10-04
MAZDOCK,Mazagon Dock Shipbuilders,"Stocks to Watch Today: ITC, Hindustan Aeronautics, NCC, EIL, HBL Engineering, Power Mech Projects, Prestige Estates, Desco Infratech in focus on 1 April Let's catch up on the latest news from the stoc",2025-04-01,0.9998,Positive,0.128,0.013,0.859,4,True,"water, renewable, environment, penalty",,2026-10-04
MAZDOCK,Mazagon Dock Shipbuilders,"Stocks to Watch Today: HDFC Bank, Mazagon Dock, DMart, Adani Wilmar, Bajaj Finance, Surya Roshni, Alivus Life, Paras Defence in focus on 4 April Let's catch up on the latest news from the stock market",2025-04-04,0.9981,Positive,0.087,0.011,0.903,2,True,"environment, labor",,2026-10-04
MAZDOCK,Mazagon Dock Shipbuilders,"Stocks to Watch Today: IndusInd Bank, Waaree Energies, NTPC Green, KEC, Torrent Pharma, PNC Infra, RPSG Ventures, Monarch Surveyors in focus on 29 July Let's catch up on the latest news from the stock",2025-07-29,0.9983,Positive,0.118,0.019,0.863,1,True,green energy,,2026-10-04
MAZDOCK,Mazagon Dock Shipbuilders,"Stocks to Watch Today: IndusInd Bank , Adani Total Gas, MGL, Oil India, Vedanta, Aster DM Healthcare, IREDA, ICICI Prudential Life in focus on 16 April Let's catch up on the latest news from the stock",2025-04-16,0.9972,Positive,0.092,0.027,0.88,3,True,"carbon, water, renewable",,2026-10-04
MAZDOCK,Mazagon Dock Shipbuilders,"Stocks to Watch Today: Tata Steel, Yes Bank, Godrej Properties, AstraZeneca Pharma, IndusInd Bank, Nykaa, Bajaj Housing Finance in focus on 7 April Let's catch up on the latest news from the stock mar",2025-04-07,0.9975,Positive,0.116,0.028,0.856,1,True,green energy,,2026-10-04
MAZDOCK,Mazagon Dock Shipbuilders,Why defence stocks are firing – three catalysts and a warning shot Defense stocks are on a warpath—surging up to 30% in just a week and more than 100% from their recent lows. But is this just a tactic,2025-03-24,0.9991,Positive,0.179,0.063,0.757,2,True,"renewable, climate, environment",stock price,2026-10-04
TITAN,Titan Company,"Stocks to Watch Today: Titan Company, Bharat Electronics, KPI Green Energy, M&M, Brigade Enterprises, Lemon Tree Hotels in focus on 8 April Let's catch up on the latest news from the stock market. Fro",2025-04-08,0.9952,Positive,0.123,0.018,0.859,1,True,green energy,,2026-10-04
TITAN,Titan Company,"Stocks to Watch Today: Bharti Airtel, Kfin Technologies, Nazara Tech, Dabur, Blue Star, Voltas, Symphony, United Breweries, Coal India in focus on 8 May Let's catch up on the latest news from the stoc",2025-05-08,0.9978,Positive,0.117,0.019,0.864,1,True,renewable,,2026-10-04
TITAN,Titan Company,"Stocks to Watch Today: Larsen and Toubro, Britannia, Titan, Venus Pipes, Paytm, Suzlon, Lupin, Union Bank, Kalyan Jewellers in focus on 9 May Let's catch up on the latest news from the stock market. F",2025-05-09,0.9987,Positive,0.117,0.017,0.866,2,True,"renewable, labor",,2026-10-04
TITAN,Titan Company,"Titan Co. Details June 2025 Investor Meeting Schedule       Titan Company Limited, a prominent Tata Group entity and a leader in India's lifestyle segment, has formally announced its schedule for anal",2025-06-13,0.9983,Positive,0.122,0.024,0.854,1,True,"governance, compliance",stock price,2026-10-04
TITAN,Titan Company,"Stocks to Watch Today: ABB India, Dilip Buildcon, ITC, Railtel Corp, Hero MotoCorp, Delhivery, MCX, Muthoot Capital, Harsha Engineers in focus on 4 August Let's catch up on the latest news from the st",2025-08-04,0.9977,Positive,0.1,0.013,0.887,1,True,labor,,2026-10-04
TITAN,Titan Company,"Stocks to Watch Today: Titan, Bharti Airtel, Biocon, Cummins, BSE, LIC, KRBL, Metropolis, Kalpataru Projects, Godrej Consumer, Kalyan Jewellers, AU SFB in focus on 8 August Let's catch up on the lates",2025-08-08,0.9986,Positive,0.092,0.015,0.892,2,True,"labor, compliance",,2026-10-04
TITAN,Titan Company,Gensol and BluSmart promoter Anmol Singh Jaggi diverted EV loans to purchase a DLF Camellias flat: SEBI Gensol Engineering Ltd promoters Anmol and Puneet Singh Jaggi allegedly diverted loans meant for,2025-04-16,0.9022,Positive,0.025,0.006,0.969,1,True,governance,,2026-10-04
TITAN,Titan Company,"Hindustan Zinc looking at rare earth opportunity; mining auction process needs reform, says CEO Both Hindustan Zinc and Vedanta at the group level are looking at opportunities to bid for and develop m",2025-06-10,0.2613,Positive,0.038,0.032,0.93,1,True,carbon,,2026-10-04
TITAN,Titan Company,"Goldman Sachs' top 10 India picks: HDFC Bank, Titan, M&M among key bets Global broking house Goldman Sachs selected 10 domestic stocks to bet on for strong returns amid tailwinds and increased growth ",2025-03-26,0.9992,Positive,0.216,0.006,0.778,1,True,"renewable, sustainable",brokerage,2026-10-04
TITAN,Titan Company,"Stocks to Watch Today: Clean Science, Shanti Gold, India Cements, RailTel, Jupiter Wagons, V-Guard, Fortis, Innova Captab, Poly Medicure in focus on 21 August Let's catch up on the latest news from th",2025-08-21,0.9985,Positive,0.104,0.013,0.883,5,True,"water, renewable, labor, governance, csr",,2026-10-04
